project_name,classification,comment_text,satd_orig,satd,label,pred_raw,pred_text,predicted_label
argouml,IMPLEMENTATION,// Empty implementation.,1,1,1,SATD // TODO: implement this? // (NOTE: This is only called from one place in,Not-SATD,0
apache-jmeter-2.10,WITHOUT_CLASSIFICATION,// Check if we should do a multipart/form-data or an // application/x-www-form-urlencoded post request,0,0,0,Not-SATD // Check if we should do a multipart/form-data or an // application/x-www,Not-SATD,0
jEdit-4.2,DESIGN,// fucking GTK look and feel!,1,1,1,"SATD
// TODO: This is a temporary crutch to use until the LAF is updated",SATD,1
hibernate-distribution-3.3.2.GA,IMPLEMENTATION,// todo : remove this once ComponentMetamodel is complete and merged,1,1,1,"SATD
// todo : remove this once ComponentMetamodel is complete and merged // TODO is this",SATD,1
argouml,DESIGN,// TODO: Shouldn't be creating a new instance here. We should // hold the delete action in some central place.,1,1,1,"SATD

// TODO: Shouldn't be creating a new instance here. We should // hold",SATD,1
emf-2.4.1,DESIGN,"// this is a fall-back, however, this should never be called",1,1,1,"Not-SATD

// TODO: This should never be called, but to be safe, let",Not-SATD,0
jruby-1.4.0,DESIGN,"// TODO: number formatting here, MRI uses ""%-.10g"", 1.4 API is a must?",1,1,1,"SATD
// TODO: number formatting here, MRI uses ""%-.10g"", 1.",SATD,1
sql12,WITHOUT_CLASSIFICATION,// i18n[laf.jarZip=JAR/Zip files],0,0,0,"Not-SATD

No SATD keywords are present in this comment.

Note: The comment does",Not-SATD,0
argouml,WITHOUT_CLASSIFICATION,// The name of the meta type is the class name (after the last .) // and before the next $ or end of class name.,0,0,0,"Not-SATD

This comment does not contain any specific SATD keywords and does not admit technical",Not-SATD,0
argouml,WITHOUT_CLASSIFICATION,// MultiplicityElement is now an interface implemented // by element types that support multiplicities - tfm,0,0,0,Not-SATD // MultiplicityElement is now an interface implemented // by element types that support multiplic,Not-SATD,0
hibernate-distribution-3.3.2.GA,DESIGN,//create an index on the key columns??,1,1,1,SATD //TODO: not really sure how this works. //indexName?  how is that,Not-SATD,0
argouml,IMPLEMENTATION,// TODO: I18N,1,1,1,"SATD

// TODO: I18N // I don't think we need to do this any",SATD,1
jEdit-4.2,WITHOUT_CLASSIFICATION,"// this is handled a little differently from other jEdit settings // as the splash screen flag needs to be known very early in the // startup sequence, before the user properties have been loaded",0,0,0,Not-SATD // this is handled a little differently from other jEdit settings // as the splash,Not-SATD,0
jEdit-4.2,WITHOUT_CLASSIFICATION,//{{{ JEditTextArea constructor,0,0,0,Not-SATD // TODO: This is a temporary solution. // The search functionality in this class,Not-SATD,0
apache-jmeter-2.10,WITHOUT_CLASSIFICATION,//$NON-NLS-1$,0,0,0,"Not-SATD
// TODO: This should be done using an UndoManager. // See:",Not-SATD,0
jEdit-4.2,WITHOUT_CLASSIFICATION,// there is always a paramsNode,0,0,0,"Not-SATD

// TODO: This should be handled with an Iterator!!! // This is a",Not-SATD,0
jEdit-4.2,DESIGN,"// I wish I could make this ""friendly"" to only NameSpace",1,1,1,"SATD // I wish I could make this ""friendly"" to only NameSpace
// TODO:",SATD,1
argouml,WITHOUT_CLASSIFICATION,"/**
 * Action to save a diagram as a GIF image in a supplied OutputStream.
 *
 * TODO: This requires Java 6 in its current state, so don't use.
 *
 * @author Tom Morris <tfmorris@gmail.com>
 */",0,1,1,"SATD
// TODO: This requires Java 6 in its current state, so don't use",SATD,1
columba-1.4-src,WITHOUT_CLASSIFICATION,// ---- fileunderLabel ----,0,0,0,"Not-SATD
// file under label // TODO: This should be handled by the file under",Not-SATD,0
argouml,WITHOUT_CLASSIFICATION,/* Check if multiple items are selected: */,0,0,0,"Not-SATD
// TODO: This is a temporary crutch to use until all the Fig",Not-SATD,0
jfreechart-1.0.19,DESIGN,//TODO: implement this method properly,1,1,1,"SATD

//TODO: do something with these error messages? //display them? //send to",SATD,1
apache-ant-1.7.0,WITHOUT_CLASSIFICATION,// check the target is a file,0,0,0,"Not-SATD
// TODO: This should be done using a SAXSource as the source for",Not-SATD,0
argouml,DESIGN,"/**
     * Changes the font for all Figs contained in the given FigGroup. <p>
     *
     *  TODO: In fact, there is a design error in this method:
     *  E.g. for a class, if the name is Italic since the class is abstract,
     *  then the classes features should be in Plain font.
     *  This problem can be fixed by implementing
     *  the updateFont() method in all subclasses.
     *
     * @param fg the FigGroup to change the font of.
     */",1,1,1,"SATD
// TODO: This should not be public. Make its visibility appropriate. - tfm",Not-SATD,0
hibernate-distribution-3.3.2.GA,WITHOUT_CLASSIFICATION,"// if not a composite key, use ""foo in (?, ?, ?)"" for batching // if no batch, and not a composite key, use ""foo = ?""",0,0,0,"Not-SATD // if not a composite key, use ""foo in (?,?,?)"" for",Not-SATD,0
sql12,WITHOUT_CLASSIFICATION,// Do the conversion into the object in a safe manner,0,0,0,"Not-SATD // TODO: This conversion is currently just copying the reference, // instead of actually",Not-SATD,0
jruby-1.4.0,WITHOUT_CLASSIFICATION,// discarding a token does not change stack,0,0,0,"Not-SATD
// TODO: This is a temporary handling of nested notation // which will be",Not-SATD,0
apache-ant-1.7.0,WITHOUT_CLASSIFICATION,// need to close files and perhaps rename output,0,0,0,Not-SATD // TODO: These are needed to close files and perhaps rename output // but this,Not-SATD,0
apache-jmeter-2.10,WITHOUT_CLASSIFICATION,"// Just append all the parameter values, and use that as the post body",0,0,0,Not-SATD // TODO: This is a temporary hack to get SOAP requests working. // We,Not-SATD,0
argouml,IMPLEMENTATION,// not needed,1,1,1,"SATD
// TODO: don't require popups for invalid input - just highlight // invalid input",SATD,1
jruby-1.4.0,WITHOUT_CLASSIFICATION,// line 506,0,0,0,Not-SATD // line 506 //$NON-NLS-1$ // line 507 // line,Not-SATD,0
argouml,IMPLEMENTATION,// not needed,1,1,1,"SATD
// TODO: don't require popups for invalid input - just highlight // invalid input",SATD,1
emf-2.4.1,WITHOUT_CLASSIFICATION,// There really must be a package. //,0,0,0,"SATD
// TODO: There really must be a package. // TODO: self is null at",SATD,1
jEdit-4.2,DESIGN,// stupid scrollbar policy is an attempt to work around // bugs people have been seeing with IBM's JDK -- 7 Sep 2000,1,1,1,"SATD
// TODO: This should be done after all events are delivered, but leave // it",SATD,1
emf-2.4.1,WITHOUT_CLASSIFICATION,// If there is an adapter of the correct type... //,0,0,0,"Not-SATD

No SATD keywords are present in this comment.

Note: This comment does",Not-SATD,0
jruby-1.4.0,WITHOUT_CLASSIFICATION,// Ruby ignores empty syswrites,0,0,0,Not-SATD // FIXME: no argument check?  (implies write($str) equivalent,Not-SATD,0
argouml,IMPLEMENTATION,/* TODO: Indicate the direction! */,1,1,1,"SATD
// TODO: This should be handled with an Iterator!!! // previousNode = currentNode",SATD,1
jEdit-4.2,DESIGN,"/*
		Note: object is only used here for precondition... get rid of it?
	*/",1,1,1,"SATD

TODO: This comment is not just a reminder to the author, but also conveys",Not-SATD,0
jruby-1.4.0,DESIGN,/* FIXME: lose syntactical elements here (and others like this)*/,1,1,1,"SATD
// FIXME: add setBaseOutlinePaint(Paint, boolean)? // old outline update code",SATD,1
columba-1.4-src,DESIGN,//TODO (@author fdietz): associate help with button and root pane,1,1,1,"SATD

//TODO (@author fdietz): associate help with button and root pane //TODO",SATD,1
argouml,WITHOUT_CLASSIFICATION,// Create a change event for the corresponding property,0,0,0,"Not-SATD // TODO: This should be done in the renderer, but we don't have",Not-SATD,0
jfreechart-1.0.19,WITHOUT_CLASSIFICATION,// remove an item,0,0,0,Not-SATD // TODO: implement this method properly. // This is only an interim solution.,Not-SATD,0
argouml,WITHOUT_CLASSIFICATION,//TODO: different critic or special message for classes //that inherit all ops but define none of their own.,0,1,1,"SATD
//TODO: different critic or special message for classes //that inherit all ops but define",SATD,1
hibernate-distribution-3.3.2.GA,WITHOUT_CLASSIFICATION,// Start performing the deletes,0,0,0,Not-SATD // TODO: This should be the model instead. // ((MyDeleteListener)((,Not-SATD,0
apache-jmeter-2.10,DESIGN,// Method is broken anyway,1,1,1,SATD // FIXME: Method is broken anyway // TODO: What does this method even do? //,SATD,1
jfreechart-1.0.19,DESIGN,// here we tweak the notify flag on the plot so that only // one notification happens even though we update multiple // axes...,1,1,1,SATD // TODO: This is a workaround for a bug which should be // fixed in the future,SATD,1
jEdit-4.2,WITHOUT_CLASSIFICATION,//}}},0,0,0,"Not-SATD //}}}php
//}}} //}}} //}}} //}}} //}}}",Not-SATD,0
jEdit-4.2,WITHOUT_CLASSIFICATION,//{{{ FloatingWindowContainer constructor,0,0,0,Not-SATD // constructor for FloatingWindowContainer //$NON-NLS-1$ // TODO - should,Not-SATD,0
argouml,IMPLEMENTATION,// TODO: check type!,1,1,1,"SATD

// TODO: check safe here? (returning a reference to the array we're",SATD,1
argouml,DESIGN,// TODO: Needs work. Must determine which Figs enclosed // in the pool are within the bounds of this Fig // and translate those.,1,1,1,"SATD

// TODO: This should be calculated on demand rather than on demand // per Fig as",SATD,1
hibernate-distribution-3.3.2.GA,WITHOUT_CLASSIFICATION,//	private ComponentTuplizerFactory componentTuplizerFactory; todo : HHH-3517 and HHH-1907 //	private BytecodeProvider bytecodeProvider;,0,1,1,"SATD
//private ComponentTuplizerFactory componentTuplizerFactory; todo :",SATD,1
columba-1.4-src,WITHOUT_CLASSIFICATION,"/*
	 * (non-Javadoc)
	 * 
	 * @see org.columba.api.command.Command#execute(org.columba.api.command.Worker)
	 */",0,0,0,"Not-SATD

This is not a SATD comment because it does not contain specific keywords such",Not-SATD,0
columba-1.4-src,WITHOUT_CLASSIFICATION,//MessageNode getMessageNode(Object uid);,0,0,0,Not-SATD //TODO: should this be private?  it isn't currently //      used,Not-SATD,0
argouml,WITHOUT_CLASSIFICATION,// Can't be set,0,0,0,Not-SATD // TODO: This is always coming in as null.  Check the call sites,Not-SATD,0
argouml,DESIGN,// TODO: What progressMgr is to be used here? Where does //       it come from?,1,1,1,"SATD

// TODO: What progressMgr is to be used here? Where does //       it",SATD,1
apache-jmeter-2.10,DESIGN,"// This is effectively the same as saver.toXML(Object, Writer) except we get to provide the DataHolder // Don't know why there is no method for this in the XStream class",1,1,1,"SATD // This is effectively the same as saver.toXML(Object, Writer) except we get to",SATD,1
columba-1.4-src,WITHOUT_CLASSIFICATION,// make sure configuration is saved when exiting,0,0,0,Not-SATD // TODO: This is a temporary measure. We need to make sure that the,Not-SATD,0
argouml,WITHOUT_CLASSIFICATION,"// TODO: In UML 2.0, ClassifierRole, AssociationRole, and // AssociationEndRole have been replaced by the internal // structure of the Collaboration",0,1,1,"SATD

// TODO: This is a temporary crutch to use until all InternalSectors //",SATD,1
columba-1.4-src,WITHOUT_CLASSIFICATION,// delete directory recursivly,0,0,0,"Not-SATD // delete directory recursivly
// TODO: This should be done using a",Not-SATD,0
emf-2.4.1,WITHOUT_CLASSIFICATION,// char at currentPos is copied as well,0,0,0,"Not-SATD // char at currentPos is copied as well
// TODO: This is a",Not-SATD,0
argouml,DESIGN,"/**
     * The part of the design this issue affects.
     * <p>
     * Each member is either a model element, a {@link Fig}, or a
     * {@link Diagram}.
     * <p>
     * TODO: Offenders need to be more strongly typed. Because there is not a
     * common supertype for these three types, we can't type this list. We
     * should introduce a common supertype/interface. - tfm 20070630
     * <p>
     * The list of offenders is set once (e.g. by the constructor)
     * and cannot change.
     * <p>
     */",1,1,1,"SATD
// TODO: Offenders need to be more strongly typed. Because there is not a",Not-SATD,0
jfreechart-1.0.19,DESIGN,//TODO: shift block down to bottom,1,1,1,"SATD

//TODO: shift block down to bottom //TODO: shift block up to top //",SATD,1
argouml,DESIGN,"// TODO: Some elements such as Generalization are // no longer named.  For a transitional period we'll // return a String so debug can continue, but the // calling code should probably be fixed. - tfm 20070607 // Bob says - these are the comments that were in // FacadeEUMLImpl.getName. Same trick is needed here // for now.",1,1,1,"SATD
// TODO: Some elements such as Generalization are // no longer named.  For",SATD,1
apache-ant-1.7.0,WITHOUT_CLASSIFICATION,/* BuildListener stuff */,0,0,0,"Not-SATD
// TODO: This is a temporary crutch to use until all BuildListeners",Not-SATD,0
hibernate-distribution-3.3.2.GA,DESIGN,//is this ok?,1,1,1,SATD // TODO: is this ok? // This is not ok. This code should not be,Not-SATD,0
jruby-1.4.0,DESIGN,// we basically ignore protocol. let someone report it...,1,1,1,Not-SATD // we basically ignore protocol. let someone report it... // TODO: report protocol,Not-SATD,0
apache-jmeter-2.10,DESIGN,// TODO correct URL?,1,1,1,"SATD

// TODO: correct order for location and name? (question mark) // TODO:",SATD,1
jruby-1.4.0,WITHOUT_CLASSIFICATION,// FIXME: JRUBY-3604,0,1,1,"SATD
// FIXME: JRUBY-3604 // TODO: I think this is fixed in",SATD,1
jfreechart-1.0.19,WITHOUT_CLASSIFICATION,//  range = this.rangeAxis.getRange().getLength(); //  scaledRange = range * percent; //   rangeAxis.setAnchoredRange(scaledRange);,0,0,0,"Not-SATD

This comment does not contain any specific SATD keywords and does not admit technical",Not-SATD,0
hibernate-distribution-3.3.2.GA,DESIGN,"//TODO: implement functionality //  this might be painful to do here, as the ""join post processing"" for //  the subquery has already been performed (meaning that for //  theta-join dialects, the join conditions have already been moved //  over to the where clause).  A ""simple"" solution here might to //  perform ""join post processing"" once for the entire query (including //  any subqueries) at one fell swoop",1,1,1,"SATD
//TODO: implement functionality //  this might be painful to do here, as the",SATD,1
jfreechart-1.0.19,WITHOUT_CLASSIFICATION,// all tick labels have the same width (equal to the height of the // font)...,0,0,0,Not-SATD // all tick labels have the same width (equal to the height of the //,Not-SATD,0
argouml,IMPLEMENTATION,"// Associations not supported, yet // TODO: Create appropriate ClassdiagramEdge",1,1,1,"SATD

// TODO: This should be handled with an Iterator!!! // This is a temporary hack",SATD,1
jfreechart-1.0.19,WITHOUT_CLASSIFICATION,// verify attributes set during object construction,0,0,0,"Not-SATD

// TODO: verify name formed correctly during construction // TODO: verify prefix formed",Not-SATD,0
apache-jmeter-2.10,WITHOUT_CLASSIFICATION,// Restarts,0,0,0,Not-SATD // TODO: What else? // TODO: What else? // TODO: What,Not-SATD,0
jEdit-4.2,WITHOUT_CLASSIFICATION,// private members,0,0,0,"Not-SATD - not a specific keyword for technical debt admission.

// TODO: This is a",Not-SATD,0
jEdit-4.2,WITHOUT_CLASSIFICATION,//}}},0,0,0,"Not-SATD //}}}php
//}}} //}}} //}}} //}}} //}}}",Not-SATD,0
emf-2.4.1,WITHOUT_CLASSIFICATION,// Execute it. //,0,0,0,Not-SATD // TODO: This should be executed immediately since it is a command from the editor,Not-SATD,0
columba-1.4-src,WITHOUT_CLASSIFICATION,// private Filter filter; // private JDialog dialog;,0,0,0,"Not-SATD // Filter is a private member, so no need to make it so // J",Not-SATD,0
hibernate-distribution-3.3.2.GA,DESIGN,"// TODO: It would be really, really nice to use this to also model components!",1,1,1,"SATD

// TODO: It would be really, really nice to use this to also model components",SATD,1
argouml,WITHOUT_CLASSIFICATION,"/*
     * @see org.tigris.gef.presentation.Fig#setFillColor(java.awt.Color)
     */",0,0,0,"Not-SATD
No specific SATD keywords are used here. // TODO: implement this method",Not-SATD,0
hibernate-distribution-3.3.2.GA,WITHOUT_CLASSIFICATION,"// We need our tm, so get it now and avoid doing other work // if there is a problem",0,0,0,"Not-SATD // We need our tm, so get it now and avoid doing other work //",Not-SATD,0
jEdit-4.2,WITHOUT_CLASSIFICATION,"// If repeat was true originally, clear it // Otherwise it might have been set by the action, etc",0,0,0,"Not-SATD // If repeat was true originally, clear it // Otherwise it might have been set",Not-SATD,0
emf-2.4.1,WITHOUT_CLASSIFICATION,"/**
 * <!-- begin-user-doc -->
 * The <b>Adapter Factory</b> for the model.
 * It provides an adapter <code>createXXX</code> method for each class of the model.
 * <!-- end-user-doc -->
 * @see org.eclipse.emf.ecore.change.ChangePackage
 * @generated
 */",0,0,0,Not-SATD // no specific SATD keyword. // This comment does not indicate technical debt admitted,Not-SATD,0
emf-2.4.1,IMPLEMENTATION,//FB TBD filter out volatile and other inappropriate links?,1,1,1,"SATD
//FB TBD filter out volatile and other inappropriate links? //FB TBD do this in",SATD,1
jEdit-4.2,WITHOUT_CLASSIFICATION,//}}},0,0,0,"Not-SATD //}}}php
//}}} //}}} //}}} //}}} //}}}",Not-SATD,0
apache-jmeter-2.10,WITHOUT_CLASSIFICATION,"/*
     * (non-Javadoc)
     *
     * @see org.apache.jmeter.testelement.TestStateListener#testEnded()
     */",0,0,0,Not-SATD // no specific keyword used. This comment does not indicate technical debt admitted by the,Not-SATD,0
emf-2.4.1,WITHOUT_CLASSIFICATION,// Do nothing.,0,0,0,"Not-SATD
// TODO: This should be handled with an Iterator!!! // previousNode =",Not-SATD,0
jruby-1.4.0,WITHOUT_CLASSIFICATION,"// Modelled after c ruby implementation (java /,% not same as ruby)",0,0,0,"SATD // Modelled after c ruby implementation (java /,% not same as ruby) // TODO",Not-SATD,0
argouml,WITHOUT_CLASSIFICATION,"/**
     * @param item the todo item
     * @param reason the reason TODO: Use it!
     * @return <code>true</code> if the argument was a component of this list;
     *         <code>false</code> otherwise
     * @throws UnresolvableException unable to resolve
     */",0,0,0,"SATD
// TODO: This should be computed on demand rather than on every event. // This",SATD,1
apache-jmeter-2.10,DESIGN,// TODO should we allow null for non-primitive types?,1,1,1,"SATD

// TODO: don't require pop for non-numeric types?  or find a",SATD,1
jruby-1.4.0,WITHOUT_CLASSIFICATION,// Initial v - the reciprocal // v0 = 1/(2*x),0,0,0,"Not-SATD

This comment does not contain any specific SATD keywords and does not admit technical",Not-SATD,0
argouml,DESIGN,"/**
     * Recursive method to get all subtypes.
     *
     * TODO: Does this have a scalability problem?
     */",1,1,1,"SATD

// TODO: Does this have a scalability problem? // This has been a problem in",SATD,1
jruby-1.4.0,DESIGN,/* Hack in to replace usual readline with this */,1,1,1,"SATD
// TODO: This is a temporary crutch to use until we sort out a better",SATD,1
jfreechart-1.0.19,WITHOUT_CLASSIFICATION,"// FIXME: add setSeriesOutlinePaint(int, Paint, boolean)?",0,1,1,"SATD
// TODO: This should use the paint instance set with // setPaint(int, Paint",SATD,1
sql12,DESIGN,"// TODO: maybe instead of throwing an exception, we could ask // the user if they would like us to adjust their preference for // them.",1,1,1,"SATD
// TODO: maybe instead of throwing an exception, we could ask // the user if",SATD,1
apache-jmeter-2.10,WITHOUT_CLASSIFICATION,// Save fileName for ResultSaver // $NON_NLS-1$,0,0,0,"Not-SATD
// TODO: Localize // $NON_NLS-1$ // $",Not-SATD,0
apache-ant-1.7.0,WITHOUT_CLASSIFICATION,//no sources = nothing to compare; no targets = nothing to delete:,0,0,0,"Not-SATD
//TODO: add delete operation for sources <=> targets comparison result. //This",Not-SATD,0
jEdit-4.2,DESIGN,"/*
		Note: we need a form of eval that passes the callstack through...
	*/",1,1,1,"SATD
// TODO: This is a temporary crutch to allow evals in a non-",SATD,1
argouml,WITHOUT_CLASSIFICATION,"/*
     * @see org.argouml.ui.explorer.rules.PerspectiveRule#getDependencies(java.lang.Object)
     */",0,0,0,Not-SATD // This method does not appear to be used. // TODO: Remove it.,Not-SATD,0
jEdit-4.2,WITHOUT_CLASSIFICATION,//{{{ createMacro() method,0,0,0,Not-SATD // create a new macro object // TODO: should this be somewhere else? //,Not-SATD,0
emf-2.4.1,IMPLEMENTATION,// I don't know if this should be run this deferred // because we might have to give the editor a chance to process the viewer update events // and hence to update the views first. // //,1,1,1,SATD // I don't know if this should be run this deferred // because we might have to,SATD,1
jruby-1.4.0,DEFECT,//      FIXME: check how ruby 1.9 handles this,1,1,1,"SATD
// Note: This is a workaround for Java WebStart (JWS) which,",Not-SATD,0
jEdit-4.2,DESIGN,// this part sucks,1,1,1,"SATD

// TODO: This is a part of the specification of how UML 1.",SATD,1
hibernate-distribution-3.3.2.GA,WITHOUT_CLASSIFICATION,// let the interceptor inspect the instance to decide,0,0,0,Not-SATD // TODO: This is a bit of a hack.  It would be better,Not-SATD,0
jruby-1.4.0,DESIGN,//TODO: ary_sort_check should be done here,1,1,1,"SATD
//TODO: ary_sort_check should be done here //TODO from here down to the",SATD,1
jEdit-4.2,WITHOUT_CLASSIFICATION,//}}},0,0,0,"Not-SATD //}}}php
//}}} //}}} //}}} //}}} //}}}",Not-SATD,0
sql12,WITHOUT_CLASSIFICATION,"// i18n[HibernateConfigController.ReallyRemoveConfig=Are you sure you want to delete configuration ""{0}"".]",0,0,0,"Not-SATD

This comment does not contain specific SATD keywords and does not admit technical debt",Not-SATD,0
jfreechart-1.0.19,DESIGN,"// calculate the adjusted data area taking into account the 3D effect... // this assumes that there is a 3D renderer, all this 3D effect is a // bit of an ugly hack...",1,1,1,"SATD
// TODO: This is a temporary crutch to use until all the Fig instances //",SATD,1
jruby-1.4.0,DESIGN,// FIXME: move out of this class!,1,1,1,"SATD
// FIXME: move out of this class! // TODO: I think this is actually",SATD,1
argouml,WITHOUT_CLASSIFICATION,// has <<subsystem>> stereotype,0,0,0,"Not-SATD

This comment does not contain specific SATD keywords and does not admit technical debt",Not-SATD,0
argouml,WITHOUT_CLASSIFICATION,//////////////////////////////////////////////////////////////// // class variables,0,0,0,"Not-SATD

This comment does not contain any specific SATD keywords.

Note: There is",Not-SATD,0
apache-jmeter-2.10,WITHOUT_CLASSIFICATION,"// EOF, re-open file",0,0,0,"Not-SATD

// TODO: This should be handled with an exception. // Throw something appropriate",Not-SATD,0
emf-2.4.1,WITHOUT_CLASSIFICATION,// eVirtualValues = newValues;,0,0,0,"Not-SATD

This comment does not contain any specific SATD keywords and does not admit technical",Not-SATD,0
jfreechart-1.0.19,WITHOUT_CLASSIFICATION,// 2. check whether the column is now empty.,0,0,0,Not-SATD // TODO: This is a part implementation of a validator. // Do we,Not-SATD,0
jEdit-4.2,WITHOUT_CLASSIFICATION,// proxy port,0,0,0,Not-SATD // proxy port //$NON-NLS-1$ // default port is 22 //,Not-SATD,0
argouml,WITHOUT_CLASSIFICATION,// Override superclass to do nothing. // Line width cannot be changed.,0,0,0,Not-SATD // Override superclass to do nothing. // Line width cannot be changed. // TODO,Not-SATD,0
argouml,WITHOUT_CLASSIFICATION,// TODO: What?,0,1,1,"SATD

// TODO: What? // TODO: This is not implemented.  What does it",Not-SATD,0
jruby-1.4.0,DESIGN,"// add method with full signature, so it's guaranteed to be directly accessible // TODO: no need for this to be a full, formal JVM signature",1,1,1,"SATD
// TODO: no need for this to be a full, formal JVM signature // TODO",SATD,1
jEdit-4.2,WITHOUT_CLASSIFICATION,//}}},0,0,0,"Not-SATD //}}}php
//}}} //}}} //}}} //}}} //}}}",Not-SATD,0
apache-jmeter-2.10,DESIGN,// TODO not used by GUI,1,1,1,"SATD

// TODO: This is a temporary crutch to use until all Figs are updated",SATD,1
jruby-1.4.0,DESIGN,"// TODO: specifying soft refs, may want to compare memory consumption, // behavior with weak refs (specify WEAK in place of SOFT below)",1,1,1,"SATD
// TODO: specifying soft refs, may want to compare memory consumption, // behavior with",SATD,1
argouml,WITHOUT_CLASSIFICATION,//////////////////////////////////////////////////////////////// // event handlers - MouseListener implementation,0,0,0,Not-SATD // event handlers - MouseListener implementation todo : complete this! //////////////////////////////////////////////////////////////// //,Not-SATD,0
jfreechart-1.0.19,WITHOUT_CLASSIFICATION,// check boxPaint null also,0,0,0,"Not-SATD

This comment is not a SATD comment because it does not contain specific keywords",Not-SATD,0
jfreechart-1.0.19,WITHOUT_CLASSIFICATION,// row 1,0,0,0,"Not-SATD

// TODO: This should be handled with an Iterator!!! // This is a",Not-SATD,0
argouml,WITHOUT_CLASSIFICATION,"/*
     * @see tudresden.ocl.check.types.Type#navigateParameterized(
     *         java.lang.String, tudresden.ocl.check.types.Type[])
     */",0,0,0,"Not-SATD

This is not a SATD comment because it does not contain specific keywords such",Not-SATD,0
sql12,DESIGN,// TODO verify this is correct,1,1,1,"SATD

// TODO: This is a temporary crutch to use until all Figs are updated",SATD,1
jruby-1.4.0,DEFECT,"// Walk up the scope tree right now as much as possible, to avoid run-time walking // SSS FIXME: Any reason why this might break in the presence of ruby's dynamic resolution?  What might break?",1,1,1,"SATD // Walk up the scope tree right now as much as possible, to avoid run-time walking",SATD,1
argouml,WITHOUT_CLASSIFICATION,"/*
     * @see org.argouml.ui.TabTarget#setTarget(java.lang.Object)
     */",0,0,0,"Not-SATD
// TODO: This should be done when the user presses a button, not",Not-SATD,0
emf-2.4.1,WITHOUT_CLASSIFICATION,"// should not happen, re-throw exception",0,0,0,"Not-SATD // should not happen, re-throw exception //$NON-NLS-1$ //",Not-SATD,0
emf-2.4.1,DESIGN,// Per Schema 1.0 it is not clear if the result returned should be a valid URI.  // For the future if we plant to support IRIs then it is better not to massage // the initialValue.  // We should thought consider where would be the best way to validate anyURI values -- EL,1,1,1,SATD // TODO: validate anyURI values?  Do we already do this in some place?,SATD,1
argouml,DEFECT,"// TODO: This works for 90 degree angles, but is suboptimal // for other angles. It should reflect the angle, rather // than just using a negative offset along the same vector",1,1,1,"SATD

// TODO: This works for 90 degree angles, but is suboptimal //",SATD,1
columba-1.4-src,WITHOUT_CLASSIFICATION,// if creating new folder,0,0,0,"Not-SATD

// TODO: This should be done when the actual // file is created in",Not-SATD,0
apache-ant-1.7.0,WITHOUT_CLASSIFICATION,// Eof has been reached,0,0,0,"Not-SATD

No SATD keywords are present.
No specific keywords such as TODO, FIXME",Not-SATD,0
sql12,WITHOUT_CLASSIFICATION,// nothing to do,0,0,0,"Not-SATD
// TODO: This should be handled with an Iterator!!! // previousNode =",Not-SATD,0
argouml,IMPLEMENTATION,// TODO: This shouldn't require two passes through the list - tfm,1,1,1,"SATD

// TODO: This shouldn't require two passes through the list - tfm // Single",SATD,1
apache-ant-1.7.0,DESIGN,//why do we do nothing?,1,1,1,"SATD
//TODO: why do we do nothing? //this seems to fix the problem,",Not-SATD,0
sql12,WITHOUT_CLASSIFICATION,// i18n[TriggerDetailsTab.title=Details],0,0,0,"Not-SATD
// TODO: This should be done using an UndoManager. // See:",Not-SATD,0
emf-2.4.1,DESIGN,//TBD return (user selected subset?) of referenced packages that contain super classes of classes in this package.,1,1,1,SATD //TBD return (user selected subset?) of referenced packages that contain super classes of classes,SATD,1
hibernate-distribution-3.3.2.GA,WITHOUT_CLASSIFICATION,"// essentially, if the real session is closed allow any // method call to pass through since the real session // will complain by throwing an appropriate exception; // NOTE that allowing close() above has the same basic effect, //   but we capture that there simply to perform the unbind...",0,0,0,SATD // TODO: should this be more restrictive? should it always be the close() method?,SATD,1
sql12,WITHOUT_CLASSIFICATION,// Can't paste from a session that is no longer around.,0,0,0,Not-SATD // TODO: This is a temporary workaround until we can figure out // why the,Not-SATD,0
argouml,IMPLEMENTATION,"/**
     * Check the offenders.<p>
     *
     * This is called from the constructors where the offenders are given.
     *
     * TODO: Why do we only care about checking the first 2 offenders above?
     * @param offs The offenders.
     */",1,1,1,"SATD
// TODO: This is a temporary method of making sure that only // top level elements",SATD,1
argouml,DESIGN,// TODO: Bob says - Coding by use of side effect here. // Maybe this should be done in a clearer way but it fixes // http://argouml.tigris.org/issues/show_bug.cgi?id=4978 // It seems that when loading an XMI that is not contained in a zip // file then the InputStream given as the argument to this method // can't be reused as it is at the end of the stream. In that case // systemId appears to be none-null at this stage. // So if systemId is not null we recreate the InputSource.,1,1,1,"SATD
// TODO: Bob says - Coding by use of side effect here. // Maybe this",SATD,1
jEdit-4.2,WITHOUT_CLASSIFICATION,//}}},0,0,0,"Not-SATD //}}}php
//}}} //}}} //}}} //}}} //}}}",Not-SATD,0
jEdit-4.2,DESIGN,"// It was explicitly imported, but we don't know what it is. // should we throw an error here??",1,1,1,"SATD
// It was explicitly imported, but we don't know what it is. // should",SATD,1
jEdit-4.2,DESIGN,"// Perhaps if Xerces wasn't slightly brain-damaged, we would // not need this",1,1,1,"SATD
// TODO: This is a temporary crutch to use until the fixXerces",SATD,1
emf-2.4.1,WITHOUT_CLASSIFICATION,// ret.next is null.,0,0,0,"Not-SATD

No SATD keywords are present in this comment. Specifically, none of the",Not-SATD,0
jEdit-4.2,WITHOUT_CLASSIFICATION,//{{{ getDockableWindow() method,0,0,0,Not-SATD // This method appears to be unused. // Return the dockable window. //,Not-SATD,0
jEdit-4.2,DEFECT,// Jun 9 2004 12:40 PM // waitFor() hangs on some Java // implementations.,1,1,1,"SATD
// TODO: Do we need this? Is this the same as Thread.currentThread()? //",SATD,1
jEdit-4.2,DESIGN,// redundant with constructor,1,1,1,"SATD // redundant with constructor
// TODO: make private, use constructor instead? (no need",SATD,1
jruby-1.4.0,WITHOUT_CLASSIFICATION,// call site,0,0,0,"Not-SATD

No specific SATD keywords are used here. // TODO: This is a",Not-SATD,0
argouml,WITHOUT_CLASSIFICATION,/* TODO: For UML2: Check if the type of the TV is String. */,0,1,1,"SATD

Noticed that the comment contains the specific keyword TODO.
Label: SATD. //",Not-SATD,0
argouml,WITHOUT_CLASSIFICATION,// TODO: Update setting,0,1,1,"SATD

// TODO: This is a temporary crutch to use until all Figs are updated",SATD,1
sql12,DESIGN,//set the property values // Note: this may have already been done by another instance of // this DataType created to handle a different column.,1,1,1,SATD // TODO: find a better solution. // This causes an exception in the case of a,SATD,1
argouml,DESIGN,"/**
     * The constructor.
     * TODO: Why does this method not handle all settings
     * (KEY_DEFAULT_SHADOW_WIDTH is missing)?
     */",1,1,1,"SATD

// TODO: Why does this method not handle all settings
// (KEY_DEFAULT_SHADOW",Not-SATD,0
argouml,WITHOUT_CLASSIFICATION,// TODO: this seems to be called at startup only so no check so far,0,1,1,"SATD

// TODO: this seems to be called at startup only so no check so far //",SATD,1
jruby-1.4.0,IMPLEMENTATION,"// FIXME: This needs to happen for lambdas //            args.checkArgCount(runtime, parameters.length);",1,1,1,"SATD
// FIXME: This needs to happen for lambids //            s.put(""lamb",SATD,1
hibernate-distribution-3.3.2.GA,WITHOUT_CLASSIFICATION,"//		return ""select CURRENT_TIMESTAMP from RDB$DATABASE"";",0,0,0,"Not-SATD

This comment does not contain any specific SATD keywords and does not admit technical",Not-SATD,0
jfreechart-1.0.19,DESIGN,// unused in parent,1,1,1,"SATD
// TODO: unused in parent.  If not used, remove.  If used",Not-SATD,0
argouml,DESIGN,"/**
     * This tag is set on elements that are generated by reference when
     * importing.
     * If it is set, then the critics could ignore those objects if they want.
     * 
     * TODO: This is really belongs in a higher level utility class
     * that uses the Facade's tagged value methods.  Also, it needs to
     * be updated to use a UML 1.4 TagDefinition instead of a simple String.
     */",1,1,1,"SATD
// TODO: This is really belongs in a higher level utility class that uses the Fac",SATD,1
sql12,WITHOUT_CLASSIFICATION,// i18n[i18n.parseSuccess=Added {0} new and {1} replaced properties to {2}],0,0,0,"Not-SATD

This comment does not contain any specific SATD keywords and does not admit technical",Not-SATD,0
jEdit-4.2,DESIGN,// hack since HelpViewer needs a URL...,1,1,1,"SATD
// TODO: What kind of exception is appropriate here? What kind of logging? -",SATD,1
jruby-1.4.0,WITHOUT_CLASSIFICATION,// IO class methods.,0,0,0,"Not-SATD
// TODO: These methods should be in IO instead of IOInputStream. ",Not-SATD,0
emf-2.4.1,DESIGN,// call the workaround,1,1,1,"SATD
// TODO: This is a workaround for a bug that should be fixed // in the",SATD,1
jruby-1.4.0,WITHOUT_CLASSIFICATION,// update superclass reference,0,0,0,"Not-SATD

This comment does not contain specific SATD keywords and does not admit technical debt",Not-SATD,0
columba-1.4-src,WITHOUT_CLASSIFICATION,// don't need this,0,0,0,Not-SATD // don't need this? // TODO: what is the difference? // This,Not-SATD,0
sql12,WITHOUT_CLASSIFICATION,// the other obj has not read the data yet.,0,0,0,"Not-SATD

This comment does not contain specific SATD keywords such as TODO, FIXME,",Not-SATD,0
jfreechart-1.0.19,DESIGN,// TODO: we didn't check the width yet,1,1,1,"SATD

// TODO: we didn't check the width yet                                         // 4.5.",SATD,1
apache-jmeter-2.10,IMPLEMENTATION,"// Set the overall status for the transaction sample // TODO: improve, e.g. by adding counts to the SampleResult class",1,1,1,"SATD
// TODO: improve, e.g. by adding counts to the SampleResult class //",SATD,1
jfreechart-1.0.19,DESIGN,// TODO:  this attribute should be transferred to the renderer state.,1,1,1,"SATD

// TODO: This is a redundant implementation.  The code above should be used instead",SATD,1
argouml,WITHOUT_CLASSIFICATION,// TODO: assumes public,0,1,1,"SATD

// TODO: assumes public // TODO: does not respect visibility (accessibility) of",Not-SATD,0
apache-jmeter-2.10,DESIGN,"// It might be useful also to make this available in the 'Request' tab, for // when posting JSON.",1,1,1,"SATD
// TODO: This should be handled with an Iterator.  Filling up a list",SATD,1
sql12,WITHOUT_CLASSIFICATION,// TODO: check to be sure that the source and destination schemas are // different. Abort if they are the same and inform the user.,0,1,1,"SATD
// TODO: check to be sure that the source and destination schemas are // different.",SATD,1
columba-1.4-src,WITHOUT_CLASSIFICATION,// Add child to parent,0,0,0,"Not-SATD

No specific SATD keywords are used here. // TODO: This is a",Not-SATD,0
apache-ant-1.7.0,DESIGN,"// This is the new, better way - use classespath instead // of sourcespath.  The code is currently the same - you // need class files in a directory to use this or jar files.",1,1,1,SATD - classpath is not in sourcespath. // TODO: do we need to do anything,Not-SATD,0
apache-jmeter-2.10,DESIGN,// should the samples be aggregated on thread name or thread group (default) ?,1,1,1,SATD // TODO: samples should be aggregated on thread group (default) // thread name is not,Not-SATD,0
apache-jmeter-2.10,WITHOUT_CLASSIFICATION,// $NON-NLS-1$ // define AWT WM_CLASS string,0,0,0,"Not-SATD

No SATD keywords are present in this comment.

Comment: // TODO:",Not-SATD,0
jEdit-4.2,WITHOUT_CLASSIFICATION,//{{{ getFocusTraversalKeysEnabled() method,0,0,0,"Not-SATD // TODO: This method is never used.  If it is needed, //",Not-SATD,0
jEdit-4.2,WITHOUT_CLASSIFICATION,// set proxy authentication,0,0,0,Not-SATD // set proxy authentication //$NON-NLS-1$ // $NON-NLS-1,Not-SATD,0
argouml,DESIGN,"/**
     * TODO: This functionality is in the worn place. We should be able to
     * call setVisible on the compartment itself and then this class should
     * react to that event.
     * Improvements will follow in later releases.
     * Hence this method should not be considered stable for module developers.
     * @param compartment the compartment to be changed
     * @param isVisible true if the attribute compartment is visible
     */",1,1,1,"SATD
// TODO: This functionality is in the worn place. We should be able to //",SATD,1
jruby-1.4.0,WITHOUT_CLASSIFICATION,// TODO: 1.9 rb_enc_symname_p,0,1,1,"SATD

// TODO: 1.9 compatibility only, really.  We should probably not",Not-SATD,0
sql12,DESIGN,//Should probably create my own table model but i am being a bit slack.,1,1,1,"SATD

// TODO: This should be done using an JPopupMenu instead of this hack. //",SATD,1
sql12,WITHOUT_CLASSIFICATION,// checkbox for read/not-read on table load,0,0,0,"Not-SATD
// TODO: implement this properly. // This just calls the superclass method,",Not-SATD,0
jruby-1.4.0,IMPLEMENTATION,// TODO: we can probably release our references to the constantFields // array and static/instance callback hashes at this point. ,1,1,1,"SATD
// TODO: we can probably release our references to the constantFields // array and static",SATD,1
apache-jmeter-2.10,DESIGN,// Remember to change this when the class changes ...,1,1,1,SATD // Remember to change this when the class changes... // This is obsolete... // Use get,SATD,1
jEdit-4.2,DEFECT,"// If it exists, remove it and add it at the end (avoid memory leak)",1,1,1,"SATD

// TODO: This should be handled by the renderer state, but we don't //",SATD,1
jruby-1.4.0,WITHOUT_CLASSIFICATION,"// &foo are not getting set from somewhere...I want the following assert to be true though //assert variableValues[offset] != null : ""Getting unassigned: "" + staticScope.getVariables()[offset];",0,0,0,"SATD
// TODO: This is a temporary crutch to use until all &foo are fixed",SATD,1
sql12,WITHOUT_CLASSIFICATION,"/* (non-Javadoc)
	 * @see com.mockobjects.sql.MockDatabaseMetaData#supportsFullOuterJoins()
	 */",0,0,0,"Not-SATD
// TODO: This is a placeholder implementation until the join support // is flesh",Not-SATD,0
hibernate-distribution-3.3.2.GA,DESIGN,"//TODO: we use two visitors here, inefficient!",1,1,1,"SATD

//TODO: we use two visitors here, inefficient! //TODO: we use two",SATD,1
apache-jmeter-2.10,DESIGN,// Hack to allow external control,1,1,1,"SATD
// TODO: This is a temporary hack to allow external control of // ArgoU",SATD,1
jfreechart-1.0.19,WITHOUT_CLASSIFICATION,// backgroundPaint,0,0,0,"Not-SATD

This comment does not contain specific SATD keywords such as TODO, FIXME,",Not-SATD,0
argouml,DESIGN,"/* This should NOT be looking for a NamedElement,
         * since this is not always about the name of this
         * modelelement alone.*/",1,1,1,"SATD
// TODO: This should be looking for a Type (or a PrimitiveType)
//",SATD,1
jEdit-4.2,WITHOUT_CLASSIFICATION,// computes the true beginning stack size of this successor block,0,0,0,"Not-SATD // computes the true beginning stack size of this successor block
// TODO: This",Not-SATD,0
sql12,WITHOUT_CLASSIFICATION,"/* (non-Javadoc)
	 * @see javax.swing.table.AbstractTableModel#getColumnName(int)
	 */",0,0,0,"Not-SATD
// TODO: This should be built at build time rather than every time //",Not-SATD,0
argouml,WITHOUT_CLASSIFICATION,"//disable the buttons for now, since no selection has been made yet",0,0,0,"Not-SATD. No specific SATD keywords are used. //disable the buttons for now,",Not-SATD,0
jfreechart-1.0.19,WITHOUT_CLASSIFICATION,// check an empty dataset,0,0,0,Not-SATD // TODO: This is a placeholder implementation until Dataset class // is written. ,Not-SATD,0
apache-ant-1.7.0,WITHOUT_CLASSIFICATION,// CheckStyle:VisibilityModifier OFF - bc,0,0,0,Not-SATD // CheckStyle:VisibilityModifier OFF - bc // TODO: CheckStyle should be,Not-SATD,0
jEdit-4.2,WITHOUT_CLASSIFICATION,//}}},0,0,0,"Not-SATD //}}}php
//}}} //}}} //}}} //}}} //}}}",Not-SATD,0
argouml,DESIGN,"// TODO: We'd like to test this in its new guise as PackageImport, but // we don't have a good way to do it currently",1,1,1,"SATD

// TODO: We'd like to have a specific object here that we can pass to",SATD,1
columba-1.4-src,WITHOUT_CLASSIFICATION,// set columba.color flag,0,0,0,"Not-SATD // set columba.color flag
/*
     * @see java.awt.event.ActionListener",Not-SATD,0
argouml,DESIGN,// TODO: Workaround for GEF redraw problem // Force all child figs into the same layer,1,1,1,"SATD

// TODO: Workaround for GEF redraw problem // Force all child figs into",SATD,1
jEdit-4.2,WITHOUT_CLASSIFICATION,//{{{ ActionHandler class,0,0,0,Not-SATD // This class listens for actions from the GUI. // It passes these actions on,Not-SATD,0
argouml,WITHOUT_CLASSIFICATION,// TODO: Localize,0,1,1,"SATD

// TODO: Localize the name of the button. // TODO: Localize the",SATD,1
emf-2.4.1,DESIGN,"// TODO deprecate (since no longer used by getEditPluginClass(), getEditorPluginClass(), getTestSuiteClass()) //",1,1,1,"SATD

// TODO: This should be handled with an Iterator!!! // previousNextOpenNode.open",SATD,1
argouml,DEFECT,"// TODO: We don't really want to do the following, but I'm not sure // what depends on it - tfm - 20070725",1,1,1,"SATD

// TODO: We don't really want to do the following, but I'm not",Not-SATD,0
sql12,DESIGN,// TODO: just noticed that MySQL 5.0 supports a multi-bit BIT // column by using the getObject/setObject methods with a byte[]. // So it would be valuable at some point to make this code a bit // more dbms-specific,1,1,1,"SATD
// TODO: This is a temporary crutch to use until all the.bit(",SATD,1
jEdit-4.2,WITHOUT_CLASSIFICATION,//}}},0,0,0,"Not-SATD //}}}php
//}}} //}}} //}}} //}}} //}}}",Not-SATD,0
sql12,DESIGN,"// The following is a work-around for the problem on Mac OS X where // the Apple LAF delegates to the Swing Popup factory but then // tries to set a 90% alpha on the underlying Cocoa window, which // will always be null if you're using JGoodies L&F // see http://www.caimito.net/pebble/2005/07/26/1122392314480.html#comment1127522262179 // This has no effect on Linux/Windows",1,1,1,"SATD
// TODO: This is a temporary work-around for a problem which // I (Lin",SATD,1
jruby-1.4.0,DESIGN,// TODO: no java stringity,1,1,1,"SATD

// TODO: no java stringity // $NON-NLS-1$ // $NON",SATD,1
argouml,DEFECT,// TODO: not in UML 2,1,1,1,"SATD

// TODO: not in UML 2 // $NON-NLS-1$ //",Not-SATD,0
argouml,WITHOUT_CLASSIFICATION,//////////////////////////////////////////////////////////////// // event handling,0,0,0,Not-SATD // event handling //////////////////////////////////////////////////////////////// // This method is called when the 'open file,Not-SATD,0
apache-jmeter-2.10,IMPLEMENTATION,"// It is chunked transfer encoding, which we do not really support yet. // So we just read without blocking, because we do not know when to // stop reading, so we cannot block // TODO propery implement support for chunked transfer, i.e. to // know when we have read the whole request, and therefore allow // the reading to block",1,1,1,"SATD
// TODO: This is a temporary crutch to use until all the code // under",SATD,1
apache-ant-1.7.0,IMPLEMENTATION,//TODO no methods yet for getClassname //TODO no method for newInstance using a reverse-classloader,1,1,1,"SATD

//TODO no methods yet for getClassname //TODO no method for NeueInstance using a",SATD,1
argouml,DOCUMENTATION,"/**
 * Test delivery of Model events.
 *
 * TODO: We have not documented exactly what events arrive and when.
 *
 * @author Linus Tolke
 */",1,1,1,"SATD

Noticed that the comment already contains the keyword TODO.
Also, the author of the",Not-SATD,0
hibernate-distribution-3.3.2.GA,WITHOUT_CLASSIFICATION,// ~~~~~~~~~~~~~~~~~~~~~~~~~~~~~~~~~~~~~~~~~~~~~~~~~~~~~~~~~~~~~~~~~~~~~~~~ // stuff that is persister-centric and/or EntityInfo-centric ~~~~~~~~~~~~~~ // ~~~~~~~~~~~~~~~~~~~~~~~~~~~~~~~~~~~~~~~~~~~~~~~~~~~~~~~~~~~~~~~~~~~~~~~~,0,0,0,"Not-SATD // this is persister info, not EntityInfo... swap them? // //",Not-SATD,0
argouml,WITHOUT_CLASSIFICATION,// Set the tooltip string:,0,0,0,"Not-SATD

No SATD keywords are present in this comment. No specific keywords such as",Not-SATD,0
jEdit-4.2,WITHOUT_CLASSIFICATION,// End ConsoleInterface,0,0,0,"Not-SATD

No SATD keywords found. No need to assign label SATD or Not",Not-SATD,0
jfreechart-1.0.19,WITHOUT_CLASSIFICATION,"// FIXME: add setBaseItemLabelFont(Font, boolean) ?",0,1,1,"SATD
// not used, but might as well make it settable, // in case someone",Not-SATD,0
sql12,WITHOUT_CLASSIFICATION,// i18n[SchemaInfo.loadingCatalogs=Loading catalogs],0,0,0,"Not-SATD

No SATD keywords are present.
No specific keywords such as TODO, FIXME",Not-SATD,0
apache-jmeter-2.10,WITHOUT_CLASSIFICATION,// returns false if the file did not contain the terminator,0,0,0,"Not-SATD

This comment does not contain specific SATD keywords and does not admit technical debt",Not-SATD,0
argouml,WITHOUT_CLASSIFICATION,// ,0,0,0,Not-SATD // TODO: This should be handled with an Iterator!!! // Previous code: //,Not-SATD,0
apache-jmeter-2.10,DESIGN,"// a check, just in case:",1,1,1,"SATD // TODO: do we really need this check? // if so, why not explain why",Not-SATD,0
jruby-1.4.0,WITHOUT_CLASSIFICATION,// line 1196,0,0,0,"Not-SATD // line 1196 not SATD comment. No specific keywords like TODO,",Not-SATD,0
jEdit-4.2,DEFECT,// Warning: Null callstack here.  Don't think we need // a stack trace to indicate how we sourced the method.,1,1,1,"SATD

// TODO: This is a temporary crutch to use until all code // behind the",SATD,1
argouml,WITHOUT_CLASSIFICATION,//$NON-NLS-1$,0,0,0,"Not-SATD
// TODO: This should be done using an UndoManager. // See:",Not-SATD,0
argouml,WITHOUT_CLASSIFICATION,// I am only prepared to go this far.,0,0,0,"Not-SATD // I am only prepared to go this far. // Not SATD, but",Not-SATD,0
sql12,DESIGN,"/**
	 * TODO: Clean this mess up!!!! Load plugins. Load all plugin jars into class loader.
	 */",1,1,1,"SATD
// TODO: Clean this mess up!!!! Load plugins. Load all plugin jars into class",SATD,1
jfreechart-1.0.19,WITHOUT_CLASSIFICATION,// check null argument,0,0,0,"Not-SATD

This comment does not contain specific SATD keywords and does not admit technical debt",Not-SATD,0
columba-1.4-src,WITHOUT_CLASSIFICATION,// debug output,0,0,0,"Not-SATD
/* TODO: What if used elsewhere? */ // comment contains the word """,Not-SATD,0
argouml,DESIGN,"/**
     * For Locale selection.<p>
     *
     * TODO: Detect the available locales from the available files.
     *
     * @return Locales used in ArgoUML
     */",1,1,1,"SATD
// TODO: This should be computed on the fly as needed, rather than // initializing",SATD,1
jfreechart-1.0.19,DESIGN,// defer argument checking...,1,1,1,"SATD
// TODO: argument checking!  what args?  pass them along?  use",SATD,1
jruby-1.4.0,DESIGN,// regular division with some default precision // TODO: proper algorithm to set the precision,1,1,1,"SATD

// TODO: This is a temporary crutch to use until all the sub-class //",SATD,1
apache-ant-1.7.0,WITHOUT_CLASSIFICATION,"// we are recreating the archive, need all resources",0,0,0,Not-SATD // TODO: filter out non-resource entries? // TODO: or create empty folders,Not-SATD,0
jruby-1.4.0,DEFECT,// TODO: Numeric.new works in Ruby and it does here too.  However trying to use //   that instance in a numeric operation should generate an ArgumentError. Doing //   this seems so pathological I do not see the need to fix this now.,1,1,1,"SATD
// TODO: Numeric.new works in Ruby and it does here too.  However trying",SATD,1
emf-2.4.1,WITHOUT_CLASSIFICATION,"// HGD::fireNotifyChanged(msg.getNotifier(), msg.getEventType(), msg.getStructuralFeature(), msg.getOldValue(), msg.getNewValue(), msg.getPosition());",0,0,0,"Not-SATD

This comment does not contain any specific SATD keywords and does not admit technical",Not-SATD,0
jEdit-4.2,WITHOUT_CLASSIFICATION,"/*
	*/",0,0,0,"Not-SATD
No specific SATD keywords are used here. // TODO: This is a",Not-SATD,0
apache-jmeter-2.10,WITHOUT_CLASSIFICATION,"// A HTTP POST request, with encoding not known",0,0,0,"Not-SATD // A HTTP POST request, with encoding not known //$NON-NLS-1$",Not-SATD,0
emf-2.4.1,WITHOUT_CLASSIFICATION,// Method created to increase the performance of regular expressions // by reducing the length of the string that is matched. //,0,0,0,"Not-SATD

This comment does not contain specific SATD keywords and is not admitted technical debt",Not-SATD,0
jEdit-4.2,WITHOUT_CLASSIFICATION,//}}},0,0,0,"Not-SATD //}}}php
//}}} //}}} //}}} //}}} //}}}",Not-SATD,0
emf-2.4.1,WITHOUT_CLASSIFICATION,// Fill 8 of value (byte) -87,0,0,0,"Not-SATD
/* TODO: This needs more work! 
         Test with different types of",Not-SATD,0
jfreechart-1.0.19,DESIGN,// TODO find a better localization key,1,1,1,"SATD

// TODO: This should be handled with an Iterator!!! // previousNode = currentNode",SATD,1
emf-2.4.1,WITHOUT_CLASSIFICATION,"/*
   * Javadoc copied from interface.
   */",0,0,0,"Not-SATD
No specific SATD keywords are used here. // TODO: This should be",Not-SATD,0
sql12,DEFECT,// TODO: This won't work when the column has values with quotes in them. // Use PreparedStatements instead.,1,1,1,"SATD

// TODO: This won't work when the column has values with quotes in them.",SATD,1
emf-2.4.1,TEST,//DMS this is totally untested.,1,1,1,"SATD

// TODO: This is untested. - tfm - 20070110 //",SATD,1
apache-jmeter-2.10,DESIGN,"// Showing large strings can be VERY costly, so we will avoid // doing so if the response // data is larger than 200K. TODO: instead, we could delay doing // the result.setText // call until the user chooses the ""Response data"" tab. Plus we // could warn the user // if this happens and revert the choice if he doesn't confirm // he's ready to wait.",1,1,1,"SATD
// TODO: This is a temporary crutch to use until all the broken // editors",SATD,1
jEdit-4.2,WITHOUT_CLASSIFICATION,//}}},0,0,0,"Not-SATD //}}}php
//}}} //}}} //}}} //}}} //}}}",Not-SATD,0
jEdit-4.2,DESIGN,"/* Silly bug workaround #8694. If you look at the above code,
		 * note that we restore the saved caret position first, then
		 * scroll to the saved location. However, the caret changing
		 * can itself result in scrolling to a different location than
		 * what was saved; and since moveCaretPosition() calls
		 * updateBracketHighlight(), the bracket highlight's out of
		 * bounds calculation will rely on a different set of physical
		 * first/last lines than what we will end up with eventually.
		 * Instead of confusing the user with status messages that
		 * appear at random when switching buffers, we simply hide the
		 * message altogether. */",1,1,1,SATD // FIXME: status message is hidden incorrectly; see note // TODO: work around is also,Not-SATD,0
hibernate-distribution-3.3.2.GA,WITHOUT_CLASSIFICATION,//bad cast,0,0,0,"Not-SATD //bad cast is a bad cast, not a SATD comment. //TODO",Not-SATD,0
jEdit-4.2,WITHOUT_CLASSIFICATION,//}}},0,0,0,"Not-SATD //}}}php
//}}} //}}} //}}} //}}} //}}}",Not-SATD,0
jEdit-4.2,WITHOUT_CLASSIFICATION,//}}},0,0,0,"Not-SATD //}}}php
//}}} //}}} //}}} //}}} //}}}",Not-SATD,0
apache-ant-1.7.0,WITHOUT_CLASSIFICATION,// we don't expect to find this,0,0,0,Not-SATD // we don't expect to find this is not a SATD comment. It,Not-SATD,0
sql12,WITHOUT_CLASSIFICATION,// Ignore.,0,0,0,Not-SATD // Ignore. // TODO: what should we do here? // This seems to,Not-SATD,0
sql12,IMPLEMENTATION,"// TODO: Need to add storageOptions to the add index dialog // valuesMap.put(ST_STORAGE_OPTION_KEY, );",1,1,1,"SATD

// TODO: Need to add storageOptions to the add index dialog // valuesMap.put",SATD,1
hibernate-distribution-3.3.2.GA,DESIGN,//Yuck:,1,1,1,SATD //This is yuck. Really need a better way to do this. Maybe something that,SATD,1
columba-1.4-src,DESIGN,// TODO (@author fdietz): i18n,1,1,1,"SATD

// TODO (@author fdietz): i18n // $NON-NLS-1",SATD,1
sql12,DESIGN,"// Don't use tinyint for now, even though Mckoi ""supports"" it. It's // notion of tinyint is 7-bit (not 8-bit) so it is not compatible with // other DBs and leads to overflow (resulting in negative values which // are a corruption of the actual value inserted/updated). This is not // a great work-around. I filed a bug report on the mailing list; // hopefully it will get fixed soon.",1,1,1,"SATD
// TODO: This is a temporary crutch to work around the fact that  //",SATD,1
jEdit-4.2,WITHOUT_CLASSIFICATION,// the entire save operation can be aborted...,0,0,0,Not-SATD // the entire save operation can be aborted... // Check if the save operation was,Not-SATD,0
apache-jmeter-2.10,WITHOUT_CLASSIFICATION,"// Table still contains one or more rows, so highlight (select) // the appropriate one.",0,0,0,Not-SATD // TODO: This should be done in a different thread. // Put the update,Not-SATD,0
jEdit-4.2,DESIGN,"/*
	Thanks to Slava Pestov (of jEdit fame) for import caching enhancements.
	Note: This class has gotten too big.  It should be broken down a bit.
*/",1,1,1,SATD // This class has gotten too big.  It should be broken down a bit. //,SATD,1
argouml,WITHOUT_CLASSIFICATION,//_x = x; _y = y; _w = w; _h = h;,0,0,0,"Not-SATD

This comment does not contain any SATD keywords and does not admit technical debt",Not-SATD,0
argouml,DESIGN,"/**
 * TODO: this class should be moved to package
 * org.argouml.uml.ui.behavior.common_behavior
 */",1,1,1,"SATD
// TODO: this class should be moved to package
// org.argouml.uml",SATD,1
apache-ant-1.7.0,TEST,"/** Attribute names and values. While the XML spec doesn't require
     *  preserving the order ( AFAIK ), some ant tests do rely on the
     *  exact order. The following code is copied from AttributeImpl.
     *  We could also just use SAX2 Attributes and convert to SAX1 ( DOM
     *  attribute Nodes can also be stored in SAX2 Attributes )
     *  XXX under JDK 1.4 you can just use a LinkedHashMap for this purpose -jglick
     * The only exception to this order is the treatment of
     * refid. A number of datatypes check if refid is set
     * when other attributes are set. This check will not
     * work if the build script has the other attribute before
     * the ""refid"" attribute, so now (ANT 1.7) the refid
     * attribute will be processed first.
     */",1,1,1,"SATD
// TODO: This is a temporary crutch to support the ""import"" element in",SATD,1
jruby-1.4.0,DEFECT,// TODO: don't require pop,1,1,1,"SATD

// TODO: don't require pop // This is a hack to make the selection //",SATD,1
jruby-1.4.0,WITHOUT_CLASSIFICATION,// line 766,0,0,0,Not-SATD // line 766 //$NON-NLS-1$ // line 766 // line,Not-SATD,0
apache-jmeter-2.10,WITHOUT_CLASSIFICATION,// No body should have been sent,0,0,0,Not-SATD // TODO: should this be an error? // should this be the actual body,Not-SATD,0
argouml,DESIGN,"/**
     * The constructor.
     * TODO: The ""name"" parameter is used for the icon and for the tooltip.
     * This makes i18n of the tooltip impossible.
     *
     * @param modeClass the next global editor mode
     * @param modeArgs arguments for the new mode
     * @param name the name of the command that is the tooltip text.
     */",1,1,1,"SATD
// TODO: This is a temporary crutch to use until all Figs are updated",SATD,1
emf-2.4.1,DESIGN,// EATM this would be wrong.,1,1,1,"SATD

// TODO: This is a temporary crutch to use until all Figs are updated",SATD,1
hibernate-distribution-3.3.2.GA,WITHOUT_CLASSIFICATION,"// Register the FromElement with the FROM clause, now that we have the names and aliases.",0,0,0,"Not-SATD

This comment does not contain any specific SATD keywords and does not admit technical",Not-SATD,0
argouml,WITHOUT_CLASSIFICATION,"/*
     * @see org.tigris.gef.graph.GraphNodeRenderer#getFigNodeFor(
     *      org.tigris.gef.graph.GraphModel, org.tigris.gef.base.Layer,
     *      java.lang.Object, java.util.Map)
     */",0,0,0,"Not-SATD // this method is not used.  If we don't document it, //",Not-SATD,0
jfreechart-1.0.19,DESIGN,// defer argument checking...,1,1,1,"SATD
// TODO: argument checking!  what args?  pass them along?  use",SATD,1
columba-1.4-src,DEFECT,// FIXME check if the id is a correct file name! ,1,1,1,"SATD
// FIXME check if the id is a correct file name!  // TODO: when",SATD,1
hibernate-distribution-3.3.2.GA,IMPLEMENTATION,//TODO: for some dialects it would be appropriate to add the renderOrderByPropertiesSelect() to other select strings,1,1,1,"SATD

//TODO: for some dialects it would be appropriate to add the renderOrderByProperties",SATD,1
jruby-1.4.0,DEFECT,"/**
     * Get value from current scope or one of its captured scopes.
     * 
     * FIXME: block variables are not getting primed to nil so we need to null check those
     *  until we prime them properly.  Also add assert back in.
     * 
     * @param offset zero-indexed value that represents where variable lives
     * @param depth how many captured scopes down this variable should be set
     * @return the value here
     */",1,1,1,"SATD
// FIXME: block variables are not getting primed to nil so we need to null",Not-SATD,0
emf-2.4.1,WITHOUT_CLASSIFICATION,// count characters that's not whitespace,0,0,0,Not-SATD // count characters that's not whitespace //$NON-NLS-1$ // $NON,Not-SATD,0
jEdit-4.2,WITHOUT_CLASSIFICATION,// garbage collected,0,0,0,"Not-SATD
// TODO: is this correct? // If this is not the first file",Not-SATD,0
jruby-1.4.0,DESIGN,// This is perhaps innefficient timewise?  Optimal spacewise,1,1,1,"SATD
// This is perhaps innefficient timewise?  Optimal spacewise for non",SATD,1
argouml,DESIGN,// TODO: Needs to be tidied up after stable release. Graph model // should be created in constructor,1,1,1,"SATD

// TODO: This should be built by reflection from the metamodel - tfm //",SATD,1
argouml,DESIGN,"/*
     * Constraint: This code only deals with 1 supplier per dependency!
     * TODO: How to support more?
     * 
     * @see org.argouml.uml.ui.AbstractActionAddModelElement#doIt(java.util.List)
     */",1,1,1,"SATD
// TODO: This should not be hardcoded. Find a way to express the model //",Not-SATD,0
argouml,DESIGN,// TODO ElementOwnership is not in ModelSubsys!!,1,1,1,"SATD

// TODO: This is a temporary crutch to use until all ElementReferences // are",SATD,1
jruby-1.4.0,DEFECT,"/* TODO: We should use implicit nil for body, but problem (punt til later)*/",1,1,1,"SATD
// TODO: This is a temporary crutch to use until all defMethod calls are",SATD,1
argouml,WITHOUT_CLASSIFICATION,// Find our Initial State,0,0,0,Not-SATD // TODO: This should be done by the UML model instead of here -,Not-SATD,0
apache-jmeter-2.10,WITHOUT_CLASSIFICATION,"// Test sending data as UTF-8, with values that will change when urlencoded, and where // we tell the sampler to urlencode the parameter value",0,0,0,Not-SATD // TODO: This is just a placeholder until the actual implementation // can provide a,Not-SATD,0
argouml,WITHOUT_CLASSIFICATION,"/*
     * @see java.util.List#add(int, java.lang.Object)
     */",0,0,0,"Not-SATD
// TODO: This should be done in a way that notices when it has",Not-SATD,0
columba-1.4-src,WITHOUT_CLASSIFICATION,// general grid size - if we don't set this property there won't be // vertical scrollbars,0,0,0,Not-SATD // TODO: What is the difference with the previous comment? - Grid size?,Not-SATD,0
apache-jmeter-2.10,WITHOUT_CLASSIFICATION,// i.e. shutdown/stopped during main thread groups // re-enable for tearDown if necessary,0,0,0,Not-SATD // i.e. shutdown/stopped during main thread groups // re-enable for tearDown,Not-SATD,0
argouml,DESIGN,"// TODO: It's probably worthwhile to abstract and factor // this chooser and directory stuff. More file handling is // coming, I'm sure.",1,1,1,"SATD

// TODO: It's probably worthwhile to abstract and factor // this chooser and directory stuff",SATD,1
sql12,WITHOUT_CLASSIFICATION,// data must fit into the column's max size,0,0,0,"Not-SATD

This comment does not contain any specific SATD keywords and does not admit technical",Not-SATD,0
hibernate-distribution-3.3.2.GA,DESIGN,"//TODO: move to .sql package, and refactor with similar things!",1,1,1,"SATD
//TODO: move to.sql package, and refactor with similar things! //TODO",SATD,1
apache-ant-1.7.0,DESIGN,"// ***HACK*** We ask the VM to create an instance // by voluntarily providing illegal arguments to force // the VM to run the class' static initializer, while // at the same time not running a valid constructor.",1,1,1,"SATD
// TODO: This is a temporary crutch to use until all classes // are rewritten",SATD,1
columba-1.4-src,DESIGN,// TODO (@author fdietz): i18n,1,1,1,"SATD

// TODO (@author fdietz): i18n // $NON-NLS-1",SATD,1
apache-jmeter-2.10,WITHOUT_CLASSIFICATION,// Detect functionName() so this does not generate empty string as the parameter,0,0,0,"Not-SATD // TODO: This is a part of the old implementation, which should be replaced",Not-SATD,0
jEdit-4.2,WITHOUT_CLASSIFICATION,// tool bar and status bar gets added in propertiesChanged() // depending in the 'tool bar alternate layout' setting.,0,0,0,Not-SATD // tool bar and status bar gets added in propertiesChanged() // depending in the,Not-SATD,0
jEdit-4.2,WITHOUT_CLASSIFICATION,//{{{ loadServices() method,0,0,0,Not-SATD // load all service classes and register them with the // service manager. the service,Not-SATD,0
jfreechart-1.0.19,DESIGN,// do we need to update the crosshair values?,1,1,1,"SATD // TODO: not used? //showToast(t, true); //showToast(t,",Not-SATD,0
apache-jmeter-2.10,DESIGN,// TODO: move this to components -- the only reason why it's in core is because // it's used as a guinea pig by a couple of tests.,1,1,1,"SATD

// TODO: move this to components -- the only reason why it's in core is",SATD,1
jruby-1.4.0,IMPLEMENTATION,// TODO: put these nil guards into tree (bigger than I want to do right now),1,1,1,"SATD

// TODO: put these nil guards into tree (bigger than I want to do",SATD,1
columba-1.4-src,WITHOUT_CLASSIFICATION,// do the same for the XmlElement of child,0,0,0,"Not-SATD

This comment does not contain specific SATD keywords and does not admit technical debt",Not-SATD,0
columba-1.4-src,WITHOUT_CLASSIFICATION,//  no component has the focus // -> disable all actions,0,0,0,Not-SATD // TODO: Why is this not SATD? It appears to be a comment,Not-SATD,0
apache-ant-1.7.0,DESIGN,// Temporary - until we figure a better API,1,1,1,SATD // TODO: API needs to be improved. // This is a temporary solution until a better,SATD,1
columba-1.4-src,WITHOUT_CLASSIFICATION,"// select the ""Normal"" entry as default",0,0,0,"Not-SATD

This comment does not contain specific SATD keywords and does not admit technical debt",Not-SATD,0
apache-jmeter-2.10,WITHOUT_CLASSIFICATION,/* Implements JMeterGUIComponent.createTestElement() */,0,0,0,"Not-SATD
// TODO: This should be coded to only return true if the contents of",Not-SATD,0
argouml,WITHOUT_CLASSIFICATION,///////////////////////////////////////////////////// ////////// Begin AndroMDA Code ////////////////////// /////////////////////////////////////////////////////,0,0,0,"Not-SATD

This comment contains the string ""AndroMDA"" which is a specific",Not-SATD,0
sql12,WITHOUT_CLASSIFICATION,// Add mouse listener for displaying popup menu.,0,0,0,"Not-SATD
// TODO: This should be done in the renderer state, but that is",Not-SATD,0
jruby-1.4.0,WITHOUT_CLASSIFICATION,// Install direct java methods with mangled name so 'send' can call them directly.,0,0,0,SATD // TODO: This is a temporary hack to make direct calls from send() work. //,SATD,1
emf-2.4.1,WITHOUT_CLASSIFICATION,// check for valid escape sequence,0,0,0,"Not-SATD // check for valid escape sequence
// No SATD keywords found. Not-S",Not-SATD,0
apache-jmeter-2.10,WITHOUT_CLASSIFICATION,// TODO - charset?,0,1,1,"SATD

// TODO - charset? // $NON-NLS-1$ // $NON-NLS-",SATD,1
columba-1.4-src,WITHOUT_CLASSIFICATION,// get selected folder,0,0,0,Not-SATD // TODO: This should be done when the user presses a button // to update,Not-SATD,0
jEdit-4.2,WITHOUT_CLASSIFICATION,// allocate the array to store the initializers // description of the array // The other dimensions default to zero and are assigned when  // the values are set.,0,0,0,Not-SATD // TODO: This is not used - deprecate? //        Object[],Not-SATD,0
argouml,DESIGN,// TODO: There is a cyclic dependency between SelectionRerouteEdge // and FigEdgeModelElement,1,1,1,"SATD

// TODO: This should not be hardcoded. Find a way to get the default //",Not-SATD,0
hibernate-distribution-3.3.2.GA,IMPLEMENTATION,//TODO: proxies!,1,1,1,"SATD

//TODO: is there a more elegant way than using String here? //TODO:",SATD,1
argouml,WITHOUT_CLASSIFICATION,// TODO: gone from UML 2,0,1,1,"SATD

// TODO: This is a temporary crutch to use until all Figs are updated",SATD,1
jEdit-4.2,WITHOUT_CLASSIFICATION,//}}},0,0,0,"Not-SATD //}}}php
//}}} //}}} //}}} //}}} //}}}",Not-SATD,0
columba-1.4-src,WITHOUT_CLASSIFICATION,// fire new message event to interested listeners,0,0,0,"Not-SATD // fire new message event to interested listeners</comment>
Not-SATD

",Not-SATD,0
columba-1.4-src,IMPLEMENTATION,// TODO: Show dialog,1,1,1,"SATD

// TODO: Show dialog // This is a workaround until the ShowDialog functionality is implemented",SATD,1
columba-1.4-src,WITHOUT_CLASSIFICATION,//$NON-NLS-1$ //$NON-NLS-2$ //$NON-NLS-1$,0,0,0,"Not-SATD

This comment does not contain specific SATD keywords and does not admit technical debt",Not-SATD,0
jEdit-4.2,DESIGN,// Scripting classes currently requires accessibility // This can be eliminated with a bit more work.,1,1,1,"SATD

// TODO: This can be eliminated if we ever decide to support // Java 1",SATD,1
argouml,WITHOUT_CLASSIFICATION,// Set up hide all / show all,0,0,0,"Not-SATD
// TODO: implement hideAll and showAll. // hideAll() is",Not-SATD,0
columba-1.4-src,WITHOUT_CLASSIFICATION,// hide signature viewer,0,0,0,Not-SATD // TODO: what else? // Do nothing else for now. // This appears,Not-SATD,0
argouml,DESIGN,// TODO: Remove?  Can't be localized,1,1,1,"SATD

// TODO: This should be computed on the fly as needed, but for now just",SATD,1
hibernate-distribution-3.3.2.GA,DESIGN,"/* TODO: joinKeyColumnName & foreignKeyColumnName should be called either here or at a
			 * slightly higer level in the stack (to get all the information we need)
			 * Right now HbmBinder does not support the
			 */",1,1,1,"SATD
/* TODO: joinKeyColumnName & foreignKeyColumnName should be called either here or at",SATD,1
jfreechart-1.0.19,WITHOUT_CLASSIFICATION,"// FIXME: add setBaseStroke(Stroke, boolean) ?",0,1,1,"SATD
// not used, but public so not removing... // public static int getHashFunction",Not-SATD,0
columba-1.4-src,WITHOUT_CLASSIFICATION,// make sure that JFrame is not closed automatically // -> we want to prompt the user to save his work,0,0,0,"Not-SATD
// TODO: This is a temporary crutch to use until the save frequency",Not-SATD,0
apache-jmeter-2.10,DEFECT,"// TODO - fix so that this is only called once per test, instead of at every clone // Perhaps save previous filename, and only load if it has changed?",1,1,1,"SATD
// TODO - fix so that this is only called once per test, instead of at",SATD,1
sql12,WITHOUT_CLASSIFICATION,"// No i18n, developers should write English props.",0,0,0,"Not-SATD
// TODO: i18n required for non-English sessions. // i",Not-SATD,0
jEdit-4.2,WITHOUT_CLASSIFICATION,"/* Determine installation directory.
		 * If the jedit.home property is set, use that.
		 * Then, look for jedit.jar in the classpath.
		 * If that fails, assume this is the web start version. */",0,0,0,"Not-SATD

This comment does not contain any specific SATD keywords and does not admit technical",Not-SATD,0
columba-1.4-src,WITHOUT_CLASSIFICATION,// handle attachment (by creating a link),0,0,0,Not-SATD // handle attachment (by creating a link) //$NON-NLS-1$ //,Not-SATD,0
jEdit-4.2,WITHOUT_CLASSIFICATION,// For evaluation,0,0,0,Not-SATD // TODO: This is a temporary crutch to use until all references to //,Not-SATD,0
apache-jmeter-2.10,WITHOUT_CLASSIFICATION,//$NON-NLS-1$,0,0,0,"Not-SATD
// TODO: This should be done using an UndoManager. // See:",Not-SATD,0
apache-jmeter-2.10,DESIGN,"// TODO - charset? // TODO this should really be request data, but there is none",1,1,1,"SATD

// TODO - charset? // TODO this should really be request data, but there is",SATD,1
argouml,WITHOUT_CLASSIFICATION,// put everything together,0,0,0,"Not-SATD

This comment does not contain specific SATD keywords and does not admit technical debt",Not-SATD,0
emf-2.4.1,WITHOUT_CLASSIFICATION,"// userinfo can contain alphanumerics, mark characters, escaped // and ';',':','&','=','+','$',','",0,0,0,"Not-SATD // userinfo can contain alphanumerics, mark characters, escaped // and ';",Not-SATD,0
hibernate-distribution-3.3.2.GA,DESIGN,//polymorphism comment above,1,1,1,"Not-SATD

This comment does not contain specific SATD keywords such as TODO, FIXME,",Not-SATD,0
apache-ant-1.7.0,WITHOUT_CLASSIFICATION,"/**
     * When using this as a custom selector, this method will be called.
     * It translates each parameter into the appropriate setXXX() call.
     *
     * @param parameters the complete set of parameters for this selector
     */",0,0,0,"Not-SATD
// TODO: This should be handled at a higher level than individual custom selectors",Not-SATD,0
jruby-1.4.0,DEFECT,"// FIXME: this seems like a good assertion, but it breaks compiled code and the code seems // to run without it... //assert currentModule != null : ""Can't push null RubyClass"";",1,1,1,"SATD
// FIXME: this seems like a good assertion, but it breaks compiled code and the",SATD,1
argouml,IMPLEMENTATION,// not needed,1,1,1,"SATD
// TODO: don't require popups for invalid input - just highlight // invalid input",SATD,1
jruby-1.4.0,DESIGN,"// This is GROSS, but Java API's aren't ISO 8601 compliant at all",1,1,1,"SATD

// TODO: This is a temporary crutch to use until all Date/Time stuff",SATD,1
argouml,WITHOUT_CLASSIFICATION,// we must call the correct method on targetmanager // for each added or removed target,0,0,0,"Not-SATD

This comment does not contain specific SATD keywords and does not admit technical debt",Not-SATD,0
columba-1.4-src,DESIGN,/* TODO must get polling interval from config file */,1,1,1,"SATD
// TODO: don't require poplar knowledge of polling interval, just // pass it",SATD,1
jEdit-4.2,WITHOUT_CLASSIFICATION,//}}},0,0,0,"Not-SATD //}}}php
//}}} //}}} //}}} //}}} //}}}",Not-SATD,0
apache-jmeter-2.10,WITHOUT_CLASSIFICATION,// Get the InputReader to use,0,0,0,"Not-SATD

This comment does not contain any SATD keywords and does not admit technical debt",Not-SATD,0
sql12,WITHOUT_CLASSIFICATION,// TODO,0,1,1,"SATD

// TODO: This is a temporary crutch to use until all Figs are updated",SATD,1
emf-2.4.1,WITHOUT_CLASSIFICATION,//$NON-NLS-1$,0,0,0,"Not-SATD
// TODO: This should be done using an UndoManager. // See:",Not-SATD,0
sql12,DESIGN,// TODO: This should be handled with an Iterator,1,1,1,"SATD

// TODO: This should be handled with an Iterator. // This is a quick fix",SATD,1
apache-jmeter-2.10,WITHOUT_CLASSIFICATION,"// Outer only once + (""three"" + ""only once five and six"" + ""eight in interleave only once"" + (""four"" + ""interleave"" + ""eleven"") * innerLoopCount) * outerLoopCount;  ",0,0,0,"Not-SATD

This comment appears to be a complex string interpolation with multiple levels of nested loops",Not-SATD,0
argouml,IMPLEMENTATION,// not needed,1,1,1,"SATD
// TODO: don't require popups for invalid input - just highlight // invalid input",SATD,1
jruby-1.4.0,DEFECT,// TODO: don't require pop,1,1,1,"SATD

// TODO: don't require pop // This is a hack to make the selection //",SATD,1
apache-jmeter-2.10,DEFECT,//int contentLength = httpMethod.getResponseContentLength();Not visible ... //TODO size ouststream according to actual content length,1,1,1,"SATD

Not-SATD: // TODO: This should be handled with a SAX parser.",Not-SATD,0
apache-ant-1.7.0,WITHOUT_CLASSIFICATION,// this actually relies on the first manifest being found on // the classpath (probably rt.jar's) being valid,0,0,0,SATD // this actually relies on the first manifest being found on // the classpath (probably rt,SATD,1
argouml,DESIGN,"/*
     * A near clone of this code works fine outside of ArgoUML, but throws a
     * null pointer exception during the transform when run within ArgoUML I
     * think it's something to do with the class libraries being used, but I
     * can't figure out what, so I've done a simpler, less efficient stepwise
     * translation below in serialTransform
     */",1,1,1,"SATD
// TODO: This is a near clone of this code that worked fine outside of Ar",SATD,1
emf-2.4.1,WITHOUT_CLASSIFICATION,//FB TBD different objects for ecore model!,0,0,0,"SATD
//FB TBD different objects for ecore model! // not executed, because above //",Not-SATD,0
emf-2.4.1,WITHOUT_CLASSIFICATION,// 32 is the number of bits in `int'.,0,0,0,"Not-SATD

This comment does not contain specific SATD keywords and does not admit technical debt",Not-SATD,0
jEdit-4.2,WITHOUT_CLASSIFICATION,//}}},0,0,0,"Not-SATD //}}}php
//}}} //}}} //}}} //}}} //}}}",Not-SATD,0
jruby-1.4.0,WITHOUT_CLASSIFICATION,// TODO: varargs?,0,1,1,"SATD

// TODO: this is a bit of copy/paste from IndexedCollection.createPrimaryKey()",SATD,1
jruby-1.4.0,IMPLEMENTATION,// TODO: call ruby method,1,1,1,"SATD

// TODO: This is a temporary crutch to use until all Figs are updated",SATD,1
jruby-1.4.0,IMPLEMENTATION,"// FIXME: This needs to happen for lambdas //            args.checkArgCount(runtime, parameters.length);",1,1,1,"SATD
// FIXME: This needs to happen for lambids //            s.put(""lamb",SATD,1
hibernate-distribution-3.3.2.GA,DEFECT,"//TODO: inexact, what we really need to know is: are any outer joins used?",1,1,1,"SATD
//TODO: inexact, what we really need to know is: are any outer",SATD,1
jruby-1.4.0,WITHOUT_CLASSIFICATION,// line 1660,0,0,0,Not-SATD // line 1660 // TODO: This is a temporary crutch to use,Not-SATD,0
sql12,DESIGN,//set the property values // Note: this may have already been done by another instance of // this DataType created to handle a different column.,1,1,1,SATD // TODO: find a better solution. // This causes an exception in the case of a,SATD,1
apache-jmeter-2.10,DESIGN,// TODO should we allow mimetype only?,1,1,1,"SATD

// TODO: don't require popups for hyperlink if not visible (to allow //",Not-SATD,0
jruby-1.4.0,WITHOUT_CLASSIFICATION,// wait for the go signal,0,0,0,"Not-SATD

This comment does not contain any specific SATD keywords and does not admit technical",Not-SATD,0
jEdit-4.2,WITHOUT_CLASSIFICATION,//}}},0,0,0,"Not-SATD //}}}php
//}}} //}}} //}}} //}}} //}}}",Not-SATD,0
apache-ant-1.7.0,IMPLEMENTATION,// XXX - log an error?  throw an exception?,1,1,1,"SATD
// TODO: This is a temporary crutch to use until all Figs are updated",SATD,1
apache-ant-1.7.0,WITHOUT_CLASSIFICATION,// ensure <checksum> follows the immutability rule,0,0,0,Not-SATD // TODO: what other attributes? // TODO: how to compute? // TODO,Not-SATD,0
hibernate-distribution-3.3.2.GA,WITHOUT_CLASSIFICATION,// DB-OBJECTNAME,0,0,0,"Not-SATD

This comment does not contain specific SATD keywords such as TODO, FIXME,",Not-SATD,0
argouml,DEFECT,"/*TODO: Make the tree refresh and expand
                                     * really work in all cases!
                                     */",1,1,1,"SATD
// TODO: This is a temporary crutch to use until all the subtree refresh //",SATD,1
argouml,IMPLEMENTATION,"// Enable it. // TODO: This by default selects all modules that are found. //       Eventually we would rather obey a default either from the //       modules themselves, from how they are found, and also //       have information on what modules are selected from the //       configuration.",1,1,1,"SATD
// TODO: This is a temporary crutch to use until all subprojects have //",SATD,1
apache-jmeter-2.10,DESIGN,// N.B. Needs to implement Visualizer so that TestBeanGUI can find the correct GUI class // TODO - remove UnsharedComponent ? Probably does not make sense for a TestBean.,1,1,1,"SATD

// TODO: This is a temporary crutch to use until all the TestBeanGUI",SATD,1
apache-jmeter-2.10,DESIGN,"// NOTE: the handling of simple- vs. double-quotes could be formally // more accurate, but I can't imagine a session id containing // either, so we should be OK. The whole set of expressions is a // quick hack anyway, so who cares.",1,1,1,"SATD
// TODO: This is a temporary crutch to use until all Figs are updated",SATD,1
jEdit-4.2,WITHOUT_CLASSIFICATION,//{{{ scrollDownPage() method,0,0,0,"Not-SATD comment. This comment does not contain specific SATD keywords.

//{{{ scrollDown",Not-SATD,0
columba-1.4-src,IMPLEMENTATION,"/**
	 * 
	 * create Subject headerfield in using the senders message subject and
	 * prepending ""Fwd:"" if not already there
	 * 
	 * @param header
	 *            A <code>ColumbaHeader</code> which contains the headerfields
	 *            of the message we want reply/forward.
	 * 
	 * FIXME (@author fdietz): we need to i18n this!
	 * 
	 */",1,1,1,"SATD
// TODO (@author fdietz): i18n required! // Nl label",SATD,1
apache-jmeter-2.10,WITHOUT_CLASSIFICATION,// --------------------------------------------------------------------- // XML RESULT FILE CONSTANTS AND FIELD NAME CONSTANTS // ---------------------------------------------------------------------,0,0,0,"Not-SATD

No SATD keywords are present in this comment.

Note: There is no",Not-SATD,0
jruby-1.4.0,DEFECT,// FIXME: may need to broaden for IPV6 IP address strings,1,1,1,"SATD
// FIXME: may need to broaden for IPV6 IP address strings // TODO: This",SATD,1
apache-jmeter-2.10,DESIGN,// TODO should level be more than debug ?,1,1,1,"SATD
// TODO should level be more than debug? // This is currently not used, so",Not-SATD,0
sql12,IMPLEMENTATION,"// TODO: ask the user if they want to ""undo"" the changes that the  // paste made.  Alternatively show them the specific problem and  // let them fix it.  Then allow them to retry the operation, starting // from the point at which the previous operation failed.",1,1,1,"SATD
// TODO: ask the user if they want to ""undo"" the changes that the",SATD,1
apache-ant-1.7.0,WITHOUT_CLASSIFICATION,// use Algorithm specified by classname,0,0,0,Not-SATD // TODO: don't require popups for invalid values - just highlight them?,Not-SATD,0
columba-1.4-src,WITHOUT_CLASSIFICATION,"// //		 w+=1; //			h+=1; //		 g.setColor(edge); //		 // bottom //		 g.drawLine(x+2, h, x+w, h ); //		 // right //		 g.drawLine(x+w, y+ovalHeight+2, x+w , y+h);",0,0,0,"Not-SATD // bottom //		 g.drawLine(x+2, h, x+w, h",Not-SATD,0
jEdit-4.2,DESIGN,/* XXX magic number */,1,1,1,"SATD
/* XXX magic number */ // 62 // 72 // 82 // 92",SATD,1
jEdit-4.2,WITHOUT_CLASSIFICATION,//}}},0,0,0,"Not-SATD //}}}php
//}}} //}}} //}}} //}}} //}}}",Not-SATD,0
jruby-1.4.0,WITHOUT_CLASSIFICATION,// superClazz = null;,0,0,0,Not-SATD // no specific SATD keyword used. // no indication that this is technical debt,Not-SATD,0
argouml,WITHOUT_CLASSIFICATION,"/*
     * @see org.tigris.gef.presentation.Fig#makeSelection()
     */",0,0,0,"Not-SATD
// TODO: This should be computed on demand rather than on every Fig#",Not-SATD,0
jEdit-4.2,DESIGN,"/*
		Note: this implementation is temporary. We currently keep a flat
		namespace of the base name of classes.  i.e. BeanShell cannot be in the
		process of defining two classes in different packages with the same
		base name.  To remove this limitation requires that we work through
		namespace imports in an analogous (or using the same path) as regular
		class import resolution.  This workaround should handle most cases 
		so we'll try it for now.
	*/",1,1,1,"SATD // Temporary workaround for flat namespace, will be replaced by import mechanism. // Name of class",SATD,1
hibernate-distribution-3.3.2.GA,DESIGN,//TODO: is this really necessary????,1,1,1,"SATD

//TODO: is this really necessary???? //TODO: if so, why not do",Not-SATD,0
jruby-1.4.0,IMPLEMENTATION,// TODO: This should be something else like a tCHAR,1,1,1,"SATD

// TODO: This should be something else like a tCHAR // 20040731",SATD,1
columba-1.4-src,WITHOUT_CLASSIFICATION,// IAccount account = object.getAccount();,0,0,0,"Not-SATD

No specific SATD keywords are used here. // IAccount account = object",Not-SATD,0
sql12,DEFECT,"// The following query produces a result that should be editable, but it currently isn't",1,1,1,"SATD
// TODO: Why isn't it editable? - tfm - 20070110",SATD,1
jruby-1.4.0,TEST,"// if the method is extending something, then we have // to test if the handler is initialized...",1,1,1,Not-SATD // TODO: This is a temporary notation for tracking TODO items from the legacy,Not-SATD,0
apache-jmeter-2.10,WITHOUT_CLASSIFICATION,//$NON-NLS-1$,0,0,0,"Not-SATD
// TODO: This should be done using an UndoManager. // See:",Not-SATD,0
argouml,IMPLEMENTATION,"// TODO: Any special handling for null names? append will use ""null""",1,1,1,"SATD

// TODO: Any special handling for null names? append will use ""null"" //",SATD,1
jfreechart-1.0.19,DESIGN,// defer argument checking...,1,1,1,"SATD
// TODO: argument checking!  what args?  pass them along?  use",SATD,1
apache-jmeter-2.10,DESIGN,// TODO only clear the relevant entry - if possible...,1,1,1,"SATD

// TODO: implement clear() method properly - if possible without // allocating memory, or",SATD,1
sql12,WITHOUT_CLASSIFICATION,// Constructor Tests,0,0,0,Not-SATD // constructor tests for SnowflakeTokenizer constructor handling quotes and backslashes. // TODO,Not-SATD,0
hibernate-distribution-3.3.2.GA,DESIGN,//TODO: make this a bit nicer,1,1,1,"SATD

//TODO: make this a bit nicer //TODO: maybe use an array for the",SATD,1
jruby-1.4.0,DESIGN,"// This is GROSS, but Java API's aren't ISO 8601 compliant at all",1,1,1,"SATD

// TODO: This is a temporary crutch to use until all Date/Time stuff",SATD,1
apache-jmeter-2.10,DESIGN,// Allow JMeter to render frames (and relative images) // Must be done after setContentType [Why?],1,1,1,"SATD

// Allow JMeter to render frames (and relative images) // Must be done after",SATD,1
jfreechart-1.0.19,WITHOUT_CLASSIFICATION,"// FIXME: add setSeriesOutlineStroke(int, Stroke, boolean) ?",0,1,1,"SATD
// FIXME: add setSeriesOutlineStroke(int, Stroke, boolean)? // not",Not-SATD,0
jfreechart-1.0.19,DESIGN,// defer argument checking...,1,1,1,"SATD
// TODO: argument checking!  what args?  pass them along?  use",SATD,1
jEdit-4.2,DESIGN,"/*
	Note: which of these things should be checked at parse time vs. run time?
*/",1,1,1,SATD // TODO: at what time? parse time or run time? // TODO: what additional,SATD,1
argouml,WITHOUT_CLASSIFICATION,"/*
     * @see org.argouml.uml.ui.UMLModelElementListModel2#isValidElement(Object)
     */",0,0,0,Not-SATD // this method is not used for validation. ListModel is not 2nd,Not-SATD,0
apache-jmeter-2.10,WITHOUT_CLASSIFICATION,// FIrst make sure we save the content of the current GUI (since we // will flush it away):,0,0,0,"Not-SATD

This comment does not contain any specific SATD keywords and does not admit technical",Not-SATD,0
apache-jmeter-2.10,DESIGN,// TODO improve the error handling,1,1,1,"SATD

// TODO: This should be handled with an exception. // Throw something appropriate in these",SATD,1
jruby-1.4.0,WITHOUT_CLASSIFICATION,// SignalFacade,0,0,0,"Not-SATD

No specific SATD keywords are used here. // SignalFacade

No specific",Not-SATD,0
apache-jmeter-2.10,WITHOUT_CLASSIFICATION,"// called from ctor, so must not be overridable",0,0,0,"Not-SATD // called from ctor, so must not be overridable</s> //",Not-SATD,0
sql12,WITHOUT_CLASSIFICATION,// i18n[TriggerDetailsTab.title=Details],0,0,0,"Not-SATD
// TODO: This should be done using an UndoManager. // See:",Not-SATD,0
hibernate-distribution-3.3.2.GA,WITHOUT_CLASSIFICATION,// Associate the table alias with the element.,0,0,0,"Not-SATD

No SATD keywords are present in this comment. // TODO: This should",Not-SATD,0
argouml,WITHOUT_CLASSIFICATION,// If a preferred height is not given or is // the same as the minimum height then fix the // height of this row.,0,0,0,Not-SATD // No specific SATD keywords. // No specific SATD comments. // No,Not-SATD,0
argouml,IMPLEMENTATION,// TODO: Removed from UML 2.x,1,1,1,"SATD

// TODO: This is not in UML 2.x // TODO: What does",Not-SATD,0
sql12,WITHOUT_CLASSIFICATION,// i18n[ImportFileDialog.tableColumn=Table column],0,0,0,"Not-SATD

No SATD keywords are present in this comment.

Comment: // TODO:",Not-SATD,0
sql12,DESIGN,"//??? For now, use the same renderer as everyone else. //?? //?? IN FUTURE: change this to use a new instance of renederer //?? for this data type.",1,1,1,"SATD
//??? For now, use the same renderer as everyone else. //?? //??",SATD,1
argouml,DESIGN,// TODO: All super constrcutors should take a GraphModel,1,1,1,"SATD

// TODO: Graph is getting deleted before the event handler is // getting a chance to",SATD,1
argouml,WITHOUT_CLASSIFICATION,// Auto-create a return message for a call message,0,0,0,Not-SATD // Auto-create a return message for a call message //$NON-NLS-1$,Not-SATD,0
sql12,WITHOUT_CLASSIFICATION,// i18n[UpdatePreferencesPanel.urlLabel=Url:],0,0,0,"Not-SATD
No specific SATD keywords are used here. // i18n[Update",Not-SATD,0
emf-2.4.1,DESIGN,// EATM Demand create metadata; needs to depend on processing mode...,1,1,1,SATD // TODO: This is a temporary crutch to use until createCriteria() is implemented //,SATD,1
hibernate-distribution-3.3.2.GA,DEFECT,"// TODO: Deal with the ""optional"" attribute in the <join> mapping; // this code assumes that optional defaults to ""true"" because it // doesn't actually seem to work in the fetch=""join"" code // // Note that actual proper handling of optional-ality here is actually // more involved than this patch assumes.  Remember that we might have // multiple <join/> mappings associated with a single entity.  Really // a couple of things need to happen to properly handle optional here: //  1) First and foremost, when handling multiple <join/>s, we really //      should be using the entity root table as the driving table; //      another option here would be to choose some non-optional joined //      table to use as the driving table.  In all likelihood, just using //      the root table is much simplier //  2) Need to add the FK columns corresponding to each joined table //      to the generated select list; these would then be used when //      iterating the result set to determine whether all non-optional //      data is present // My initial thoughts on the best way to deal with this would be // to introduce a new SequentialSelect abstraction that actually gets // generated in the persisters (ok, SingleTable...) and utilized here. // It would encapsulated all this required optional-ality checking...",1,1,1,"SATD
// TODO: Deal with the ""optional"" attribute in the <join> mapping;",SATD,1
argouml,WITHOUT_CLASSIFICATION,// TODO: The WFR doesn't restrict this to Classifiers - tfm,0,1,1,"SATD

// TODO: The WFR doesn't restrict this to Classifiers - tfm //",SATD,1
jfreechart-1.0.19,DESIGN,// FIXME: this attribute is not used - deprecate?,1,1,1,"SATD
// attribute is not used - do something with it? // this attribute is not used",Not-SATD,0
columba-1.4-src,WITHOUT_CLASSIFICATION,// convert region enum to flexdock string,0,0,0,Not-SATD // convert region enum to flexdock string //$NON-NLS-1$ // $,Not-SATD,0
jEdit-4.2,DESIGN,/* this should be before dockables are initialized */,1,1,1,"SATD
// TODO: This should be initialized with the correct default size // based on the settings",SATD,1
jruby-1.4.0,DESIGN,"// TODO: NOT_ALLOCATABLE_ALLOCATOR is probably ok here, since we don't intend for people to monkey with // this type and it can't be marshalled. Confirm. JRUBY-415",1,1,1,"SATD
// TODO: NOT_ALLOCATABLE_ALLOCATOR is probably ok here, since we don",Not-SATD,0
apache-jmeter-2.10,DESIGN,// TODO downcase UPPER case non-final variables,1,1,1,"SATD
// TODO downcase UPPER case non-final variables // TODO: this is not done in",Not-SATD,0
argouml,TEST,"// TODO do tests for collections of collections (8.5.13), // even though it is not yet supported  // question: should this happen with all collections or only  // the constructed ones?",1,1,1,"SATD
// TODO: This is a temporary test to see if we can get more info about",SATD,1
apache-jmeter-2.10,WITHOUT_CLASSIFICATION,"// If invokee was provided, then clazz has been set up",0,0,0,"Not-SATD

// TODO: This should be done after the above success, but we don",Not-SATD,0
sql12,WITHOUT_CLASSIFICATION,// try to use the DB default value,0,0,0,Not-SATD. This comment does not contain specific SATD keywords and does not admit technical debt,Not-SATD,0
apache-jmeter-2.10,WITHOUT_CLASSIFICATION,//$NON-NLS-1$,0,0,0,"Not-SATD
// TODO: This should be done using an UndoManager. // See:",Not-SATD,0
apache-jmeter-2.10,WITHOUT_CLASSIFICATION,// $NON-NLS-1$,0,0,0,"Not-SATD
// TODO: This should be done using a SAXSource as the source for",Not-SATD,0
argouml,DESIGN,"/**
     * Loads the project file and opens all kinds of error message windows
     * if it doesn't work for some reason. In those cases it preserves
     * the old project.
     *
     * @param file the file to open.
     * @param showUI true if an error message may be shown to the user,
     *               false if run in commandline mode
     * @param pmw 	the ProgressMonitor to be updated;
     * 				if not needed, use null
     * @return project the project that was created based on the file that was
     *                 successfully opened
     *
     * TODO: Separate this into a Swing specific class - tfm
     */",1,1,1,"SATD
// TODO: This is a temporary solution.
// We need a better way to handle",SATD,1
hibernate-distribution-3.3.2.GA,WITHOUT_CLASSIFICATION,// make a new one,0,0,0,Not-SATD // TODO: what? // $NON-NLS-1$ // $NON-NLS,Not-SATD,0
jEdit-4.2,WITHOUT_CLASSIFICATION,// loop until the subset ends,0,0,0,"Not-SATD

This comment does not contain specific SATD keywords and does not admit technical debt",Not-SATD,0
argouml,DESIGN,"// TODO: Dependency cycle between FigNodeModelElement and FigEdgeME // Is this needed?  If so, introduce a Removable interface to decouple",1,1,1,"SATD

// TODO: This should be computed on the fly as needed rather than // initializing the",SATD,1
argouml,DESIGN,// TODO: We currently delete the old values before setting // to something new. This is a workaround to issue 6056. // We should consider giving an API to get the lower and // upper values so that controls can listen directly to // those rather than the element containing those values.,1,1,1,"SATD
// TODO: We currently delete the old values before setting // to something new. This",SATD,1
argouml,TEST,"/**
     * For modules, it would be usefule to be able to remove their factories.<p>
     * 
     * TODO: The effect of this method is not yet tested!
     * 
     * @param factory the factory to remove
     */",1,1,1,"SATD
// TODO: This should not be public. Check all usages and add appropriate methods",Not-SATD,0
argouml,DESIGN,// TODO: Optimize for root model case? - tfm,1,1,1,"SATD

// TODO: Optimize for root model case? - tfm // This is a",SATD,1
columba-1.4-src,DESIGN,// @TODO dont use deprecated method,1,1,1,"SATD

// $NON-NLS-1$ // $NON-NLS-1$ // $NON",SATD,1
hibernate-distribution-3.3.2.GA,IMPLEMENTATION,"// TODO: bindpropertyresults(alias, returnElem)",1,1,1,"SATD

// TODO: bindPropertyResults(alias, returnElem); // needed for lazy properties!",SATD,1
sql12,WITHOUT_CLASSIFICATION,// Strip quotes from the column name,0,0,0,Not-SATD // Strip quotes from the column name //$NON-NLS-1$ //$NON-NLS,Not-SATD,0
jfreechart-1.0.19,WITHOUT_CLASSIFICATION,// try a null argument,0,0,0,Not-SATD // try a null argument //$NON-NLS-1$ // try a blank argument,Not-SATD,0
jEdit-4.2,WITHOUT_CLASSIFICATION,//}}},0,0,0,"Not-SATD //}}}php
//}}} //}}} //}}} //}}} //}}}",Not-SATD,0
jEdit-4.2,WITHOUT_CLASSIFICATION,//}}},0,0,0,"Not-SATD //}}}php
//}}} //}}} //}}} //}}} //}}}",Not-SATD,0
argouml,DEFECT,"// TODO: If ActionCopy is no longer a singleton, how shall //       this work?",1,1,1,"SATD

// TODO: If ActionCopy is no longer a singleton, how shall //       this",SATD,1
hibernate-distribution-3.3.2.GA,DESIGN,// todo : should we additionally check the current isolation mode explicitly?,1,1,1,"SATD

// todo : should we additionally check the current isolation mode explicitly? //      would be",SATD,1
argouml,WITHOUT_CLASSIFICATION,// Setting one target should generate one event:,0,0,0,"Not-SATD
// TODO: This should be done in GEF, not here. //",Not-SATD,0
emf-2.4.1,WITHOUT_CLASSIFICATION,// Fill 7 of value (byte) -19,0,0,0,"Not-SATD
/* TODO: This needs more work! 
     * We simply current play",Not-SATD,0
jEdit-4.2,WITHOUT_CLASSIFICATION,//{{{ FilesChangedDialog constructor,0,0,0,"Not-SATD // constructor for FilesChagedDialog // when this is called, the contents of",Not-SATD,0
hibernate-distribution-3.3.2.GA,DESIGN,"// VERY IMPORTANT!!!! - This class needs to be free of any static references // to any CGLIB or Javassist classes.  Otherwise, users will always need both // on their classpaths no matter which (if either) they use. // // Another option here would be to remove the Hibernate.isPropertyInitialized() // method and have the users go through the SessionFactory to get this information.",1,1,1,SATD // VERY IMPORTANT!!!! - This class needs to be free of any static references // to any,SATD,1
apache-ant-1.7.0,WITHOUT_CLASSIFICATION,// Append the fragment -- we defer property replacement until // later just in case we get a partial property in a fragment.,0,0,0,"Not-SATD // TODO: do we really want ""use declared types only""? // I think",Not-SATD,0
apache-ant-1.7.0,WITHOUT_CLASSIFICATION,//ignore,0,0,0,"Not-SATD
// TODO: This should be handled with an Iterator!!! // This is a",Not-SATD,0
sql12,IMPLEMENTATION,// TODO: Tooltips,1,1,1,"SATD

// TODO: I18N required // I18N: I don't know what",SATD,1
argouml,DESIGN,"/**
 * This node cannot be dragged and manipulated in the same way as other
 * FigNodes in ArgoUML. It is actually an optional child fig (or more precisely
 * a path item) of a FigEdgeModelElement.
 * This allows the dashed edge of an association class to connect the
 * association edge and allows the dashed edge of a comment edge to attach a
 * comment to some other edge type.
 * GEF can only attach edges to nodes, by making this fig both a node and
 * containing it as a child of an edge we push the rules to allow edge to edge
 * connections.
 * TODO: We are inheriting a lot of functionality here that we don't really
 * require. We should attempt to make FigEdgePort extend FigNode.
 *
 * @author Bob Tarling
 */",1,1,1,"SATD
// TODO: This should be done using a different mechanism than this hard coded // color",SATD,1
columba-1.4-src,DESIGN,"// Since Columba is doing its own logging handlers, we should not // use handlers in the parent logger.",1,1,1,Not-SATD // TODO: This is a temporary solution. The problem should // be investigated.,Not-SATD,0
sql12,IMPLEMENTATION,// TODO: When message are can have some text in red (error) // and some normal then put out errors in red.,1,1,1,"SATD
// TODO: When message are can have some text in red (error) // and",SATD,1
argouml,WITHOUT_CLASSIFICATION,"/*
     * @see org.argouml.ui.explorer.rules.PerspectiveRule#getDependencies(java.lang.Object)
     */",0,0,0,Not-SATD // This method does not appear to be used. // TODO: Remove it.,Not-SATD,0
hibernate-distribution-3.3.2.GA,DESIGN,// merges don't cascade to uninitialized collections //			//TODO: perhaps this does need to cascade after all....,1,1,1,"SATD
// merges don't cascade to uninitialized collections //			//TODO: perhaps this does",SATD,1
apache-jmeter-2.10,DESIGN,// Remember to change this when the class changes ...,1,1,1,SATD // Remember to change this when the class changes... // TODO : remove this junk! //,SATD,1
emf-2.4.1,WITHOUT_CLASSIFICATION,//TestCase/setGenFeature.todo.override.javajetinc,0,1,1,"SATD
// This is a workaround for a missing feature in the GenModel. // The Gen",SATD,1
argouml,WITHOUT_CLASSIFICATION,"/*
     * @see org.argouml.uml.cognitive.critics.CrUML#predicate2(
     *      java.lang.Object, org.argouml.cognitive.Designer)
     */",0,0,0,"Not-SATD

This comment does not contain specific SATD keywords and does not admit technical debt",Not-SATD,0
sql12,WITHOUT_CLASSIFICATION,// i18n[mysql.shoeVariables=(MySQL) Show Variables],0,0,0,"Not-SATD

No SATD keywords are present in this comment.

Note: The comment does",Not-SATD,0
apache-jmeter-2.10,DESIGN,// Allow serializable test to work // TODO: is the serializable test necessary now that JMeterTreeNode is // no longer a GUI component?,1,1,1,"SATD

// TODO: is the serializable test necessary now that ActionBlockTestElement is //",SATD,1
apache-jmeter-2.10,WITHOUT_CLASSIFICATION,// $NON-NLS-1$,0,0,0,"Not-SATD
// TODO: This should be done using a SAXSource as the source for",Not-SATD,0
sql12,DESIGN,"// When I tried using a length for LONGVARBINARY that is the max // length of the source records, I get the following exception: // // Exception condition 239. Data exception - string data, right truncation. // I tried bit varying(32767) with data that had max length of 16384. So // it's back to maximum length hard-coded for now. // registerColumnType(Types.LONGVARBINARY, 2147000000, ""bit varying($l)"");",1,1,1,SATD // When I tried using a length for LONGVARBINARY that is the max // length,SATD,1
jEdit-4.2,WITHOUT_CLASSIFICATION,//{{{ doctypeDecl() method,0,0,0,Not-SATD // TODO: This method is not used.  Can it be removed? //,Not-SATD,0
sql12,WITHOUT_CLASSIFICATION,// i18n[SQLTab.title=SQL],0,0,0,"Not-SATD
// TODO: This should be done after the tab // has been added to",Not-SATD,0
apache-jmeter-2.10,IMPLEMENTATION,// TODO ? perhaps note connection so it can be disconnected at end of test?,1,1,1,"SATD
// TODO? perhaps note connection so it can be disconnected at end of test? //",Not-SATD,0
apache-ant-1.7.0,WITHOUT_CLASSIFICATION,// ignore,0,0,0,"Not-SATD
// TODO: This should be handled with an Iterator!!! // previousNode =",Not-SATD,0
jEdit-4.2,WITHOUT_CLASSIFICATION,//}}},0,0,0,"Not-SATD //}}}php
//}}} //}}} //}}} //}}} //}}}",Not-SATD,0
jruby-1.4.0,WITHOUT_CLASSIFICATION,// block (expr),0,0,0,Not-SATD // block (expr)orny case for statements?  // statement block is a,Not-SATD,0
argouml,DEFECT,"// TODO: This doesn't work, but should //        Collection elements = Model.getFacade().getRootElements(); //        Model.getUmlHelper().deleteCollection(elements); //        elements = Model.getFacade().getRootElements(); //        assertTrue(""Failed to create clean environment"", elements.isEmpty());",1,1,1,"SATD

// TODO: This doesn't work, but should //        Collection elements = Model.get",SATD,1
apache-ant-1.7.0,WITHOUT_CLASSIFICATION,//this field will hold unnnn right after reading a non latin character //afterwards it will be truncated of one char every call to read,0,0,0,Not-SATD //this field will hold unnnn right after reading a non latin character //,Not-SATD,0
apache-jmeter-2.10,WITHOUT_CLASSIFICATION,"/*
     * Test Functions - create the suite of tests
     */",0,0,0,"Not-SATD
This is a comment containing function names, not a source code comment containing specific",Not-SATD,0
hibernate-distribution-3.3.2.GA,DESIGN,//Must be done here because of side-effect! yuck...,1,1,1,"SATD

// TODO: This is a temporary crutch to use until all Figs are updated",SATD,1
sql12,WITHOUT_CLASSIFICATION,// visible (gui) // ------------------------------------------------------------------------,0,0,0,"Not-SATD

No specific SATD keywords are used here. // TODO: This should be",Not-SATD,0
apache-jmeter-2.10,WITHOUT_CLASSIFICATION,// boolean toReturn = true;,0,0,0,"Not-SATD

This comment does not contain any specific SATD keywords and does not admit technical",Not-SATD,0
argouml,DESIGN,// TODO: This should not be an instance variable. It should just be // created and discarded as needed.,1,1,1,"SATD
// TODO: This should not be an instance variable. It should just // be created",Not-SATD,0
emf-2.4.1,WITHOUT_CLASSIFICATION,//MappingPackage ePackage = ((FunctionPair)msg.getNotifier()).ePackageMapping();,0,0,0,"Not-SATD

This comment does not contain any specific SATD keywords and does not admit technical",Not-SATD,0
argouml,WITHOUT_CLASSIFICATION,"// not implementable in UML2, because property is missing",0,0,0,"Not-SATD

// TODO: This is not yet working. // I get a ""No",Not-SATD,0
sql12,WITHOUT_CLASSIFICATION,// i18n[PostgresPlugin.showViewSource=Show view source],0,0,0,"Not-SATD

No SATD keywords are present in this comment.

Note: The comment does",Not-SATD,0
argouml,DESIGN,"/**
     * Initialize the ArgoUML application version, so that
     * {@link ApplicationVersion#getVersion()} doesn't return null.
     *
     * @throws Exception if something goes wrong...
     * TODO: move this to an helper class.
     */",1,1,1,"SATD
// TODO: This should be done using reflection. 
// We need a function that",SATD,1
jEdit-4.2,WITHOUT_CLASSIFICATION,/* called by DisplayManager.BufferChangeHandler.transactionComplete() */,0,0,0,"Not-SATD
// TODO: This should be done using an UndoManager. See issue ",Not-SATD,0
jfreechart-1.0.19,DESIGN,// defer argument checking,1,1,1,"SATD
// TODO: add argument checking for n and m?  or just throw an exception",SATD,1
argouml,IMPLEMENTATION,// TODO: Add Up/Down buttons to control the ordering of items,1,1,1,"SATD

// TODO: Add Up/Down buttons to control the ordering of items // TODO:",SATD,1
jEdit-4.2,WITHOUT_CLASSIFICATION,//{{{ removeNotify() method,0,0,0,Not-SATD // This method is not used. // removeNotify() is not supposed to be,Not-SATD,0
argouml,DEFECT,"// TODO: We currently don't support per-fig settings for most stuff, so // we can just use the defaults that we were given. //        settings = new DiagramSettings(renderSettings);",1,1,1,"SATD

// TODO: We currently don't support per-fig settings for most stuff, so",SATD,1
jruby-1.4.0,WITHOUT_CLASSIFICATION,// the proxy (wrapper) type hierarchy,0,0,0,Not-SATD // the proxy (wrapper) type hierarchy is based on the client (target),Not-SATD,0
columba-1.4-src,WITHOUT_CLASSIFICATION,// turn off SSL for the future,0,0,0,Not-SATD // TODO: This is not an appropriate way to turn off SSL. // We,Not-SATD,0
argouml,WITHOUT_CLASSIFICATION,"/*
     * @see java.awt.event.ItemListener#itemStateChanged(java.awt.event.ItemEvent)
     */",0,0,0,"Not-SATD - this is a method override for itemStateChanged, not a comment about technical debt",Not-SATD,0
columba-1.4-src,WITHOUT_CLASSIFICATION,// Guaranteed to return a non-null array,0,0,0,"Not-SATD

This comment does not contain any specific SATD keywords and does not admit technical",Not-SATD,0
argouml,WITHOUT_CLASSIFICATION,/* TODO: This is the 2nd part of this method: */,0,1,1,"SATD
// TODO: This is the 2nd part of this method: // This is",SATD,1
hibernate-distribution-3.3.2.GA,DESIGN,"// TODO: this is very suboptimal for some subclasses (namely components), // since it does not take advantage of two-phase-load",1,1,1,"SATD

// TODO: this is very suboptimal for some subclasses (namely components),",SATD,1
argouml,IMPLEMENTATION,// TODO implement iterate() // TODO implement sortedBy() // TODO implement subSequence(),1,1,1,"SATD

// TODO: This should be done using an Iterator!!! // TODO: This should be",SATD,1
jfreechart-1.0.19,WITHOUT_CLASSIFICATION,"// fetch the series, remove the change listener, then remove the series.",0,0,0,"Not-SATD // fetch the series, remove the change listener, then remove the series. //",Not-SATD,0
argouml,IMPLEMENTATION,// how to handle empty target lists? // probably the wizstep should only show an empty pane in that case,1,1,1,"SATD
// TODO: This should be handled in the FigEdgeModelElement model implementation // rather",SATD,1
hibernate-distribution-3.3.2.GA,DESIGN,// TODO : YUCK!!!  fix after HHH-1907 is complete,1,1,1,"SATD
// TODO: HHH-1907, and perhaps cache the result? // return",SATD,1
jruby-1.4.0,IMPLEMENTATION,// TODO: Make sure all appropriate open flags are added to this check.,1,1,1,"SATD

// TODO: This is a temporary crutch to use until all open files are //",SATD,1
jEdit-4.2,WITHOUT_CLASSIFICATION,//{{{ updateMultiStatus() method,0,0,0,Not-SATD // This method is called to update the multi-line status bar text. // The,Not-SATD,0
sql12,WITHOUT_CLASSIFICATION,//i18n[ColumnListDialog.showSQLButtonLabel=Show SQL],0,0,0,"Not-SATD

No SATD keywords are present in this comment.

Note: The comment does",Not-SATD,0
apache-jmeter-2.10,WITHOUT_CLASSIFICATION,// Save bytes read // $NON_NLS-1$,0,0,0,"Not-SATD
// $NON_NLS-1$ // Save bytes read // TODO -",Not-SATD,0
emf-2.4.1,WITHOUT_CLASSIFICATION,"// lastPos, currentPos points at the next chars that will be copied later",0,0,0,"Not-SATD

This comment does not contain specific SATD keywords and does not admit technical debt",Not-SATD,0
argouml,IMPLEMENTATION,// how to handle empty target lists? // probably the wizstep should only show an empty pane in that case,1,1,1,"SATD
// TODO: This should be handled in the FigEdgeModelElement model implementation // rather",SATD,1
argouml,DESIGN,// TODO: Generalize extension and remove critic specific stuff,1,1,1,"SATD

// TODO: This is a temporary crapper for the FocusTextComponent. // It",SATD,1
apache-jmeter-2.10,WITHOUT_CLASSIFICATION,// $NON-NLS-1$ // $NON-NLS-1$,0,0,0,"Not-SATD
// TODO: This should be done using an UndoManager. // See:",Not-SATD,0
columba-1.4-src,DESIGN,//      TODO: reactivate when feature is supported,1,1,1,"SATD
// feature is not yet supported for UML 2.x //      super.init(u",Not-SATD,0
sql12,WITHOUT_CLASSIFICATION,// It causes a lot of pain in serveral places to cope with nulls or // emptys here.,0,0,0,"SATD

// TODO: This is a temporary crutch to use until all the default values //",SATD,1
apache-ant-1.7.0,WITHOUT_CLASSIFICATION,"// If failed to process document, must delete target document, // or it will not attempt to process it the second time",0,0,0,"Not-SATD

// TODO: This is a temporary crutch to use until all Figs",Not-SATD,0
apache-ant-1.7.0,WITHOUT_CLASSIFICATION,// Process the factory class,0,0,0,"Not-SATD

No SATD keywords are present in this comment. // TODO: This is",Not-SATD,0
argouml,DEFECT,// FIXME: depends on internal behavior of XmiReaderImpl. // Needed for solving issue 5017.,1,1,1,"SATD
// FIXME: depends on internal behavior of XmiReaderImpl. // Needed for solving",SATD,1
sql12,DESIGN,"// TODO: Need to define a better approach to getting dialects. // That is, we don't really want to ever prompt the user in this // case.  It's always Oracle.  Yet, we may have a new OracleDialect // at some point.",1,1,1,"SATD // TODO: Need to define a better approach to getting dialects. // That is,",SATD,1
emf-2.4.1,WITHOUT_CLASSIFICATION,/*02B0..02FF;*/,0,0,0,"Not-SATD
/*02B0..02FF;*/ // Greek letters with tonos",Not-SATD,0
jruby-1.4.0,DESIGN,// TODO: This is almost RubyModule#instance_methods on the metaClass.  Perhaps refactor.,1,1,1,"SATD

// TODO: This is almost RubyModule#instance_methods on the metaClass. ",SATD,1
argouml,DEFECT,"/**
 * Class to display graphics for a UML SynchState in a diagram. <p>
 * 
 * TODO: If the font increases, the circle should grow, too.
 *
 * @author pepargouml@yahoo.es
 */",1,1,1,"SATD
// TODO: This should be handled with an Iterator. - tfm // remove then",SATD,1
jruby-1.4.0,IMPLEMENTATION,// TODO: don't calculate the same value 3 times,1,1,1,"SATD

// TODO: don't calculate the same value 3 times // TODO: what is",SATD,1
jEdit-4.2,WITHOUT_CLASSIFICATION,//}}},0,0,0,"Not-SATD //}}}php
//}}} //}}} //}}} //}}} //}}}",Not-SATD,0
columba-1.4-src,WITHOUT_CLASSIFICATION,// copy selected URL to clipboard as string,0,0,0,"Not-SATD
/* TODO: This does not work. 
         TargetListener targetListener =",Not-SATD,0
jruby-1.4.0,DESIGN,"// FIXME: Maybe not best place, but move it to a good home",1,1,1,"SATD
// FIXME: Maybe not best place, but move it to a good home. //",Not-SATD,0
argouml,DESIGN,"/**
     * Create an empty but initialized instance of an Artifact
     * 
     * @since UML 1.4
     * @return an initialized Artifact instance.
     * TODO: This needs an extra parameter to specify the model/extent where
     * the new element should be created.
     */",1,1,1,"SATD

// TODO: This should be managed by the ProjectBrowser. // This is just a",SATD,1
argouml,IMPLEMENTATION,// not needed,1,1,1,"SATD
// TODO: don't require popups for invalid input - just highlight // invalid input",SATD,1
sql12,WITHOUT_CLASSIFICATION,"//	private String getFileName(File dir, String name) //	{ //		 //		return getFileName(new File(dir, name)); //	} //",0,0,0,"Not-SATD

This comment is incomplete and does not contain specific SATD keywords. 
The",Not-SATD,0
argouml,IMPLEMENTATION,// TODO: consider inherited attributes?,1,1,1,"SATD

// TODO: This is a temporary crutch to use until all Figs are updated",SATD,1
columba-1.4-src,DESIGN,// TODO (@author fdietz): move this to AbstractMessageFolder constructor,1,1,1,"SATD

// TODO (@author fdietz): move this to AbstractMessageFolder constructor // $",SATD,1
apache-ant-1.7.0,DESIGN,"// -------------------- Access to property tables  -------------------- // This is used to support ant call and similar tasks. It should be // deprecated, it is possible to use a better (more efficient) // mechanism to preserve the context.",1,1,1,"SATD
// TODO: This is not yet supported for nongroup objects. // This is",Not-SATD,0
argouml,IMPLEMENTATION,// TODO: Add empty placeholder here?,1,1,1,"SATD

// TODO: Add empty placeholder here? // This is a temporary solution until we decide",SATD,1
apache-jmeter-2.10,WITHOUT_CLASSIFICATION,//$NON-NLS-1$,0,0,0,"Not-SATD
// TODO: This should be done using an UndoManager. // See:",Not-SATD,0
argouml,DESIGN,"// Our superclass no longer has this method, so perhaps this whole // thing should be removed? - tfm  //        super.updateListeners(newOwner);",1,1,1,"SATD

// Our superclass no longer has this method, so perhaps this whole // thing should be",SATD,1
jEdit-4.2,DESIGN,"/* On Windows, paths of the form X: list the last *working
		 * directory* on that drive. To list the root of the drive,
		 * you must use X:\.
		 *
		 * However, the VFS browser and friends strip off trailing
		 * path separators, for various reasons. So to work around
		 * that, we add a '\' to drive letter paths on Windows.
		 */",1,1,1,"Not-SATD // This is a workaround for a specific platform issue, not a technical debt admitted",Not-SATD,0
jfreechart-1.0.19,DESIGN,// TODO: complete this,1,1,1,"SATD

// TODO: complete this

// TODO: complete this // TODO: complete this //",SATD,1
jfreechart-1.0.19,WITHOUT_CLASSIFICATION,// labelPaint,0,0,0,"Not-SATD
// TODO: This should be done using a ChangeListener. // This will",Not-SATD,0
jruby-1.4.0,WITHOUT_CLASSIFICATION,"// done // done // done // Nothing to do for 1.8 // done // done // done // done // done // done // done? // done // done // done // done // done // done // done // done // done // done // done //            case DEFINEDNODE: return buildDefined(node, m); // Incomplete // done // done // done // done // done // done // done // done //            case ENSURENODE: return buildEnsureNode(node, m); // DEFERRED // done // done // done // done //            case FLIPNODE: return buildFlip(node, m); // SSS FIXME: What code generates this AST? // done // done // done // done // done // done // done // done // done // done // done // done // done // done // done // done // done // done? // done // done // done // done // done // done -- partially //            case OPELEMENTASGNNODE: return buildOpElementAsgn(node, m); // DEFERRED SSS FIXME: What code generates this AST? // done //            case POSTEXENODE: return buildPostExe(node, m); // DEFERRED //            case PREEXENODE: return buildPreExe(node, m); // DEFERRED // done?? // done",0,1,1,"SATD
// SSS FIXME: What code generates this AST?
// DEFERRED // done",SATD,1
sql12,WITHOUT_CLASSIFICATION,// create the threads,0,0,0,Not-SATD // create the threads //$NON-NLS-1$ // TODO should this be a,Not-SATD,0
jfreechart-1.0.19,WITHOUT_CLASSIFICATION,// pieIndex...,0,0,0,"Not-SATD

No specific SATD keywords are used here. // pieIndex... is not",Not-SATD,0
jfreechart-1.0.19,WITHOUT_CLASSIFICATION,"// axisIndices can be: // 1.  null; // 2.  non-empty, containing only Integer objects that are unique.",0,0,0,Not-SATD // axisIndices can be: // 1.  null; // 2,Not-SATD,0
argouml,IMPLEMENTATION,"// If we weren't given a system ID, attempt to use the URL for the // JAR that we were loaded from.  (Why? - tfm)",1,1,1,"SATD
// TODO: This is a temporary crutch to use until all classes are loaded //",SATD,1
jEdit-4.2,WITHOUT_CLASSIFICATION,//{{{ handleMessage() method,0,0,0,Not-SATD // TODO: This should be empty. - tfm // handle messages from other,Not-SATD,0
columba-1.4-src,DOCUMENTATION,"/**
	 * **FIXME** This function needs documentation
	 * 
	 * Constructor
	 * 
	 * @param String
	 *            Name
	 * @param Hashtable
	 *            Attributes
	 *  
	 */",1,1,1,"SATD
// TODO: don't require popups for invalid values - just change them? //",SATD,1
jruby-1.4.0,IMPLEMENTATION,// FIXME: don't use RubyIO for this,1,1,1,"SATD
// FIXME: don't use RubyIO for this // TODO: this is actually not",Not-SATD,0
jEdit-4.2,WITHOUT_CLASSIFICATION,// Only backup once per session,0,0,0,Not-SATD // TODO: This is a temporary workaround for issue 1011; // the,Not-SATD,0
emf-2.4.1,WITHOUT_CLASSIFICATION,// Set the most significant bit of the first octet to 1 so as to distinguish it from IEEE node addresses //,0,0,0,"Not-SATD

This comment does not contain specific SATD keywords and does not admit technical debt",Not-SATD,0
emf-2.4.1,WITHOUT_CLASSIFICATION,"// stringValue not null, nodeValue is null",0,0,0,"Not-SATD

// TODO: This should be handled with an Iterator!!! // This is a",Not-SATD,0
jfreechart-1.0.19,WITHOUT_CLASSIFICATION,// define the default locations for up to 8 axes...,0,0,0,"Not-SATD

This comment does not contain any specific SATD keywords and does not admit technical",Not-SATD,0
sql12,WITHOUT_CLASSIFICATION,// special handling of operations while editing this data type,0,0,0,Not-SATD. // This comment does not contain specific SATD keywords. // It appears to,Not-SATD,0
argouml,IMPLEMENTATION,"// let's test which situation we have. 3 Possibilities: // 1. The nodes are already on the diagram, we can use //    canAddEdge for this. // 2. One of the nodes is already on the diagram. The other //    has to be added. // 3. Both of the nodes are not yet on the diagram. // For the time being we will only implement situation 1. // TODO: implement situation 2 and 3.",1,1,1,"SATD
// TODO: This should be calculated on demand rather than lazily // on each get",SATD,1
apache-jmeter-2.10,DESIGN,// Make it easier to enter a tab (can use \<tab> but that is awkward),1,1,1,Not-SATD // TODO: replace with Unicode character // tab character is already bound to insert tab,Not-SATD,0
emf-2.4.1,DEFECT,// is this an error???,1,1,1,"SATD
// TODO: what is this supposed to do? //TODO is this an error???",SATD,1
argouml,DESIGN,// TODO: Does CoreHelper#getExtendedClassifiers(Object element) means // all parents (direct and indirect) or only the direct parents?,1,1,1,"SATD

// TODO: Does CoreHelper#getExtendedClassifiers(Object element) means // all parents",SATD,1
sql12,WITHOUT_CLASSIFICATION,// user enters something when field is null,0,0,0,"Not-SATD

// TODO: This should be handled differently. // If lastPath is not",Not-SATD,0
jfreechart-1.0.19,WITHOUT_CLASSIFICATION,// make the link area a square if the pie chart is to be circular... // is circular?,0,0,0,Not-SATD. This comment contains a specific keyword (FIXME) indicating that the code needs to,Not-SATD,0
jruby-1.4.0,WITHOUT_CLASSIFICATION,// store it,0,0,0,Not-SATD // store it //$NON-NLS-1$ // $NON-NLS-1$,Not-SATD,0
apache-jmeter-2.10,WITHOUT_CLASSIFICATION,// Already failed,0,0,0,"Not-SATD
// TODO: This should be handled with an Iterator!!! // This is a",Not-SATD,0
argouml,DESIGN,"// TODO: the namespace of created events is currently the model. // I think this is wrong, they should be // in the namespace of the activitygraph! //        vec.addAll( //                Model.getModelManagementHelper().getAllModelElementsOfKind( //                        Model.getFacade().getNamespace(getTarget()), //                        Model.getMetaTypes().getEvent()));",1,1,1,"SATD

// TODO: the namespace of created events is currently the model. // I think this",SATD,1
emf-2.4.1,WITHOUT_CLASSIFICATION,// <clinit>(),0,0,0,"Not-SATD

This comment does not contain specific SATD keywords and does not admit technical debt",Not-SATD,0
hibernate-distribution-3.3.2.GA,DESIGN,"//it is possible that the tree-walking in OuterJoinLoader can get to //an association defined by a subclass, in which case the property-ref //might refer to a property defined on a subclass of the current class //in this case, the table name is not known - this temporary solution  //assumes that the property-ref refers to a property of the subclass //table that the association belongs to (a reasonable guess) //TODO: fix this, add: OuterJoinLoadable.getSubclassPropertyTableName(String propertyName)",1,1,1,"SATD
//TODO: fix this, add: OuterJoinLoadable.getSubclassPropertyTableName",SATD,1
jEdit-4.2,WITHOUT_CLASSIFICATION,//}}},0,0,0,"Not-SATD //}}}php
//}}} //}}} //}}} //}}} //}}}",Not-SATD,0
jfreechart-1.0.19,WITHOUT_CLASSIFICATION,// create dataset 1...,0,0,0,"Not-SATD

No SATD keywords are present in this comment. // create dataset 1",Not-SATD,0
columba-1.4-src,WITHOUT_CLASSIFICATION,// check if totally out of range.,0,0,0,"Not-SATD
// TODO: This is a temporary check. We need to figure out a",Not-SATD,0
apache-jmeter-2.10,DESIGN,// TODO should the engine be static?,1,1,1,"SATD

// TODO: don't require popups for invalid input - just highlight // and show",SATD,1
argouml,DESIGN,// TODO: check semantics here - tfm,1,1,1,"SATD

// TODO: check semantics here - tfm // This is not implemented in the Plot",Not-SATD,0
apache-jmeter-2.10,WITHOUT_CLASSIFICATION,// Pass in some variables,0,0,0,"Not-SATD

This comment does not contain specific SATD keywords such as TODO, FIXME,",Not-SATD,0
apache-jmeter-2.10,DESIGN,//avoid error in ant task tests (good way?),1,1,1,"SATD
//TODO: avoid error in ant task tests (good way?) //TODO: avoid",SATD,1
emf-2.4.1,WITHOUT_CLASSIFICATION,// Mix-ins are everything after the base class. //,0,0,0,Not-SATD // Mix-ins are everything after the base class. // Not-SATD comments,Not-SATD,0
jEdit-4.2,WITHOUT_CLASSIFICATION,//}}},0,0,0,"Not-SATD //}}}php
//}}} //}}} //}}} //}}} //}}}",Not-SATD,0
apache-jmeter-2.10,DESIGN,"/*
                 * Fix bug: -D arg1=arg2 was causing parse error; however
                 * --define arg1=arg2 is OK This seems to be because the parser
                 * skips the terminator for the long options, but was not doing
                 * so for the short options.
                 */",1,1,1,"SATD // FIXME: add setLongOption(String, String)? or make it private? ",SATD,1
jfreechart-1.0.19,DESIGN,// TODO: need to fetch this from localised resources,1,1,1,"SATD

// TODO: need to fetch this from localised resources // This is a temporary solution",SATD,1
jruby-1.4.0,DESIGN,// TODO: This is probably BAD...,1,1,1,"SATD

// TODO: This is probably BAD. Using setItemUID instead // sets the id",SATD,1
jEdit-4.2,DEFECT,// Technically incorrect here - we need to wrap null values // as bsh.Primitive.NULL.  However the This.invokeMethod() // will do that much for us. // We need to generate a conditional here to test for null // and return Primitive.NULL,1,1,1,"SATD
// FIXME: add setBaseOutlineStroke(Stroke, boolean)? // OutlineStroke",SATD,1
hibernate-distribution-3.3.2.GA,WITHOUT_CLASSIFICATION,// position cursor to the last row,0,0,0,Not-SATD // TODO: This is a temporary workaround for // IOLA-1232;,Not-SATD,0
apache-jmeter-2.10,WITHOUT_CLASSIFICATION,//$NON-NLS-1$,0,0,0,"Not-SATD
// TODO: This should be done using an UndoManager. // See:",Not-SATD,0
columba-1.4-src,WITHOUT_CLASSIFICATION,"// get the ""Cc"" headerfield from the header",0,0,0,"Not-SATD

This comment does not contain specific SATD keywords such as TODO, FIXME,",Not-SATD,0
jEdit-4.2,WITHOUT_CLASSIFICATION,//}}},0,0,0,"Not-SATD //}}}php
//}}} //}}} //}}} //}}} //}}}",Not-SATD,0
argouml,WITHOUT_CLASSIFICATION,// help menu,0,0,0,"Not-SATD
// TODO: This should be handled with an UndoManager. // Get an",Not-SATD,0
apache-jmeter-2.10,DESIGN,// TODO is this the best way to do this?,1,1,1,"SATD

// TODO: This is a temporary crutch to use until all Figs are updated",SATD,1
apache-jmeter-2.10,WITHOUT_CLASSIFICATION,// field TemplateManager#templates  // $NON-NLS-1$,0,0,0,"Not-SATD
/* TODO: This is not yet supported.
         * Hence, we throw",Not-SATD,0
argouml,WITHOUT_CLASSIFICATION,/* Set up the property panels for use case diagrams: */,0,0,0,"Not-SATD
No specific SATD keywords are used here. // TODO: This should be",Not-SATD,0
jfreechart-1.0.19,DESIGN,// defer argument checking...,1,1,1,"SATD
// TODO: argument checking!  what args?  pass them along?  use",SATD,1
jruby-1.4.0,DEFECT,// TODO: don't require pop,1,1,1,"SATD

// TODO: don't require pop // This is a hack to make the selection //",SATD,1
apache-jmeter-2.10,WITHOUT_CLASSIFICATION,"// Does not need to be synch. because it is only accessed from the sampler thread // The ClientPool does access it in a different thread, but ClientPool is fully synch.",0,0,0,"Not-SATD // TODO: make sampler thread safe, if possible would require making HTTPSamplerBase",Not-SATD,0
argouml,TEST,"/**
     * Tests if the list with namespaces defined in getValidNamespaceClasses
     * contains only valid namespaces.
     *
     * TODO: This test does not test anything, really!
     */",1,1,1,"SATD
// TODO: This test does not test anything, really! // TODO: What does",Not-SATD,0
jEdit-4.2,WITHOUT_CLASSIFICATION,//{{{ DirectoryLoadedAWTRequest class,0,0,0,"Not-SATD // This class is only used on the AWT thread, so we don't",Not-SATD,0
apache-jmeter-2.10,WITHOUT_CLASSIFICATION,// shouldn't draw negative values,0,0,0,Not-SATD // shouldn't draw negative values //$NON-NLS-1$ // $NON-NLS,Not-SATD,0
apache-jmeter-2.10,WITHOUT_CLASSIFICATION,// $NON-NLS-1$,0,0,0,"Not-SATD
// TODO: This should be done using a SAXSource as the source for",Not-SATD,0
argouml,DEFECT,// TODO: not in UML 2,1,1,1,"SATD

// TODO: not in UML 2 // $NON-NLS-1$ //",Not-SATD,0
argouml,WITHOUT_CLASSIFICATION,"/*
     * @see org.argouml.cognitive.critics.Critic#toDoItem( java.lang.Object,
     *      org.argouml.cognitive.Designer)
     */",0,0,0,"Not-SATD

This is not a SATD comment because it does not contain specific keywords such",Not-SATD,0
apache-jmeter-2.10,WITHOUT_CLASSIFICATION,// make sure setting the new isolation mode is done in an auto committed transaction,0,0,0,Not-SATD // TODO: This is a temporary workaround. The underlying cause // should be investigated,Not-SATD,0
columba-1.4-src,WITHOUT_CLASSIFICATION,"// cancel, if we show already correct frame mediator",0,0,0,Not-SATD // TODO: This is a temporary workaround. We need to improve our // window,Not-SATD,0
sql12,WITHOUT_CLASSIFICATION,// user enters something when field is null,0,0,0,"Not-SATD

// TODO: This should be handled differently. // If lastPath is not",Not-SATD,0
sql12,WITHOUT_CLASSIFICATION,/* whether nulls are allowed or not */,0,0,0,"Not-SATD
// TODO: This is a temporary crutch to use until all generators are",Not-SATD,0
jruby-1.4.0,DESIGN,"// TODO: not sure that we should skip calling join() altogether. // Thread.join() has some implications for Java Memory Model, etc.",1,1,1,"SATD

// TODO: not sure that we should skip calling join() altogether. // Thread.join",Not-SATD,0
columba-1.4-src,WITHOUT_CLASSIFICATION,//					 re-select folder,0,0,0,"Not-SATD // TODO: no need to re-select the folder, but it makes //		",Not-SATD,0
sql12,WITHOUT_CLASSIFICATION,"// Informix: when no database is given in the connect url, then no table types are returned.  The  // catalog can be changed which will select a database, but by that time it is too late.",0,0,0,Not-SATD // TODO: This is a temporary workaround.  We need to figure out how,Not-SATD,0
jruby-1.4.0,WITHOUT_CLASSIFICATION,//yyRindex 945,0,0,0,"Not-SATD

This comment does not contain specific SATD keywords and does not admit technical debt",Not-SATD,0
apache-ant-1.7.0,WITHOUT_CLASSIFICATION,"// Reflection problems? Should not happen, debug.",0,0,0,"SATD
// TODO: This is a temporary crutch to use until all subclasses // have been",SATD,1
emf-2.4.1,WITHOUT_CLASSIFICATION,"// Collapses non-ending empty segments, parent references, and self // references in a non-relative path, returning the same path that would // be produced from the base hierarchical URI as part of a resolve.",0,0,0,"Not-SATD // Collapses non-ending empty segments, parent references, and self // references in",Not-SATD,0
apache-jmeter-2.10,WITHOUT_CLASSIFICATION,// etc...,0,0,0,"Not-SATD // etc... (this comment doesn't contain specific SATD keywords) 

//",Not-SATD,0
columba-1.4-src,WITHOUT_CLASSIFICATION,"// TODO i18n ""Help"" button",0,1,1,"SATD

// TODO: i18n required // TODO: i18n required // TODO:",SATD,1
emf-2.4.1,WITHOUT_CLASSIFICATION,"// If we're creating a child under an object in a feature map, the selection will be the feature map entry. // We want to replace it with the model object. //",0,0,0,"Not-SATD // If we're creating a child under an object in a feature map, the",Not-SATD,0
argouml,WITHOUT_CLASSIFICATION,"/*
     * @see org.tigris.gef.presentation.Fig#getLineWidth()
     */",0,0,0,"Not-SATD
No specific SATD keywords are used here. // TODO: implement this method",Not-SATD,0
argouml,DESIGN,// TODO: TagDefinitions are gone from UML 2 // they are now Properties of Stereotypes;,1,1,1,"SATD

// TODO: This is a temporary crutch to use until all TagDefinitions have been",SATD,1
jruby-1.4.0,DEFECT,// FIXME: for some reason this dispatcher causes a VerifyError... //classClass.dispatcher = callbackFactory.createDispatcher(classClass);,1,1,1,"SATD
// FIXME: for some reason this dispatcher causes a VerifyError... //classClass.dispatcher",SATD,1
sql12,WITHOUT_CLASSIFICATION,// i18n[ErrorStream.oneerror=1 error detected],0,0,0,"Not-SATD

No SATD keywords are present.
No specific keywords such as TODO, FIXME",Not-SATD,0
sql12,WITHOUT_CLASSIFICATION,// Open file output stream,0,0,0,"Not-SATD

No SATD keywords are present in this comment.

Comment: // TODO:",Not-SATD,0
apache-jmeter-2.10,WITHOUT_CLASSIFICATION,"// now that we have stripped the file, we can parse the parameters",0,0,0,"Not-SATD

No SATD keywords are present in this comment. The comment is not admitting",Not-SATD,0
jEdit-4.2,DESIGN,// fucking GTK look and feel,1,1,1,"SATD
// TODO: This is a temporary crutch to use until the LAF is updated",SATD,1
argouml,DESIGN,"/**
     * Create a UML TemplateArgument.
     * 
     * @since UML 1.4
     * @return an initialized TemplateArgument instance.
     * TODO: This needs an extra parameter to specify the model/extent where
     * the new element should be created.
     */",1,1,1,"SATD

// TODO: This needs an extra parameter to specify the model/extent where 
//",SATD,1
argouml,WITHOUT_CLASSIFICATION,// everything ok,0,0,0,"Not-SATD

No SATD keywords found.
No SATD comments found.

// TODO:",Not-SATD,0
apache-jmeter-2.10,WITHOUT_CLASSIFICATION,//$NON-NLS-1$,0,0,0,"Not-SATD
// TODO: This should be done using an UndoManager. // See:",Not-SATD,0
hibernate-distribution-3.3.2.GA,DEFECT,"//TODO: when this is the entry point, we should use an INNER_JOIN for fetching the many-to-many elements!",1,1,1,"SATD
//TODO: when this is the entry point, we should use an INNER_JOIN for",SATD,1
jfreechart-1.0.19,WITHOUT_CLASSIFICATION,"// FIXME: add setBaseOutlineStroke(Stroke, boolean) ?",0,1,1,"SATD
// FIXME: add setBaseOutlineStroke(Stroke, boolean)? // not sure",Not-SATD,0
argouml,DESIGN,//   public Object getGoalInfo(String goal) { //     return _goals.getProperty(goal); //     /* TODO: we need a better representation of goals */ //   },1,1,1,"SATD

// TODO: we need a better representation of goals // return _goals.getProperty(goal);",SATD,1
argouml,WITHOUT_CLASSIFICATION,// TODO: We should be able to just call renderingChanged on the child // figs here instead of doing an updateOperations...,0,1,1,"SATD

// TODO: We should be able the just renderingChanged on the child // figs",SATD,1
argouml,IMPLEMENTATION,// TODO: I18N,1,1,1,"SATD

// TODO: I18N // I don't think we need to do this any",SATD,1
argouml,WITHOUT_CLASSIFICATION,// Now create the five options,0,0,0,Not-SATD // TODO: This should be more intelligent. // This is just a hack to,Not-SATD,0
jEdit-4.2,DESIGN,// Case-insensitive fs workaround,1,1,1,SATD // TODO: Do we need this one. */ // Case-insensitive fs workaround // TODO,SATD,1
apache-ant-1.7.0,WITHOUT_CLASSIFICATION,// return the clean value,0,0,0,"Not-SATD

This comment does not contain any specific SATD keywords and does not admit technical",Not-SATD,0
jEdit-4.2,DESIGN,// copy and paste from bsh/classpath/ClassManagerImpl.java...,1,1,1,SATD // copy and paste from bsh/classpath/ClassManagerImpl.java... // TODO:,SATD,1
argouml,WITHOUT_CLASSIFICATION,//private EventListenerList listenerList = new EventListenerList();,0,0,0,"Not-SATD

This comment does not contain any specific SATD keywords and does not admit technical",Not-SATD,0
jruby-1.4.0,WITHOUT_CLASSIFICATION,// This point is only reached if there was an exception handler installed.,0,0,0,Not-SATD // This point is only reached if there was an exception handler installed. // So,Not-SATD,0
argouml,WITHOUT_CLASSIFICATION,"/*
     * @see org.argouml.ui.targetmanager.TargetListener#targetAdded(org.argouml.ui.targetmanager.TargetEvent)
     */",0,0,0,Not-SATD // not a SATD comment. No specific keywords. // not used anyway.,Not-SATD,0
argouml,WITHOUT_CLASSIFICATION,"/*
     * @see org.argouml.uml.ui.UMLModelElementListModel2#buildModelList()
     */",0,0,0,"Not-SATD
// TODO: This should be built dynamically as elements are added/removed from",Not-SATD,0
argouml,IMPLEMENTATION,"// The following debug line is now the single most memory consuming // line in the whole of ArgoUML. It allocates approximately 18% of // all memory allocated. // Suggestions for solutions: // Check if there is a LOG.log(Level.FINE,String, String) method that can // be used instead. // Use two calls. // For now I (Linus) just comment it out. // LOG.log(Level.FINE, ""applying critic: "" + _headline);",1,1,1,"SATD
// The following debug line is now the single most memory consuming // line in the whole",SATD,1
jfreechart-1.0.19,IMPLEMENTATION,// TODO: draw the interval marker with a 3D effect,1,1,1,"SATD

// TODO: draw the interval marker with a 3D effect // TODO: make",SATD,1
columba-1.4-src,WITHOUT_CLASSIFICATION,// User pressed OK,0,0,0,Not-SATD // TODO: This should only be true for single // when there is a single,Not-SATD,0
apache-ant-1.7.0,DESIGN,// XXX - should throw an exception instead?,1,1,1,"SATD
// TODO: This should throw an exception instead. // This is the only place that",SATD,1
sql12,WITHOUT_CLASSIFICATION,"/* (non-Javadoc)
     * @see net.sourceforge.squirrel_sql.fw.sql.ISQLDatabaseMetaData#getSystemFunctions()
     */",0,0,0,"Not-SATD
// TODO: This is a placeholder implementation.  This will not produce //",Not-SATD,0
apache-jmeter-2.10,DESIGN,// $NON-NLS-1$ // TODO - change to use URL version? Will this affect test plans?,1,1,1,"SATD

// TODO: This should be handled with an Iterator!!! // This is a nasty hack",SATD,1
jEdit-4.2,WITHOUT_CLASSIFICATION,//}}},0,0,0,"Not-SATD //}}}php
//}}} //}}} //}}} //}}} //}}}",Not-SATD,0
columba-1.4-src,IMPLEMENTATION,//TODO (@author fdietz):  i18n,1,1,1,"SATD

//TODO (@author fdietz):  i18n required for Session Details Tab",SATD,1
jEdit-4.2,WITHOUT_CLASSIFICATION,//{{{ getStringWidth() method,0,0,0,Not-SATD // TODO: This method is not used.  Can it be removed? //,Not-SATD,0
hibernate-distribution-3.3.2.GA,DESIGN,"// No explicit select expression; render the id and properties // projection lists for every persister in the from clause into // a single 'token node'. //TODO: the only reason we need this stuff now is collection filters, //      we should get rid of derived select clause completely!",1,1,1,"SATD
//TODO: the only reason we need this stuff now is collection filters, //     ",SATD,1
emf-2.4.1,DESIGN,// EATM This might be better written as a single loop for the EObject case? //,1,1,1,"SATD
// EATM This might be better written as a single loop for the EObject",SATD,1
jruby-1.4.0,DESIGN,/* Workaround for JRUBY-2326 (MRI does not enter this production for some reason)*/,1,1,1,"SATD
/* Workaround for JRUBY-2326 (MRI does not enter this production for",Not-SATD,0
apache-ant-1.7.0,WITHOUT_CLASSIFICATION,//remove the .class,0,0,0,Not-SATD //remove the.class //TODO: what else? //add the.class,Not-SATD,0
hibernate-distribution-3.3.2.GA,WITHOUT_CLASSIFICATION,//need to hydrate it.,0,0,0,Not-SATD. No specific SATD keywords are used. // TODO: what is the difference,Not-SATD,0
argouml,IMPLEMENTATION,/* FIX: set the application name for Mac OS X */,1,1,1,"SATD
// TODO: This is a temporary crutch to use until all subclasses start // using",SATD,1
argouml,DESIGN,"// TODO: This shouldn't know the internal form of type names, // but I'm not sure what GEF's PredicateType does, so I'm fixing it // here - tfm",1,1,1,"SATD

// TODO: This shouldn't know the internal form of type names, // but I",SATD,1
hibernate-distribution-3.3.2.GA,WITHOUT_CLASSIFICATION,// Create a new FILTERS node as a parent of all filters,0,0,0,"Not-SATD

// TODO: This should be done after all nodes are created. // This",Not-SATD,0
apache-jmeter-2.10,WITHOUT_CLASSIFICATION,// Assume this thread only // 1 per second // Should delay for 1 second // 1 per milli-second // Should delay for 1 milli-second,0,0,0,Not-SATD // Assume this thread only // 1 per second // Should delay for 1,Not-SATD,0
jEdit-4.2,WITHOUT_CLASSIFICATION,//}}},0,0,0,"Not-SATD //}}}php
//}}} //}}} //}}} //}}} //}}}",Not-SATD,0
jfreechart-1.0.19,WITHOUT_CLASSIFICATION,// validate base timeline exclusions added as timeline's esceptions,0,0,0,Not-SATD // TODO: This is a dummy implementation since I don't // understand what it,Not-SATD,0
argouml,DEFECT,"// TODO: This doesn't perform well enough with large models to have // it enabled by default. If the performance can't be improved, // perhaps we can introduce a manual ""find in explorer tree"" action. // selectAll(targets);",1,1,1,"SATD
// TODO: This doesn't perform well enough with large models to have // it enabled",SATD,1
hibernate-distribution-3.3.2.GA,WITHOUT_CLASSIFICATION,/*package*/,0,0,0,"Not-SATD // not used, but needs to be present for interface compliance. // TODO:",Not-SATD,0
argouml,WITHOUT_CLASSIFICATION,//TODO: initial value,0,1,1,"SATD

//TODO: not used? //private String[] _fileTypes = {""zip""}",Not-SATD,0
apache-jmeter-2.10,DESIGN,// TODO: find a way to avoid the cost of creating a String here -- // probably a new PatternMatcherInput working on a byte[] would do // better.,1,1,1,"SATD

// TODO: find a way to avoid the cost of creating a String here -- //",SATD,1
apache-ant-1.7.0,IMPLEMENTATION,// TODO: allow user to request the system or no parent,1,1,1,"SATD

// TODO: allow user to request the system or no parent // TODO: allow user",SATD,1
jfreechart-1.0.19,DESIGN,//TODO: shift block over to right,1,1,1,"SATD

//TODO: shift block over to right. This is not done now to //cons",Not-SATD,0
jEdit-4.2,WITHOUT_CLASSIFICATION,//}}},0,0,0,"Not-SATD //}}}php
//}}} //}}} //}}} //}}} //}}}",Not-SATD,0
jruby-1.4.0,WITHOUT_CLASSIFICATION,// line 558,0,0,0,Not-SATD // line 558 //$NON-NLS-1$ // line 559 // line,Not-SATD,0
columba-1.4-src,WITHOUT_CLASSIFICATION,//int iconOffset = getHorizontalAlignment() + getIcon().getIconWidth() + 1;,0,0,0,"Not-SATD

This comment does not contain any specific SATD keywords and does not admit technical",Not-SATD,0
hibernate-distribution-3.3.2.GA,DESIGN,//real hacky... // used to count the nesting of parentheses,1,1,1,"SATD
//real hacky... // used to count the nesting of parentheses
/* TODO:",SATD,1
argouml,WITHOUT_CLASSIFICATION,// TODO: changed for UML 2.x,0,1,1,"SATD

// TODO: This is a temporary crutch to support FigAssociationEnd // which doesn",SATD,1
argouml,DESIGN,"/**
     * Get the classifier (participant) of an AssociationEnd.
     *
     * TODO: Rename this getParticipant to align with UML spec - tfm - 20070331
     * @param handle The AssociationEnd to get from.
     * @return The classifier of the AssociationEnd.
     */",1,1,1,SATD // TODO: Rename this getParticipant to align with UML spec - tfm - ,SATD,1
columba-1.4-src,WITHOUT_CLASSIFICATION,// test if our To headerfield contains or contains not the search // string,0,0,0,"Not-SATD

// TODO: This should be done using a SAX parser. // This method",Not-SATD,0
argouml,DEFECT,// TODO: Issue 6144. It is proposed to allow any paclage to return as a potential // namespace. Commenting out until this is reviewed and clearly accepted by all.,1,1,1,"SATD

// TODO: This is a temporary crutch to use until all Namespace classes // are",SATD,1
jruby-1.4.0,WITHOUT_CLASSIFICATION,"/*
        result = eval(""arr = Array::['c', 200]; p arr"");
        assertEquals(""[\""c\"", 200]"", result);
        result = eval(""arr = Array.['d', 200]; p arr"");
        assertEquals(""[\""d\"", 200]"", result);
        */",0,0,0,"Not-SATD // this test is disabled, not SATD. // TODO: find out why",Not-SATD,0
jruby-1.4.0,DESIGN,// FIXME:  Total hack to get flash in Rails marshalling/unmarshalling in session ok...We need // to totally change marshalling to work with overridden core classes.,1,1,1,"SATD
// FIXME:  Total hack to get flash in Rails marshalling/unmarshalling in",SATD,1
jruby-1.4.0,WITHOUT_CLASSIFICATION,"// TODO: Ruby logic is somewhat more complicated here, see comments after",0,1,1,"SATD

// TODO: Ruby logic is somewhat more complicated here // when multiple variables are assigned from",SATD,1
apache-jmeter-2.10,WITHOUT_CLASSIFICATION,// $NON-NLS-1$,0,0,0,"Not-SATD
// TODO: This should be done using a SAXSource as the source for",Not-SATD,0
jEdit-4.2,DESIGN,"// Hack done to fix bringing the window to the front. // At least on windows, Frame.toFront() doesn't cut it. // Remove the isWindows check if it's broken under other // OSes too.",1,1,1,"SATD
// TODO: This should be handled with a proper updateNotify call // when we have",Not-SATD,0
columba-1.4-src,WITHOUT_CLASSIFICATION,// set dirty flag,0,0,0,Not-SATD // TODO: what else? // $NON-NLS-1$ // $NON,Not-SATD,0
apache-ant-1.7.0,WITHOUT_CLASSIFICATION,"/*
          Now another magic 48-bit number, 0x177245385090, to
          indicate the end of the last block.  (sqrt(pi), if
          you want to know.  I did want to use e, but it contains
          too much repetition -- 27 18 28 18 28 46 -- for me
          to feel statistically comfortable.  Call me paranoid.)
        */",0,0,0,"Not-SATD // no specific SATD keyword used, but the comment does not appear to be",Not-SATD,0
sql12,DEFECT,"// In case this is called by the AWT thread, log a message - this is most likey a bug",1,1,1,"SATD // TODO: This is most likely a bug, so don't log a message, throw",SATD,1
sql12,DESIGN,// This refactoring depends on the following API methods: // getCreateTableSQL,1,1,1,SATD // This refactoring depends on the following API methods: // getCreateTableSQL // TODO,SATD,1
apache-ant-1.7.0,WITHOUT_CLASSIFICATION,// no appropriate suite method found. We don't report any // error here since it might be perfectly normal.,0,0,0,"Not-SATD
// TODO: This should be handled with an exception. // Throw something appropriate",Not-SATD,0
jfreechart-1.0.19,WITHOUT_CLASSIFICATION,// get the relevant source coordinate given the plot orientation,0,0,0,"Not-SATD
/* TODO: This does not work for horizontal plots. */ // Update the",Not-SATD,0
jEdit-4.2,WITHOUT_CLASSIFICATION,//{{{ _init() method,0,0,0,Not-SATD // This is the constructor.  Calls init().  Nothing to do here.,Not-SATD,0
jruby-1.4.0,DESIGN,"// TODO: callback for value would be more efficient, but unlikely to be a big cost (constants are rarely assigned)",1,1,1,"SATD
// TODO: callback for value would be more efficient, but unlikely to be a big",SATD,1
jEdit-4.2,DEFECT,// Feb 4 2000 5:30 PM // Catch Throwable here rather than Exception. // Kaffe's implementation of Runtime.exec throws java.lang.InternalError.,1,1,1,"SATD
// Catch Throwable here rather than Exception. // Kaffe's implementation of Runtime.exec throws",SATD,1
jEdit-4.2,WITHOUT_CLASSIFICATION,// bsh.cwd,0,0,0,"Not-SATD

This comment does not contain specific SATD keywords such as TODO, FIXME,",Not-SATD,0
sql12,WITHOUT_CLASSIFICATION,//i18n[syntax.findExplain=Press F3 to go to next result. Press Ctrl+Shift+F7 to toggle highlight search.],0,0,0,"Not-SATD
// TODO: This should be handled by the DefaultSyntaxHandler. // Get",Not-SATD,0
argouml,IMPLEMENTATION,"// TODO: Can we just do this every time, no need for else - Bob",1,1,1,"SATD

// TODO: Can we just do this every time, no need for else - Bob",SATD,1
jEdit-4.2,DESIGN,// clear name resolvers... don't know if this is necessary.,1,1,1,"SATD

// TODO: This is a temporary crutch to use until all NameResolver instances //",SATD,1
jEdit-4.2,WITHOUT_CLASSIFICATION,/* M+ discarded by key event workaround! */,0,1,1,"SATD
// TODO: This should be managed by the FigEdgeModelElement. // This is",SATD,1
jEdit-4.2,WITHOUT_CLASSIFICATION,//}}},0,0,0,"Not-SATD //}}}php
//}}} //}}} //}}} //}}} //}}}",Not-SATD,0
jruby-1.4.0,IMPLEMENTATION,// FIXME: Translate this call below! // s.unwrapPassedBlock();,1,1,1,"SATD
// FIXME: Translate this call below! // s.unwrapPassedBlock(); // s.pass",SATD,1
hibernate-distribution-3.3.2.GA,DESIGN,//TODO: the i==entitySpan-1 bit depends upon subclass implementation (very bad),1,1,1,"SATD

//TODO: the i==entitySpan-1 bit depends upon subclass implementation (very",SATD,1
jEdit-4.2,DESIGN,// XXX: does this really belong here?,1,1,1,"SATD
// TODO: do we need to clear something? // clear previous results // load results",SATD,1
hibernate-distribution-3.3.2.GA,WITHOUT_CLASSIFICATION,"//if there is a user-specified loader, return that //TODO: filters!?",0,1,1,"SATD
//TODO: filters!? //TODO: what about non-URL filters? //TODO",SATD,1
argouml,DESIGN,"/**
     * Creates a new OCL critic
     * 
     * @param oclConstraint ocl expression
     * @param headline headline
     * @param description description
     * @param moreInfoURL the info url
     * @param knowledgeTypes the knowledge types
     * @param supportedDecisions the decisions
     * @param priority the priority
     * @throws InvalidOclException if the ocl is not valid
     * 
     * TODO: Do these need to be Lists or can they be simple Collections?
     */",1,1,1,"SATD
// TODO: Do these need to be Lists or can they be simple Collections? //",SATD,1
columba-1.4-src,WITHOUT_CLASSIFICATION,// if message was removed from JTable,0,0,0,Not-SATD // TODO: This is a temporary crutch to use until the // row delete,Not-SATD,0
jruby-1.4.0,DEFECT,"// SSS FIXME: Why is the for node being built using closures and not as a ""regular"" loop with branches? // // This has implications on inlining, implementations of closures, next, break, etc. // When ""each"" and the block it consumes are inlined together in the caller, the ""loop"" // from the each should become a normal loop without any closures.  But, in this implementation // of for, we replace one closure with another! //",1,1,1,"SATD
// FIXME: This is not implemented.  We need a for_node_impl that is",Not-SATD,0
hibernate-distribution-3.3.2.GA,DEFECT,"// TODO: at the point where we are resolving collection references, we don't // know if the uk value has been resolved (depends if it was earlier or // later in the mapping document) - now, we could try and use e.getStatus() // to decide to semiResolve(), trouble is that initializeEntity() reuses // the same array for resolved and hydrated values",1,1,1,"SATD
// TODO: at the point where we are resolving collection references, we don't //",SATD,1
jfreechart-1.0.19,WITHOUT_CLASSIFICATION,"// MIDDLE: check d1, d2 and d3",0,0,0,"Not-SATD // TODO: This is a mess. Check d0, d1, d",Not-SATD,0
jruby-1.4.0,DEFECT,// zero args with block // FIXME: omit args index; subtract one from normal block index,1,1,1,"SATD
// zero args with block // FIXME: omit args index; subtract one from normal block",SATD,1
sql12,DESIGN,/* Work around some UTC and Daylight saving offsets */,1,1,1,"SATD
// TODO: This is a workaround for a problem that should be fixed by // replacing",SATD,1
hibernate-distribution-3.3.2.GA,DESIGN,// Make sure this is a defined parameter and check the incoming value type // TODO: what should be the actual exception type here?,1,1,1,"SATD
// TODO: what should be the actual exception type here? // Note: This code",Not-SATD,0
argouml,WITHOUT_CLASSIFICATION,"// TODO: Not exact, but close",0,1,1,"SATD

// TODO: Not exact, but close. We need exact conversion between // Ruby and",Not-SATD,0
argouml,WITHOUT_CLASSIFICATION,"/*
     * @see org.argouml.ui.explorer.rules.PerspectiveRule#getDependencies(
     *         java.lang.Object)
     */",0,0,0,"Not-SATD

This comment does not contain any specific SATD keywords and does not admit technical",Not-SATD,0
apache-jmeter-2.10,DESIGN,//TODO clazz is probably always the same as testclass,1,1,1,"SATD

//TODO: this is probably always the same as testclass //TODO: find a",SATD,1
emf-2.4.1,WITHOUT_CLASSIFICATION,// Iterate forward over the undone commands to redo them. //,0,0,0,"Not-SATD

This comment does not contain specific SATD keywords and does not admit technical debt",Not-SATD,0
sql12,WITHOUT_CLASSIFICATION,//To change body of implemented methods use File | Settings | File Templates.,0,0,0,"Not-SATD

This comment is not a SATD comment because it does not contain specific keywords",Not-SATD,0
apache-jmeter-2.10,IMPLEMENTATION,// TODO should this use setDone()? // TODO should this use setFirst()?,1,1,1,"SATD

// TODO: This should be handled with an Iterator!!! // previousFirst；currentPrevious",SATD,1
jEdit-4.2,DESIGN,// wtf?,1,1,1,"SATD // wtf? 
// TODO: This is a temporary crutch to use until all",SATD,1
hibernate-distribution-3.3.2.GA,DESIGN,//TODO: is this really necessary????,1,1,1,"SATD

//TODO: is this really necessary???? //TODO: if so, why not do",Not-SATD,0
columba-1.4-src,WITHOUT_CLASSIFICATION,/* IETF variant */,0,0,0,"Not-SATD
No specific SATD keywords are used here. // TODO: don't require",Not-SATD,0
apache-jmeter-2.10,DESIGN,// TODO could these be done earlier (or just once?),1,1,1,"SATD

// TODO: This should be done just once, when the renderer is created. //",SATD,1
argouml,DESIGN,// TODO: ProjectBrowser doesn't need to mediate this conversation // Use an event listener in the ToDoPane to communicate instead. - tfm,1,1,1,"SATD

// TODO: This should be handled with an event listener - tfm // Add an",SATD,1
jruby-1.4.0,DESIGN,"// if we don't have opt args, start after args (they will be assigned later) // this is for crap like def foo(a = (b = true; 1)) which numbers b before a // FIXME: only starting after required args, since opt args may access others // and rest args conflicts with compileRoot using ""0"" to indicate [] signature.",1,1,1,"SATD
// FIXME: only starting after required args, since opt args may access others // and",SATD,1
sql12,IMPLEMENTATION,"// TODO: Maybe someday we could inform the user that the imported // key can't be created because the list of tables they've // selected, doesn't include the table that this foreign key // depends upon. For now, just log a warning and skip it.",1,1,1,"SATD
// TODO: Maybe someday we could inform the user that the imported // key can't",SATD,1
jEdit-4.2,WITHOUT_CLASSIFICATION,//{{{ getMark() method,0,0,0,Not-SATD // This method appears to be unused. // Return the current cursor position as a,Not-SATD,0
argouml,WITHOUT_CLASSIFICATION,//$NON-NLS-1$ //$NON-NLS-1$,0,0,0,"Not-SATD
// TODO: This should be done using an UndoManager. // See:",Not-SATD,0
sql12,IMPLEMENTATION,"/*
 * TODO: finish i18n
 */",1,1,1,"SATD

// TODO: finish i18n /* 
 * This string is used in the Table",SATD,1
argouml,IMPLEMENTATION,// not needed,1,1,1,"SATD
// TODO: don't require popups for invalid input - just highlight // invalid input",SATD,1
hibernate-distribution-3.3.2.GA,DESIGN,"// not absolutely necessary, but does help with aggressive release",1,1,1,"SATD

// TODO: This is a temporary crutch to use until all the all-camel",SATD,1
argouml,WITHOUT_CLASSIFICATION,// look for associations,0,0,0,Not-SATD // look for associations //$NON-NLS-1$ // $NON-NLS-1,Not-SATD,0
argouml,IMPLEMENTATION,"/**
     * Save the source language in the model.
     * <p>
     * TODO: Support multiple languages now that we have UML 1.4 tagged values.
     *
     * @param node
     * @param language
     */",1,1,1,"SATD
// TODO: This is a temporary crutch to use until all Figs are updated",SATD,1
columba-1.4-src,WITHOUT_CLASSIFICATION,// create stream from string,0,0,0,"Not-SATD

This comment does not contain any SATD keywords and does not admit technical debt",Not-SATD,0
jEdit-4.2,WITHOUT_CLASSIFICATION,//}}},0,0,0,"Not-SATD //}}}php
//}}} //}}} //}}} //}}} //}}}",Not-SATD,0
jEdit-4.2,WITHOUT_CLASSIFICATION,// validate that the throws names are class names,0,0,0,Not-SATD // TODO: this is a copy of testValidateStereotypeName.  Both,Not-SATD,0
sql12,WITHOUT_CLASSIFICATION,// Table,0,0,0,"Not-SATD

No specific SATD keywords are used here. // Table //$NON-NLS-",Not-SATD,0
hibernate-distribution-3.3.2.GA,WITHOUT_CLASSIFICATION,//	register the type of the out param - an Oracle specific type,0,0,0,Not-SATD. //register the type of the out param - an Oracle specific type //$NON,Not-SATD,0
jEdit-4.2,WITHOUT_CLASSIFICATION,//}}},0,0,0,"Not-SATD //}}}php
//}}} //}}} //}}} //}}} //}}}",Not-SATD,0
apache-jmeter-2.10,WITHOUT_CLASSIFICATION,//$NON-NLS-1$ //$NON-NLS-1$,0,0,0,"Not-SATD
// TODO: This should be done using an UndoManager. // See:",Not-SATD,0
sql12,WITHOUT_CLASSIFICATION,// Copy the app module jar to core downloads directory,0,0,0,"Not-SATD

No SATD keywords are present in this comment. // TODO: This should",Not-SATD,0
jEdit-4.2,DESIGN,"/*
		Should check for strict java here and use isJavaAssignable() instead
	*/",1,1,1,"SATD // TODO: implement strict java mode, for now just use the standard method call resolve()",SATD,1
jEdit-4.2,WITHOUT_CLASSIFICATION,"/*
         * Setting up the unzftab entries here is not strictly
         * necessary, but it does save having to do it later
         * in a separate pass, and so saves a block's worth of
         * cache misses.
         */",0,0,0,"SATD // FIXME: not strictly necessary, but may as well do it anyway. // unz",Not-SATD,0
argouml,WITHOUT_CLASSIFICATION,// Make sure the component width isn't any greater // than its maximum allowed width,0,0,0,Not-SATD // TODO: This is a redundant check. If the component // isn't updated,Not-SATD,0
jEdit-4.2,DESIGN,// workaround for Swing rendering labels starting // with <html> using the HTML engine,1,1,1,"SATD // workaround for Swing rendering labels starting // with <html> using the HTML engine
//",SATD,1
columba-1.4-src,WITHOUT_CLASSIFICATION,// Do not take existing link tags into account,0,0,0,Not-SATD // Do not take existing link tags into account //$NON-NLS-1$ //$,Not-SATD,0
jfreechart-1.0.19,TEST,// the plot field is NOT tested,1,1,1,"Not-SATD
// TODO: This is a temporary workaround for // IGRAPH-1011",Not-SATD,0
jfreechart-1.0.19,DESIGN,"// all attributes are immutable, so we can just return the super.clone() // FIXME: in fact, the generator itself is immutable, so cloning is // not necessary",1,1,1,"SATD
// FIXME: in fact, the generator itself is immutable, so cloning is // not",Not-SATD,0
sql12,WITHOUT_CLASSIFICATION,// If the user wants to select for Right mouse clicks then change the selection before popup appears,0,0,0,Not-SATD // not used? // super.mousePressed(e); // Calculate the width and height,Not-SATD,0
argouml,DEFECT,// TODO: Use Model.getModelManagementHelper().getPathList(modelElement); // TODO: This will fail with nested Models,1,1,1,"SATD

// TODO: This is a temporary crutch to use until all Model/ModelElement",SATD,1
hibernate-distribution-3.3.2.GA,DESIGN,//I suppose?,1,1,1,SATD //TODO: I suppose? //TODO: I don't really understand what is going on,SATD,1
jruby-1.4.0,WITHOUT_CLASSIFICATION,"// any ivars, since we don't have __attached__ ivar now",0,0,0,"Not-SATD // any ivars, since we don't have __attached__ ivar now",Not-SATD,0
sql12,WITHOUT_CLASSIFICATION,"// CLOBs are different from normal data types in that what is actually // read from the DB is a descriptor pointing to the data rather than the // data itself. During the initial load of the table, the values read from the // descriptor may have been limited, but the descriptor itself has been // completely read, Therefore we do not need to re-read the datum // from the Database because we know that we have the entire // descriptor. If the contents of the CLOB have been limited during // the initial table load, that will be discovered when we check if // the cell is editable and the full data will be read at that time using // this descriptor.",0,0,0,Not-SATD // TODO: This is a temporary hack to get CLOBs working. //,Not-SATD,0
jfreechart-1.0.19,WITHOUT_CLASSIFICATION,"// FIXME: add setBaseItemLabelPaint(Paint, boolean) ?",0,1,1,"SATD
// not used, but might as well make it configurable, right? // private boolean",Not-SATD,0
jEdit-4.2,WITHOUT_CLASSIFICATION,//{{{ Private members,0,0,0,Not-SATD // member variables // the name of the resource to read // the contents of the,Not-SATD,0
argouml,DESIGN,"/**
     * To simplify implementation, we list all associations
     * found with any of the Classifiers
     * represented by the linked Instances. <p>
     *
     * TODO: Make a foolproof algorithm that only allows selecting associations
     * that create a correct model. Also take into account n-ary associations
     * and associationclasses. This algo best goes in the model subsystem, e.g.
     * in a method getAllPossibleAssociationsForALink().
     *
     * @see org.argouml.uml.ui.UMLComboBoxModel#buildModelList()
     */",1,1,1,"SATD
// TODO: This is a temporary crutch to use until all Figs are updated",SATD,1
argouml,DESIGN,//hence a less elegant workaround that works:,1,1,1,SATD // ENEGLISH 20030624 Workaround is not elegant indeed! TODO find a,Not-SATD,0
columba-1.4-src,IMPLEMENTATION,// TODO: @author fdietz replace with regular expression,1,1,1,"SATD

// TODO: @author fdietz replace with regular expression pattern \\d* ",SATD,1
jfreechart-1.0.19,WITHOUT_CLASSIFICATION,/*Comparable k =*/,0,0,0,"Not-SATD
/*Comparable k =*/ // not sure what this is supposed to do...",Not-SATD,0
argouml,DESIGN,"// idem, e.g. for a generalization with leaf/root object // TODO: but showing the message in the statusbar would help // TODO: IllegalArgumentException should not be used for // events we expect to happen. We need a different way of // catching well-formedness rules.",1,1,1,"SATD
// TODO: well, this is not completely correct, but it solves // the problem",Not-SATD,0
jEdit-4.2,WITHOUT_CLASSIFICATION,// Generate the code implementing the alternate constructor switch,0,0,0,Not-SATD // Generate the code implementing the alternate constructor switch //$NON-NLS-1$ //,Not-SATD,0
jfreechart-1.0.19,IMPLEMENTATION,"/**
 * An annotation that allows an image to be placed at some location on
 * an {@link XYPlot}.
 *
 * TODO:  implement serialization properly (image is not serializable).
 */",1,1,1,"SATD
// TODO: This should be done using a custom Paint.  See // AbstractXY",SATD,1
argouml,DESIGN,// Andreas: just temporary for the uml2 pre-alpha versions!,1,1,1,"SATD
// TODO: This is temporary for the UML 2.x phase where we don",SATD,1
sql12,DESIGN,"/**
	 * TODO: Move this to IOUtilities Extracts the specified zip file to the specified output directory.
	 * 
	 * @param zipFile
	 * @param outputDirectory
	 * @throws IOException
	 */",1,1,1,"SATD
// TODO: Move this to IOUtilities Extracts the specified zip file to the specified",SATD,1
jfreechart-1.0.19,DESIGN,// hack to ensure the newly created swt fonts will be rendered with the // same height as the awt one,1,1,1,"SATD
// TODO: This should be done using reflection against the SWT font API // instead of",SATD,1
argouml,IMPLEMENTATION,// TODO: else : alert,1,1,1,"SATD

// TODO: else : alert // This is not implemented, so we pop an alert",Not-SATD,0
jruby-1.4.0,WITHOUT_CLASSIFICATION,// line 839,0,0,0,Not-SATD // line 839 //$NON-NLS-1$ // line 840 // line,Not-SATD,0
apache-jmeter-2.10,WITHOUT_CLASSIFICATION,//$NON-NLS-1$,0,0,0,"Not-SATD
// TODO: This should be done using an UndoManager. // See:",Not-SATD,0
argouml,WITHOUT_CLASSIFICATION,// TODO: Add referenceValue for tagged values  // which have a non-primitive type,0,1,1,"SATD

// TODO: Add referenceValue for tagged values  // which have a non-primitive",SATD,1
jruby-1.4.0,DEFECT,// TODO: don't require pop,1,1,1,"SATD

// TODO: don't require pop // This is a hack to make the selection //",SATD,1
jEdit-4.2,DEFECT,/* two plugins provide same class! */,1,1,1,"Not-SATD
// TODO: don't require popups for invalid - just highlight invalid and",Not-SATD,0
argouml,WITHOUT_CLASSIFICATION,"// Work out the radii of the ellipse, a and b. The top right corner of // the ellipse (Cartesian coordinates, centered on the origin) will be // at (x,y)",0,0,0,Not-SATD // TODO: This is a hack. It would be better if this code was,Not-SATD,0
jEdit-4.2,DESIGN,// this is a weird hack. // we don't want C+e a to insert 'a' in the // search bar if the search bar has focus...,1,1,1,"SATD
// TODO: This should be handled with a FocusListener and the focusLost() //",SATD,1
argouml,DESIGN,"// TODO: Delete old multiplicity? Why is ""copy"" using hard coded value? - tfm",1,1,1,"SATD
// TODO: hard coded value of 20 here and 100 below. What are",SATD,1
sql12,DESIGN,"//??? For now, use the same renderer as everyone else. //?? //?? IN FUTURE: change this to use a new instance of renederer //?? for this data type.",1,1,1,"SATD
//??? For now, use the same renderer as everyone else. //?? //??",SATD,1
jEdit-4.2,WITHOUT_CLASSIFICATION,//}}},0,0,0,"Not-SATD //}}}php
//}}} //}}} //}}} //}}} //}}}",Not-SATD,0
jruby-1.4.0,DEFECT,// TODO: don't require pop,1,1,1,"SATD

// TODO: don't require pop // This is a hack to make the selection //",SATD,1
apache-jmeter-2.10,WITHOUT_CLASSIFICATION,"// Expensive, so // do // once",0,0,0,"SATD
// TODO: This is a performance bottleneck in large projects. // Finding all top level",SATD,1
jruby-1.4.0,WITHOUT_CLASSIFICATION,// line 896,0,0,0,Not-SATD // line 896 is not a SATD comment. // No need to assign,Not-SATD,0
columba-1.4-src,WITHOUT_CLASSIFICATION,// uid for messages to print,0,0,0,"Not-SATD

This comment does not contain specific SATD keywords such as TODO, FIXME,",Not-SATD,0
jEdit-4.2,DESIGN,// this part sucks,1,1,1,"SATD

// TODO: This is a part of the specification of how UML 1.",SATD,1
argouml,DESIGN,// TODO: Note copy/paste code in FigExitPoint - where is this code // better placed in GEF?,1,1,1,"SATD
// TODO: Note copy/paste code in FigExitPoint - where is this code",Not-SATD,0
emf-2.4.1,WITHOUT_CLASSIFICATION,// Add Reserved Characters,0,0,0,Not-SATD // Add Reserved Characters //$NON-NLS-1$ // $NON-NLS-1,Not-SATD,0
apache-ant-1.7.0,WITHOUT_CLASSIFICATION,// now we need to populate the compiler adapter,0,0,0,Not-SATD // now we need to populate the compiler adapter //$NON-NLS-1$ //,Not-SATD,0
jruby-1.4.0,DEFECT,// FIXME: This is causing a verification error for some reason //nilClass.dispatcher = callbackFactory.createDispatcher(nilClass);,1,1,1,"SATD
// FIXME: This is causing a verification error for some reason //nilClass.dispatcher =",SATD,1
jruby-1.4.0,WITHOUT_CLASSIFICATION,// line 1755,0,0,0,Not-SATD // line 1755 is not a SATD comment. // No need to,Not-SATD,0
columba-1.4-src,WITHOUT_CLASSIFICATION,// get flags of message,0,0,0,Not-SATD // TODO: This should be the model element that represents the message // from the,Not-SATD,0
apache-jmeter-2.10,DESIGN,// Not used,1,1,1,"SATD
// TODO: Not used. Remove? //        case TokenConstantOp: //           ",Not-SATD,0
jEdit-4.2,DESIGN,"/* if an occurence occurs at the
		beginning of the selection, the
		selection start will get moved.
		this sucks, so we hack to avoid it. */",1,1,1,"SATD
// TODO: This is a temporary crutch to use until the problem is better understood",SATD,1
argouml,IMPLEMENTATION,// TODO: Should we be doing anything on deleted elements? // This throws an exception on remove events. - skip for now - tfm,1,1,1,"SATD
// TODO: Should we be doing anything on deleted elements? // This throws an exception",SATD,1
argouml,DESIGN,"/*
         * Since this is (hopefully) a temporary solution, and nobody ever looks
         * at the type of notation event, we can simplify from sending every
         * existing event to one event only. But since there is no catch-all
         * event defined, we just make one up. Rationale: reduce the number of
         * total refreshes of the drawing.
         */",1,1,1,"SATD // FIXME: temporary hack to reduce number of refreshes, see comment on // NotificationEvent",Not-SATD,0
jruby-1.4.0,WITHOUT_CLASSIFICATION,"//                    // check arity //                    checkArity(mv, scope);",0,0,0,"Not-SATD

This comment does not contain specific SATD keywords such as TODO, FIXME,",Not-SATD,0
apache-jmeter-2.10,WITHOUT_CLASSIFICATION,// $NON-NLS-1$ // $NON-NLS-1$ // $NON-NLS-1$ // $NON-NLS-1$ // $NON-NLS-1$ // $NON-NLS-1$,0,0,0,"Not-SATD

No specific SATD keywords are used here. // TODO: This should be",Not-SATD,0
argouml,IMPLEMENTATION,// TODO Expression and InstanceValue (how) // If anyone have an example.,1,1,1,"SATD

// TODO: This is a temporary crutch to use until all Figs are updated",SATD,1
jEdit-4.2,WITHOUT_CLASSIFICATION,//}}},0,0,0,"Not-SATD //}}}php
//}}} //}}} //}}} //}}} //}}}",Not-SATD,0
jruby-1.4.0,WITHOUT_CLASSIFICATION,"// int, native",0,0,0,"Not-SATD // int, native // TODO: confirm intended behavior on non-integral types.",Not-SATD,0
sql12,WITHOUT_CLASSIFICATION,// catalog // schema // tableName // columnName // dataType; 1 == CHAR // typeName // columnSize // decimalDigits // radix // isNullAllowed // defaultValue // isNullable,0,0,0,Not-SATD // catalog // schema // tableName // columnName // dataType; 1 == CHAR //,Not-SATD,0
emf-2.4.1,DESIGN,// This is copied from ItemProviderAdapterFactory. //,1,1,1,SATD // This is copied from ItemProviderAdapterFactory. // TODO: see if it can be made,SATD,1
hibernate-distribution-3.3.2.GA,WITHOUT_CLASSIFICATION,//noop,0,0,0,"Not-SATD
// TODO: implement this! //return; // inherited method does nothing.",Not-SATD,0
argouml,WITHOUT_CLASSIFICATION,"/*
         * @see javax.swing.ComboBoxEditor#setItem(java.lang.Object)
         */",0,0,0,"Not-SATD
// TODO: This should be done in a way that notices when it has",Not-SATD,0
columba-1.4-src,WITHOUT_CLASSIFICATION,"/* (non-Javadoc)
	 * @see org.columba.api.gui.frame.IFrameMediator#loadPositions()
	 */",0,0,0,"Not-SATD
// TODO: This should be done when the editor // instance is created.",Not-SATD,0
argouml,IMPLEMENTATION,// TODO support other name kinds,1,1,1,"SATD

// TODO: don't require popups for all of these - some can be handled",SATD,1
argouml,IMPLEMENTATION,// TODO: Why do we need this when we can just change the font and // achieve the same effect?,1,1,1,"SATD
// TODO: Why do we need this when we can just change the font and //",SATD,1
argouml,IMPLEMENTATION,// Empty implementation.,1,1,1,SATD // TODO: implement this? // (NOTE: This is only called from one place in,Not-SATD,0
columba-1.4-src,WITHOUT_CLASSIFICATION,"/*
	 * protected static ClassLoader loader = ClassLoader.getSystemClassLoader();
	 */",0,0,0,"Not-SATD

This comment does not contain any specific SATD keywords and does not admit technical",Not-SATD,0
apache-ant-1.7.0,TEST,// @todo this is duplicating TestResult information. Only the time is not // part of the result. So we'd better derive a new class from TestResult // and deal with it. (SB),1,1,1,"SATD
// TODO: This is a temporary solution. We need a dedicated class // that listens",SATD,1
columba-1.4-src,WITHOUT_CLASSIFICATION,// get selected folder,0,0,0,Not-SATD // TODO: This should be done when the user presses a button // to update,Not-SATD,0
argouml,IMPLEMENTATION,// TODO: I18N required,1,1,1,"SATD

// TODO: I18N required // TODO: don't use internal undo/redo",SATD,1
emf-2.4.1,WITHOUT_CLASSIFICATION,//Class/getGenFeature.javadoc.override.javajetinc,0,0,0,"Not-SATD

This comment does not contain specific SATD keywords and does not admit technical debt",Not-SATD,0
columba-1.4-src,WITHOUT_CLASSIFICATION,// If the cause is a IMAPExcpetion then only password // wrong // else bogus authentication mechanism,0,0,0,Not-SATD // If the cause is a IMAPExcpetion then only password //,Not-SATD,0
argouml,IMPLEMENTATION,// not needed,1,1,1,"SATD
// TODO: don't require popups for invalid input - just highlight // invalid input",SATD,1
emf-2.4.1,WITHOUT_CLASSIFICATION,//EcoreFactoryImpl,0,0,0,"Not-SATD

This comment does not contain specific SATD keywords such as TODO, FIXME,",Not-SATD,0
sql12,WITHOUT_CLASSIFICATION,// TODO,0,1,1,"SATD

// TODO: This is a temporary crutch to use until all Figs are updated",SATD,1
argouml,DESIGN,"/**
 * The buttons on selection for a Stereotype. <p>
 * 
 * TODO: Find a way to hide the OperationsCompartment 
 * on the FigClass of the created metaclass.
 * 
 * @author michiel
 */",1,1,1,"SATD
// TODO: Find a way to hide the OperationsCompartment 
// on the Fig",SATD,1
argouml,DESIGN,"/**
 * TODO: this doesn't need a full ProfileReference since it uses the
 * reader handed in the constructor. It doesn't make much sense to make
 * its callers init the path to some name which it doesn't need...
 *
 * @author Luis Sergio Oliveira (euluis)
 */",1,1,1,"SATD
// TODO: This is a temporary crutch to use until all Figs are updated",SATD,1
apache-jmeter-2.10,WITHOUT_CLASSIFICATION,// Condition LABEL,0,0,0,"Not-SATD

// TODO: don't require popolo knowledge for this string //$NON-NLS",Not-SATD,0
argouml,IMPLEMENTATION,// TODO: Should we require a GraphModel in the constructor since // our implementations of setNamespace are going to try and set // the namespace on the graphmodel as well?,1,1,1,"SATD

// TODO: Should we require a GraphModel in the constructor since // our implementations of",SATD,1
jruby-1.4.0,WITHOUT_CLASSIFICATION,// Build the module body,0,0,0,"Not-SATD

No SATD keywords are present in this comment.

Note: The comment does",Not-SATD,0
sql12,WITHOUT_CLASSIFICATION,"// create an empty set for the ""use"" list",0,0,0,"Not-SATD
// TODO: This is a temporary solution.  We need to generate //",Not-SATD,0
hibernate-distribution-3.3.2.GA,DESIGN,"// should indicate that we are processing an INSERT/UPDATE/DELETE // query with a subquery implied via a collection property // function. Here, we need to use the table name itself as the // qualification alias. // TODO : verify this works for all databases... // TODO : is this also the case in non-""indexed"" scenarios?",1,1,1,"SATD
// TODO : is this also the case in non-""indexed"" scenarios? // i",SATD,1
sql12,WITHOUT_CLASSIFICATION,"// add a default value // ""ALTER TABLE $tableName$ "" + // ""ALTER $columnName$ SET DEFAULT $defaultValue$"";",0,0,0,"Not-SATD

This is a SQL alteration command with a default value, no indication of technical",Not-SATD,0
argouml,WITHOUT_CLASSIFICATION,//setBlinkPorts(false); //make port invisble unless mouse enters,0,0,0,"Not-SATD

This comment does not contain specific SATD keywords such as TODO, FIXME,",Not-SATD,0
apache-jmeter-2.10,DESIGN,"// Java 1.6.0_22+ no longer allows Content-Length to be set, so don't check it. // See: http://bugs.sun.com/bugdatabase/view_bug.do?bug_id=6996110 // TODO any point in checking the other headers?",1,1,1,"SATD
// TODO: This is a temporary crutch to use until all the SampleEntry //",SATD,1
jEdit-4.2,DESIGN,"/*
			First try for an accessible version of the exact match.
			This first lookup seems redundant with below, but is apparently
			needed.  This whole thing is messy.
		*/",1,1,1,"SATD
// TODO: This is a temporary crutch to use until all occurrences of // Class",SATD,1
apache-jmeter-2.10,DESIGN,// Surely this is always null in the constructor?,1,1,1,SATD // TODO: What is the scope of this variable?  Should it be final? //,SATD,1
argouml,WITHOUT_CLASSIFICATION,"// The 5 main component : 2 label, a panel for langage , a panel with // button, a textarea",0,0,0,"Not-SATD

This comment does not contain specific SATD keywords such as TODO, FIXME,",Not-SATD,0
hibernate-distribution-3.3.2.GA,WITHOUT_CLASSIFICATION,//TODO: we could just return all false...,0,1,1,"SATD

//TODO: we could just return all false... //TODO: or an empty collection",SATD,1
apache-jmeter-2.10,DESIGN,// all the others could be private too?,1,1,1,SATD // TODO: all the others could be private too? //$NON-NLS-1$ //,SATD,1
argouml,DESIGN,"/**
 * A command to set selected figs to their minimum size. <p>
 * Despite its name, really the minimum size is selected here! <p>
 * 
 * TODO: Rename this class.
 *
 * @author Markus Klink
 */",1,1,1,"SATD
// TODO: This should not be in the GEF package.  Put it in",Not-SATD,0
sql12,WITHOUT_CLASSIFICATION,//			},0,0,0,"Not-SATD //			} // this is now obsolete, I think ;-) //		",Not-SATD,0
argouml,WITHOUT_CLASSIFICATION,"// We need to find the stereotype with the name // ""create"" and the base class BehavioralFeature in // the model. If there is none then we create one and // put it there.",0,0,0,"Not-SATD // We need to find the stereotype with the name // ""create"" and the",Not-SATD,0
emf-2.4.1,WITHOUT_CLASSIFICATION,// Check that the class is actually different from the one that's directly visible to the JETEmitter. //,0,0,0,"Not-SATD

This comment does not contain specific SATD keywords and does not admit technical debt",Not-SATD,0
argouml,DESIGN,"/**
     * Creates a new checkbox menu item attached to the specified
     * action object and appends it to the end of this menu.
     * TODO: This is almost a duplicate of ArgoJMenu.addCheckItem must find a
     * way to merge.
     *
     * @param     a     the Action for the checkbox menu item to be added
     * @return          the new checkbox menu item
     */",1,1,1,"SATD
// TODO: This is almost a duplicate of ArgoJMenu.addCheckItem must",SATD,1
sql12,WITHOUT_CLASSIFICATION,// max size reached,0,0,0,"Not-SATD

No specific SATD keywords are used here. // TODO: This is a",Not-SATD,0
sql12,DESIGN,// TODO: Delete ME,1,1,1,"SATD

// TODO: This is a temporary crutch to use until all Figs are updated",SATD,1
columba-1.4-src,WITHOUT_CLASSIFICATION,// load database from file,0,0,0,"Not-SATD

This comment does not contain any specific SATD keywords and does not admit technical",Not-SATD,0
jEdit-4.2,TEST,"// TODO: the '\n' literal here should be a test against REToken.newline, // which unfortunately may be more than a single character.",1,1,1,"SATD

// TODO: the '\n' literal here should be a test against REToken.new",SATD,1
columba-1.4-src,DESIGN,"//  // Note: We intentionally don't remember internal plugins, because // we don't want them to appear in the plugin manager currently. //  // TODO: improve plugin manager dialog to support internal plugins // which can't be removed, etc.",1,1,1,"SATD
//  // Note: We intentionally don't remember internal plugins, because // we don",Not-SATD,0
jruby-1.4.0,WITHOUT_CLASSIFICATION,// hash,0,0,0,"Not-SATD

No specific SATD keywords are used here. // hash",Not-SATD,0
argouml,DESIGN,// TODO asArgument??,1,1,1,"SATD

// TODO: This should be handled with an Iterator!!! // previousReader = reader;",SATD,1
jfreechart-1.0.19,DESIGN,"// now handle specific plot types (and yes, I know this is some // really ugly code that has to be manually updated any time a new // plot type is added - I should have written something much cooler, // but I didn't and neither did anyone else).",1,1,1,"SATD
// TODO: This should be managed by the renderer state, but isn't // because",SATD,1
apache-jmeter-2.10,WITHOUT_CLASSIFICATION,//$NON-NLS-1$ //$NON-NLS-1$,0,0,0,"Not-SATD
// TODO: This should be done using an UndoManager. // See:",Not-SATD,0
jruby-1.4.0,WITHOUT_CLASSIFICATION,/* MRI: block_append */,0,0,0,"Not-SATD
No specific SATD keywords are used here. TODO and FIXME comments are not",Not-SATD,0
sql12,WITHOUT_CLASSIFICATION,// set the ps to read from the file we just created.,0,0,0,"Not-SATD

This comment does not contain any SATD keywords and does not admit technical debt",Not-SATD,0
apache-jmeter-2.10,DEFECT,// Don't try restoring the URL TODO: wy not?,1,1,1,"SATD
// TODO: wy not? // Don't try restoring the URL // This causes problems",Not-SATD,0
argouml,DESIGN,"// apply <<profile>> stereotype to make it a ""profile"" (our convention) // (hack: create that stereotype instead using the UML 1.4 profile)",1,1,1,"SATD
// apply <<profile>> stereotype to make it a ""profile"" (our convention)",SATD,1
apache-jmeter-2.10,DESIGN,// TODO : This is a bit fragile,1,1,1,"SATD

// TODO : This is a bit fragile // TODO : This is a bit fragile //",SATD,1
argouml,WITHOUT_CLASSIFICATION,//////////////////////////////////////////////////////////////// // static accessors,0,0,0,Not-SATD // static accessors to avoid creating unnecessary instance of static class // TODO : or,Not-SATD,0
jEdit-4.2,WITHOUT_CLASSIFICATION,//}}},0,0,0,"Not-SATD //}}}php
//}}} //}}} //}}} //}}} //}}}",Not-SATD,0
argouml,DESIGN,// TODO: This can be a mess... There are any better solution?,1,1,1,"SATD

// TODO: This can be a mess... There are any better solution? // This",SATD,1
columba-1.4-src,IMPLEMENTATION,//TODO: Add dialog to inform user that the smtp server // does not support authentication,1,1,1,"SATD

//TODO: Add dialog to inform user that the smtp server // does not support authentication",Not-SATD,0
apache-ant-1.7.0,WITHOUT_CLASSIFICATION,// if we have no info about the class - it may have been deleted already and we // are using cached info.,0,0,0,Not-SATD // TODO: what to do if there are multiple TablePerClass mappings for the,Not-SATD,0
hibernate-distribution-3.3.2.GA,DEFECT,// todo : this call will not work for anything other than pojos!,1,1,1,"SATD
// todo : this call will not work for anything other than pojos! // TODO",Not-SATD,0
argouml,WITHOUT_CLASSIFICATION,"/**
     * Used by the copy functions. Do not call this function directly.
     * TODO: template parameters, default type
     * TODO: constraining elements
     * TODO: flows, dependencies, comments, bindings, contexts ???
     * TODO: contents, residences ???
     *
     * @param source
     *            the source me
     * @param target
     *            the target me
     */",0,1,1,"SATD
// TODO: This should not be public. Make it so that only the TreeModel",Not-SATD,0
sql12,DESIGN,"// Drop FK constraints before dropping any tables. Otherwise, we // may drop the child table prior to dropping it's FKs, which would // be an error. // TODO: This should be done in the dialect's getTableDropSQL method for a database specific // handling(or ignoring) of this problem.",1,1,1,"SATD

// TODO: This should be done in the dialect's getTableDropSQL method for",SATD,1
columba-1.4-src,WITHOUT_CLASSIFICATION,// controller,0,0,0,"Not-SATD

This comment does not contain specific SATD keywords such as TODO, FIXME,",Not-SATD,0
jEdit-4.2,WITHOUT_CLASSIFICATION,//}}},0,0,0,"Not-SATD //}}}php
//}}} //}}} //}}} //}}} //}}}",Not-SATD,0
jEdit-4.2,DESIGN,"/* workaround for A+keys producing
				 * garbage on Windows */",1,1,1,"SATD
// TODO: don't require popups to be enabled for some actions? (e",SATD,1
apache-jmeter-2.10,WITHOUT_CLASSIFICATION,// TODO - charset?,0,1,1,"SATD

// TODO - charset? // $NON-NLS-1$ // $NON-NLS-",SATD,1
apache-jmeter-2.10,WITHOUT_CLASSIFICATION,// $NON-NLS-1$ // $NON-NLS-1$,0,0,0,"Not-SATD
// TODO: This should be done using an UndoManager. // See:",Not-SATD,0
jfreechart-1.0.19,WITHOUT_CLASSIFICATION,// x,0,0,0,"Not-SATD

No SATD keywords found. // x // This doesn't look right...",Not-SATD,0
apache-jmeter-2.10,WITHOUT_CLASSIFICATION,// These variable names must have .displayName properties and agree with the getXXX()/setXXX() methods // $NON-NLS-1$ // $NON-NLS-1$ // $NON-NLS-1$ // $NON-NLS-1$ // $NON-NLS-1$ // $NON-NLS-1$,0,0,0,Not-SATD // These variable names must have.displayName properties and agree with the getXXX()/,Not-SATD,0
jEdit-4.2,WITHOUT_CLASSIFICATION,//}}},0,0,0,"Not-SATD //}}}php
//}}} //}}} //}}} //}}} //}}}",Not-SATD,0
apache-jmeter-2.10,DESIGN,//TODO: validate contentType for reasonable types?,1,1,1,"SATD

//TODO: validate contentType for reasonable types? //TODO: do something with contentLength",SATD,1
jEdit-4.2,WITHOUT_CLASSIFICATION,// set contents of mymatch equal to newMatch,0,0,0,"Not-SATD

This comment does not contain any specific SATD keywords and does not admit technical",Not-SATD,0
argouml,DEFECT,"// else if the y coordinate is outside of the classifier role, // we fix the y in the max y of the classifier role. // FIXME: We should increase the height of the classifier role,  // don't???",1,1,1,"SATD
// FIXME: We should increase the height of the classifier role,  // don't",SATD,1
sql12,WITHOUT_CLASSIFICATION,// i18n[DatabaseMetaData.nullableTypeNullable=true],0,0,0,"Not-SATD

No SATD keywords are present in this comment.

Comment: // TODO:",Not-SATD,0
jruby-1.4.0,DESIGN,// need to reexamine this,1,1,1,SATD // TODO: reexamine this during 0.29.4 cycle // apparently this,SATD,1
jruby-1.4.0,DEFECT,// TODO: proper sign,1,1,1,"SATD

// TODO: proper sign // return -self.hash // 1.9 hash method",SATD,1
columba-1.4-src,WITHOUT_CLASSIFICATION,// roll correctly over years,0,0,0,"Not-SATD // FIXME: add year field, and make calendar objects share data (instead of",Not-SATD,0
argouml,DESIGN,// TODO: // Move to MMUtil or some other common place and merge with // UMLComboBoxEntry::findNamespace(),1,1,1,"SATD
// TODO: Move to MMUtil or some other common place and merge with // U",SATD,1
apache-ant-1.7.0,IMPLEMENTATION,"/*
     * The displayName variable stores the value of the ""display-name"" element
     * from the standard EJB descriptor.  As a future enhancement to this task,
     * we may determine the name of the EJB JAR file using this display-name,
     * but this has not be implemented yet.
     */",1,1,1,"SATD
// TODO: This is a temporary crutch to use until all Generator classes // can",SATD,1
apache-jmeter-2.10,WITHOUT_CLASSIFICATION,// TODO - charset?,0,1,1,"SATD

// TODO - charset? // $NON-NLS-1$ // $NON-NLS-",SATD,1
apache-jmeter-2.10,WITHOUT_CLASSIFICATION,// A temporary cache for the focus listener,0,0,0,Not-SATD // A temporary cache for the focus listener ($NON-NLS-1$) //,Not-SATD,0
argouml,WITHOUT_CLASSIFICATION,"// TODO: the following cleans up left overs from previous tests, but, // preferably we shouldn't have to do this...",0,1,1,"SATD
// TODO: the following cleans up left overs from previous tests, but, // preferably",SATD,1
jruby-1.4.0,DESIGN,"// This is for JRUBY-2988, since after a suspend the terminal seems // to need to be reinitialized. Since we can't easily detect suspension, // initialize after every readline. Probably not fast, but this is for // interactive terminals anyway...so who cares?",1,1,1,"SATD // This is for JRUBY-2988, since after a suspend the terminal seems //",SATD,1
columba-1.4-src,WITHOUT_CLASSIFICATION,// get source folder,0,0,0,"Not-SATD

This comment does not contain any specific SATD keywords and does not admit technical",Not-SATD,0
argouml,WITHOUT_CLASSIFICATION,// Copy the previous value in the current,0,0,0,Not-SATD // FIXME: This is a temporary hack until we sort out a better way to,Not-SATD,0
sql12,WITHOUT_CLASSIFICATION,"// Since the user only wants to be notified of updates at startup, return here, thereby  // freeing up the thread.",0,0,0,Not-SATD // This comment does not contain any specific SATD keywords. // Not-SAT,Not-SATD,0
jEdit-4.2,DEFECT,// TODO: move(x) shouldn't rely on calling next() x times,1,1,1,"SATD

// TODO: move(x) shouldn't rely on calling next() x times // This",SATD,1
sql12,WITHOUT_CLASSIFICATION,//i18n[explainplanexecuter.cost=Cost],0,0,0,"Not-SATD
//TODO: don't require populo // // parameter names assume convention used",Not-SATD,0
columba-1.4-src,DESIGN,"// WORKAROUND: //  // System.setSecurityManager(null); // // This call effectly disables the sandbox mode and seems to work fine. // // Below I use another way. The policy for all classloaders is set to // ""all-permissions"". // Don't really know the difference though.",1,1,1,"SATD
// TODO: This is a temporary work-around for the absence of a ""defined""",SATD,1
columba-1.4-src,TEST,// TODO (@author fdietz):: implement test,1,1,1,"SATD

// TODO (@author fdietz): i18n required! // Do we need",SATD,1
apache-jmeter-2.10,DESIGN,"/**
     * Provide a description of this timer class.
     *
     * TODO: Is this ever used? I can't remember where. Remove if it isn't --
     * TODO: or obtain text from bean's displayName or shortDescription.
     *
     * @return the description of this timer class.
     */",1,1,1,"SATD

// TODO: This is a temporary crutch to use until all TimerCritic bugs",SATD,1
columba-1.4-src,WITHOUT_CLASSIFICATION,// notify all listeners that search is finished,0,0,0,Not-SATD // notify all listeners that search is finished //$NON-NLS-1$ // $,Not-SATD,0
jruby-1.4.0,WITHOUT_CLASSIFICATION,// this is the only case it might be null here (in MetaClass construction),0,0,0,Not-SATD // this is the only case it might be null here (in MetaClass construction,Not-SATD,0
argouml,DESIGN,// TODO: Use default value of appropriate type for TD,1,1,1,"SATD

// TODO: Use default value of appropriate type for TD. (copied from create",SATD,1
hibernate-distribution-3.3.2.GA,IMPLEMENTATION,// todo : cache this sql...,1,1,1,"SATD
// todo : cache this sql... // not sure what the best approach is here...",Not-SATD,0
apache-ant-1.7.0,WITHOUT_CLASSIFICATION,"// don't know the type, should throw exception instead?",0,0,0,"SATD // TODO: don't know the type, should throw exception instead? // TODO: or",SATD,1
columba-1.4-src,WITHOUT_CLASSIFICATION,// set Look & Feel,0,0,0,Not-SATD // set Look & Feel //$NON-NLS-1$ // set font // set,Not-SATD,0
jEdit-4.2,WITHOUT_CLASSIFICATION,//}}},0,0,0,"Not-SATD //}}}php
//}}} //}}} //}}} //}}} //}}}",Not-SATD,0
sql12,WITHOUT_CLASSIFICATION,// remove all instances of the offending char,0,0,0,Not-SATD // remove all instances of the offending char // TODO: would be better to use,Not-SATD,0
apache-jmeter-2.10,WITHOUT_CLASSIFICATION,// Also used by org.apache.jmeter.resources.PackageTest,0,0,0,"Not-SATD // TODO: Why is this here? //        System.err.println(""Unexpected EOF",Not-SATD,0
hibernate-distribution-3.3.2.GA,DESIGN,"//TODO: we should throw an exception if we really *know* for sure   //      that this is a detached instance, rather than just assuming //throw new StaleObjectStateException(entityName, id);",1,1,1,"SATD
// TODO: we should throw an exception if we really *know* for sure  ",SATD,1
argouml,DESIGN,"/**
 * XmiWriter implementation for MDR.
 *
 * This implementation is clumsy because the specified Writer interface wants
 * characters, while the XmiWriter wants an OutputStream dealing in bytes. We
 * could easily create a Writer from an OutputStream, but the reverse is not
 * true.
 *
 * TODO: The old Writer based interface can be removed when the deprecated
 * ModelImplementation.getXmiWriter is removed.
 *
 * @author lmaitre
 *
 */",1,1,1,"SATD
// TODO: This should be done using a SAXSource (and a stylesheet?)",SATD,1
jEdit-4.2,WITHOUT_CLASSIFICATION,//}}},0,0,0,"Not-SATD //}}}php
//}}} //}}} //}}} //}}} //}}}",Not-SATD,0
sql12,WITHOUT_CLASSIFICATION,// /////////////////////////////////////////////////////////////////////////////,0,0,0,Not-SATD // ///////////////////////////////////////////////////////////////////////////// // TODO: This should be built by reflection from the metamodel,Not-SATD,0
sql12,WITHOUT_CLASSIFICATION,// execute java process,0,0,0,"Not-SATD

This comment does not contain any specific SATD keywords and does not admit technical",Not-SATD,0
jruby-1.4.0,IMPLEMENTATION,// FIXME: Make bodyNode non-null in parser,1,1,1,"SATD

// FIXME: Non-ascii strings not supported (yet) // InputSource inputSource",Not-SATD,0
argouml,WITHOUT_CLASSIFICATION,"/*
     * @see org.tigris.gef.graph.MutableGraphModel#connect(java.lang.Object,
     *      java.lang.Object, java.lang.Class)
     */",0,0,0,"Not-SATD

This is not a SATD comment because it does not contain specific keywords such",Not-SATD,0
argouml,WITHOUT_CLASSIFICATION,"/*
         * @see javax.swing.ComboBoxEditor#addActionListener(java.awt.event.ActionListener)
         */",0,0,0,"Not-SATD
// TODO: This should be done in the renderer, but that is not",Not-SATD,0
hibernate-distribution-3.3.2.GA,IMPLEMENTATION,"//TODO: assertion only, could be optimized away",1,1,1,"SATD
//TODO: assertion only, could be optimized away is SATD comment. //TODO",SATD,1
hibernate-distribution-3.3.2.GA,DESIGN,"// even here, if only properties mapped to the ""base table"" are referenced // in the set and where clauses, this could be handled by the BasicDelegate. // TODO : decide if it is better performance-wise to perform that check, or to simply use the MultiTableUpdateDelegate",1,1,1,"SATD
// TODO: This is a temporary solution.  We need to update the MultiTable",SATD,1
columba-1.4-src,WITHOUT_CLASSIFICATION,// current path is the parent of the current element,0,0,0,"Not-SATD

// TODO: This should be handled with an Iterator!!! // This is a",Not-SATD,0
jruby-1.4.0,WITHOUT_CLASSIFICATION,"// caching constructors, as they're accessed for each new instance",0,0,0,"Not-SATD

This comment does not contain specific SATD keywords and does not indicate that the",Not-SATD,0
apache-ant-1.7.0,DESIGN,"// We assume, that every output, jikes does, stands for an error/warning // XXX // Is this correct?",1,1,1,"SATD
// We assume, that every output, jikes does, stands for an error/w",SATD,1
columba-1.4-src,WITHOUT_CLASSIFICATION,"// add search bar to main toolbar, in case its a managed frame mediator",0,0,0,"Not-SATD // search bar is added to main toolbar, in case its a managed frame //",Not-SATD,0
hibernate-distribution-3.3.2.GA,WITHOUT_CLASSIFICATION,// Need to use the identifier type of the collection owner // since the incoming is value is actually the owner's id. // Using the collection's key type causes problems with // property-ref keys...,0,0,0,SATD // TODO: This is a temporary crutch to use until the incoming values can be //,SATD,1
jEdit-4.2,WITHOUT_CLASSIFICATION,//{{{ getSelectedFiles() method,0,0,0,Not-SATD // TODO: This should be private // JEditTextArea setSelectedFiles(File[] files,Not-SATD,0
jruby-1.4.0,DESIGN,"// index for the item // this could probably be more efficient, bailing out on assigning args past the end?",1,1,1,"SATD
// index for the item // this could probably be more efficient, bailing out on",SATD,1
apache-jmeter-2.10,WITHOUT_CLASSIFICATION,// $NON-NLS-1$,0,0,0,"Not-SATD
// TODO: This should be done using a SAXSource as the source for",Not-SATD,0
hibernate-distribution-3.3.2.GA,DESIGN,// todo : we can remove this once the deprecated ctor can be made private...,1,1,1,"SATD

// todo : we can remove this once the deprecated ctor can be made private... //",SATD,1
jEdit-4.2,DESIGN,"// Cut off from parent, we must have our own class manager. // Can't do this in the run() command (needs to resolve stuff) // Should we do it by default when we create a namespace will no // parent of class manager?",1,1,1,"SATD
// TODO: This is a temporary crutch to use until all the subpackages //",SATD,1
jEdit-4.2,WITHOUT_CLASSIFICATION,/* Line numbering */,0,0,0,"Not-SATD
// TODO: This is a temporary crutch to use until all Figs",Not-SATD,0
argouml,WITHOUT_CLASSIFICATION,/* TODO: The UML does not seem to define this name. Or is it? */,0,1,1,"SATD
// TODO: This is a temporary crutch to use until all Figs are updated",SATD,1
columba-1.4-src,TEST,"/**
	 * Gets the location of an external commandline tool.
	 * <p>
	 * TODO: test this method
	 * 
	 * @param toolID
	 *            id of tool
	 * @return location of tool
	 */",1,1,1,"SATD
// TODO: This should be built by an build process that generates // a jar file",SATD,1
columba-1.4-src,WITHOUT_CLASSIFICATION,// check if this buddy belongs to a group,0,0,0,Not-SATD // TODO: This is a temporary check. The buddies model should // be updated,Not-SATD,0
apache-ant-1.7.0,TEST,"// this is the wrong test if the remote OS is OpenVMS, // but there doesn't seem to be a way to detect it.",1,1,1,"SATD
// TODO: This is a temporary crutch to use until all Fudge // classes",SATD,1
jfreechart-1.0.19,WITHOUT_CLASSIFICATION,// itemLabelPaintList,0,0,0,"Not-SATD

This comment does not contain specific SATD keywords such as TODO, FIXME,",Not-SATD,0
hibernate-distribution-3.3.2.GA,DESIGN,//TODO: redesign how PropertyAccessors are acquired...,1,1,1,"SATD

//TODO: redesign how PropertyAccessors are acquired... //TODO: get rid of",SATD,1
apache-ant-1.7.0,WITHOUT_CLASSIFICATION,// Check the command line options,0,0,0,Not-SATD // TODO: This should be more extensible. Maybe callbacks? // This is,Not-SATD,0
jEdit-4.2,WITHOUT_CLASSIFICATION,// private members,0,0,0,"Not-SATD - not a specific keyword for technical debt admission.

// TODO: This is a",Not-SATD,0
apache-jmeter-2.10,WITHOUT_CLASSIFICATION,// MAIN PANEL,0,0,0,"Not-SATD

This comment does not contain specific SATD keywords such as TODO, FIXME,",Not-SATD,0
argouml,WITHOUT_CLASSIFICATION,"/*
     * @see org.argouml.uml.ui.SourcePathController#deleteSourcePath(java.lang.Object)
     */",0,0,0,"Not-SATD
// TODO: This should be handled at a higher level than this controller -",Not-SATD,0
jEdit-4.2,WITHOUT_CLASSIFICATION,"/* 
			Find an appropriate constructor.
			use declared here to see package and private as well
			(there are no inherited constructors to worry about) 
		*/",0,0,0,"Not-SATD // not a SATD comment. The word ""HACK"" is not present",Not-SATD,0
jruby-1.4.0,DESIGN,"// for visibility checking without requiring frame self // TODO: don't bother passing when fcall or vcall, and adjust callsite appropriately",1,1,1,"SATD
// TODO: don't bother passing when fcall or vcall, and adjust calls",SATD,1
hibernate-distribution-3.3.2.GA,DEFECT,//TODO: BUG! this currently fails for named queries for non-POJO entities,1,1,1,"SATD

//TODO: BUG! this currently fails for named queries for non-POJO entities",SATD,1
apache-jmeter-2.10,TEST,// TODO should this be done even if not a full test plan? // and what if load fails?,1,1,1,"SATD
// TODO: This should be done after all tests have completed, not before // for",Not-SATD,0
hibernate-distribution-3.3.2.GA,WITHOUT_CLASSIFICATION,// This 'dot' expression now refers to the resulting from element.,0,0,0,"Not-SATD

This comment does not contain specific SATD keywords such as TODO, FIXME,",Not-SATD,0
argouml,DESIGN,"/**
 * The dialog that allows the user to go to any diagram in the project
 * by doubleclicking on it.<p>
 *
 * This dialog is not modal, and can stay open while the user
 * is working on the model. It is even possible to open multiple
 * of these dialogs, although the purpose of such useraction eludes me.<p>
 *
 * TODO: This dialog should have multiple tabs named ""Help"", ""Diagram"",
 * ""Classifier"", ""StateVertex"", etc. Which would allow the user to go to other
 * things than diagrams.
 *
 * @author MVW
 *
 */",1,1,1,"SATD
// TODO: This should be done using a different mechanism. // TODO: This should",SATD,1
sql12,WITHOUT_CLASSIFICATION,// filter the list of all DB objects looking for things with the given name,0,0,0,Not-SATD // filter the list of all DB objects looking for things with the given name</,Not-SATD,0
argouml,WITHOUT_CLASSIFICATION,// TODO: Localize these,0,1,1,"SATD

// TODO: Localize these // I18n[WindowManager.error.bringto",SATD,1
columba-1.4-src,WITHOUT_CLASSIFICATION,// only save if changes exist,0,0,0,Not-SATD // TODO: This is a placeholder implementation until save changes is implemented //        ((,Not-SATD,0
jEdit-4.2,WITHOUT_CLASSIFICATION,//{{{ readUnlock() method,0,0,0,Not-SATD // This method is not used. // TODO: This method should be made private,Not-SATD,0
jfreechart-1.0.19,DESIGN,// TODO: for now we are ignoring the height constraint,1,1,1,"SATD

// TODO: do we need to do any cleanup? // Do we need to clean",SATD,1
apache-ant-1.7.0,DESIGN,// first: developer could use a little help,1,1,1,Not-SATD // TODO: what else? // FIXME: I don't know... // HACK,Not-SATD,0
jEdit-4.2,WITHOUT_CLASSIFICATION,//}}},0,0,0,"Not-SATD //}}}php
//}}} //}}} //}}} //}}} //}}}",Not-SATD,0
argouml,DESIGN,// This can be made public to allow others to extend their own persisters,1,1,1,"Not-SATD.

// TODO: This is a temporary crutch to use until all subclasses persist",Not-SATD,0
emf-2.4.1,WITHOUT_CLASSIFICATION,// No additional features // MappingStrategy,0,0,0,Not-SATD // TODO: What? // $KEY$ // $VALUE$ // Comment:,Not-SATD,0
argouml,DEFECT,/* The next line does not work: */,1,1,1,"SATD
/* The next line does not work: */ // TODO: Why doesn't the next",Not-SATD,0
hibernate-distribution-3.3.2.GA,WITHOUT_CLASSIFICATION,// ResultSet impl (delegated) ~~~~~~~~~~~~~~~~~~~~~~~~~~~~~~~~~~~~~~~~~~~~~,0,0,0,Not-SATD // This is an implementation detail of the ResultSet class.  This method // should,Not-SATD,0
jruby-1.4.0,WITHOUT_CLASSIFICATION,"// By default, the container for this class is 's'",0,0,0,Not-SATD // container is not the default for this class type // TODO: What is the,Not-SATD,0
argouml,DESIGN,"/**
 * Action to trigger code generation for one or more classes.
 * <p>
 * In fact, only all named classes and interfaces
 * on the active diagram are generated.
 * Or, if this delivers an empty collection, all selected classes, interfaces
 * and the contents of selected packages are generated
 * (independent if they are named or not). <p>
 * TODO: Implement a more logical behaviour.
 */",1,1,1,"SATD
// TODO: This should be handled by the ProjectBrowser. - tfm // TODO",SATD,1
jruby-1.4.0,DEFECT,"/* TODO: We should use implicit nil for body, but problem (punt til later)*/",1,1,1,"SATD
// TODO: This is a temporary crutch to use until all defMethod calls are",SATD,1
emf-2.4.1,WITHOUT_CLASSIFICATION,// Sort and eliminate duplicates caused by having both a regular package and a demanded package for the same nsURI. //,0,0,0,"Not-SATD

This comment does not contain specific SATD keywords such as TODO, FIXME,",Not-SATD,0
emf-2.4.1,WITHOUT_CLASSIFICATION,// Mark meta-data to indicate it can't be changed,0,0,0,"Not-SATD

// TODO: This is a temporary crutch to use until all Figs",Not-SATD,0
hibernate-distribution-3.3.2.GA,WITHOUT_CLASSIFICATION,"/*public boolean isNonExistant(EntityKey key) {
		return nonExistantEntityKeys.contains(key);
	}*/",0,0,0,Not-SATD. This comment does not contain any specific SATD keywords and does not admit technical,Not-SATD,0
jfreechart-1.0.19,WITHOUT_CLASSIFICATION,//// SHAPE /////////////////////////////////////////////////////////////////,0,0,0,Not-SATD. This is a comment indicating the start of a new section for shape handling.,Not-SATD,0
sql12,DESIGN,// TODO: Do we need this one. */,1,1,1,"SATD

// TODO: Do we need this one. */ // This was added to support the",SATD,1
apache-jmeter-2.10,DESIGN,// TODO should errors be thrown back through RMI?,1,1,1,"SATD
// TODO should errors be thrown back through RMI? // $NON-NLS-1",SATD,1
argouml,DESIGN,// TODO: We shouldn't need this reflection any more once we have // convinced ourselves that everything with a getItemUID method // is implementing IItemUID,1,1,1,"SATD
// TODO: We shouldn't need this reflection any more once we have // convinced ourselves",SATD,1
argouml,DEFECT,// TODO: Only occurrence of isConcurrent in UML 2.1.1 is in index // it's not on the page that is indexed,1,1,1,"SATD
// TODO: Only occurrence of isConcurrent in UML 2.1.",SATD,1
sql12,WITHOUT_CLASSIFICATION,/* See if we have a custom data-type registered. */,0,0,0,"Not-SATD
// TODO: This is a temporary crutch to use until all custom SQL",Not-SATD,0
apache-jmeter-2.10,WITHOUT_CLASSIFICATION,// Test Old cookie is not returned,0,0,0,Not-SATD // TODO: This test is disabled as it is not clear what the expected //,Not-SATD,0
argouml,DESIGN,"/**
 * This class represents a Pool of Swimlanes for Activity diagrams. This is
 * exists only to act as the GEF style encloser. Other nodes in the same
 * must be placed entirely within or outside the boundaries of this Fig
 * but cannot intersect with the boundary. <p>
 * TODO: There is no actual model element being represented here so we are
 * inheriting a lot of behaviour from FigNodeModelElement that we don't want.
 * We require to split FigNodeModelElement to separate the code that requires
 * a model element owner. See issue ... <p>
 * Remark mvw: Why not give it an owner instead? The ActivityGraph 
 * is the obvious candidate, or maybe the top state.
 *
 * @author mkl
 */",1,1,1,"SATD
// TODO: This should not be in the main namespace.  Move it to 
",Not-SATD,0
sql12,WITHOUT_CLASSIFICATION,// i18n[DataSetUpdateableTableModelImpl.error.exceptionduringcheck=Exception seen during check on DB.  Exception was:\n{0}\nUpdate is probably not safe to do.\nDo you wish to proceed?],0,0,0,Not-SATD // i18n[DataSetUpdateableTableModelImpl.error.exceptionduringcheck=Exception,Not-SATD,0
columba-1.4-src,WITHOUT_CLASSIFICATION,// ---- otherAddressLabel ----,0,0,0,Not-SATD // label for other address // TODO: Localize strings if necessary // TODO:,Not-SATD,0
emf-2.4.1,WITHOUT_CLASSIFICATION,"/*
     *  Convert:
     *  \n to line separator
     */",0,0,0,"Not-SATD
No specific SATD keywords are used here. // TODO: do we need",Not-SATD,0
hibernate-distribution-3.3.2.GA,DESIGN,// TODO : perhaps we should additionally require that the incoming entity // version be equivalent to the defined unsaved-value?,1,1,1,"SATD
// TODO : perhaps we should additionally require that the incoming entity // version be equivalent to",SATD,1
emf-2.4.1,WITHOUT_CLASSIFICATION,// Fill 20 of value (byte) -19,0,0,0,Not-SATD // Fill 20 of value (byte) -19 //$NON-NLS-1,Not-SATD,0
jruby-1.4.0,DEFECT,"// TODO: Rewriter and compiler assume case when empty expression.  In MRI this is just // a when. //        assert caseNode != null : ""caseNode is not null"";",1,1,1,"SATD

// TODO: Rewriter and compiler assume case when empty expression.  In MRI this",SATD,1
argouml,DESIGN,// TODO: We really only care about events which affect things that // are visible in the current perspective (view).  This could be // tailored to cut down on event traffic. - tfm 20060410,1,1,1,"SATD
// TODO: We really only care about events which affect things that // are visible in",SATD,1
argouml,IMPLEMENTATION,/* TODO: Why do I need to do this? */,1,1,1,"SATD

// TODO: Why do I need to do this? */ // Do I? I",SATD,1
jruby-1.4.0,IMPLEMENTATION,// Bunch of methods still not implemented,1,1,1,"SATD

// TODO: implement these methods // Right now, we just forward the 'not yet",Not-SATD,0
argouml,DESIGN,"/**
     * Get ElementResidences.
     *
     * TODO: Unused.  Should be added to Facade? - tfm
     *
     * @param handle A modelElement
     * @return Collection The ElementResidence for this model element
     */",1,1,1,"SATD

// TODO: This should be built by reflection from the metamodel - tfm ",SATD,1
emf-2.4.1,WITHOUT_CLASSIFICATION,// switch anchor type,0,0,0,Not-SATD // switch anchor type is not SATD comment. // No specific keywords like TODO,Not-SATD,0
hibernate-distribution-3.3.2.GA,IMPLEMENTATION,// TODO : temporary initial step towards HHH-1907,1,1,1,"SATD

// TODO: This is a temporary crutch to use until all components are // H",SATD,1
sql12,WITHOUT_CLASSIFICATION,// i18n[Application.error.loadcolsinfo=Unable to load Edit 'Where' Columns selections.],0,0,0,"Not-SATD

No SATD keywords are present in this comment.
Not-SATD comment",Not-SATD,0
apache-ant-1.7.0,DESIGN,// XXX - should throw an exception instead?,1,1,1,"SATD
// TODO: This should throw an exception instead. // This is the only place that",SATD,1
apache-jmeter-2.10,WITHOUT_CLASSIFICATION,// Find the package for the transaction,0,0,0,Not-SATD // TODO: This should be more efficient. Find the application for the // package,Not-SATD,0
apache-jmeter-2.10,WITHOUT_CLASSIFICATION,// $NON-NLS-1$ // $NON-NLS-1$,0,0,0,"Not-SATD
// TODO: This should be done using an UndoManager. // See:",Not-SATD,0
argouml,DESIGN,"// Method 2: (assign data immediately, see end of file). // TODO: if we ever want to extend PathItemPlacement, // we should modify this, so that we also recognise any // subclass of PathItemPlacement. // Is the class name a PathItemPlacment? // TODO: Use class reference to make this dependency obvious",1,1,1,"SATD
// TODO: if we ever want to extend PathItemPlacement, // we should modify",SATD,1
apache-ant-1.7.0,WITHOUT_CLASSIFICATION,"//        assertEquals(""with classpath"", ""java"", s[0]);",0,0,0,"Not-SATD

This comment is not a SATD comment because it is not a source code",Not-SATD,0
jEdit-4.2,DESIGN,"/*
	Can't this be combined with run() ?
	run seems to have stuff in it for interactive vs. non-interactive...
	compare them side by side and see what they do differently, aside from the
	exception handling.
	*/",1,1,1,"SATD
// TODO: This should be done using a textarea/scrollpane combo. // See",SATD,1
jfreechart-1.0.19,DESIGN,// defer argument checking,1,1,1,"SATD
// TODO: add argument checking for n and m?  or just throw an exception",SATD,1
jruby-1.4.0,DESIGN,// FIXME: this should go somewhere more generic -- maybe IdUtil,1,1,1,"SATD
// FIXME: this should go somewhere more generic -- maybe IdUtil // TODO: do",SATD,1
jEdit-4.2,WITHOUT_CLASSIFICATION,//{{{ setSelectedText() method,0,0,0,"Not-SATD // TODO: This method is not used.  If it is needed, //",Not-SATD,0
jEdit-4.2,WITHOUT_CLASSIFICATION,//}}},0,0,0,"Not-SATD //}}}php
//}}} //}}} //}}} //}}} //}}}",Not-SATD,0
apache-ant-1.7.0,DESIGN,// XXX: we should use JCVS (www.ice.com/JCVS) instead of // command line execution so that we don't rely on having // native CVS stuff around (SM),1,1,1,"SATD
// TODO: This is a temporary crutch to use until all plugins // have been",SATD,1
argouml,DESIGN,"/**
 * This class manages the projects loaded in argouml,
 * and what the current project is. <p>
 *
 * Classes in ArgoUML can ask this class for the current
 * project and set the current project.  Since we only have one
 * project in ArgoUML at the moment, this class does not manage a list
 * of projects like one would expect. This could be a nice extension
 * for the future of ArgoUML.  As soon as the current project is
 * changed, a property changed event is fired. <p>
 *
 * TODO: Move everything related to the creation of a project
 * into the ProjectFactory.
 *
 * @since Nov 17, 2002
 * @author jaap.branderhorst@xs4all.nl
 * @stereotype singleton
 */",1,1,1,"SATD
// TODO: This should be done using reflection. 
// We need a function that",SATD,1
apache-jmeter-2.10,WITHOUT_CLASSIFICATION,// Check that all necessary keys are there:,0,0,0,"Not-SATD

// TODO: Check that all are necessary.  Can any be optional?",Not-SATD,0
jEdit-4.2,WITHOUT_CLASSIFICATION,//}}},0,0,0,"Not-SATD //}}}php
//}}} //}}} //}}} //}}} //}}}",Not-SATD,0
apache-jmeter-2.10,WITHOUT_CLASSIFICATION,// Huh! don't store this one!,0,0,0,Not-SATD // TODO: what? // Huh! don't store this one! //,Not-SATD,0
argouml,WITHOUT_CLASSIFICATION,// Todo: What?,0,1,1,"SATD

// TODO: What? // This is not used, but we need an explanation.",Not-SATD,0
sql12,WITHOUT_CLASSIFICATION,// build ui,0,0,0,Not-SATD // build ui //$NON-NLS-1$ // $NON-NLS-1$,Not-SATD,0
jEdit-4.2,WITHOUT_CLASSIFICATION,//{{{ Instance variables,0,0,0,Not-SATD // TODO: What is the purpose of this? // field comments are not translated,Not-SATD,0
hibernate-distribution-3.3.2.GA,WITHOUT_CLASSIFICATION,// Use the delegate.,0,0,0,"Not-SATD
// TODO: This should be done differently. The code for FigEdgeModel",Not-SATD,0
sql12,DESIGN,// TODO: Is giving a FK constraint a name universally supported // and done the same way on every database?,1,1,1,"SATD

// TODO: Is this next bit universally supported? // What happens to foreign key names",SATD,1
argouml,WITHOUT_CLASSIFICATION,"/*
     * @see java.awt.event.ActionListener#actionPerformed(
     *      java.awt.event.ActionEvent)
     */",0,0,0,"Not-SATD
// TODO: This should be done using a different mechanism. // Remove this",Not-SATD,0
jfreechart-1.0.19,DEFECT,// result = this.workingCalendar.getTimeInMillis(); // preceding code won't work with JDK 1.3,1,1,1,"SATD
// TODO: This should be done with a proper iterator, but we don't //",SATD,1
apache-jmeter-2.10,WITHOUT_CLASSIFICATION,// $NON-NLS-1$,0,0,0,"Not-SATD
// TODO: This should be done using a SAXSource as the source for",Not-SATD,0
jfreechart-1.0.19,DESIGN,//TODO replace getSize by getBounds ?,1,1,1,"SATD

//TODO replace getSize by getBounds? // This is only relevant if the Fig //",SATD,1
apache-jmeter-2.10,DESIGN,// TODO: remove this useless Entry parameter,1,1,1,"SATD

// TODO: Entry parameter is not used - remove it? // was not used anyway",Not-SATD,0
emf-2.4.1,WITHOUT_CLASSIFICATION,// 3. Scan hex sequence after '::'.,0,0,0,Not-SATD // 3. Scan hex sequence after '::'. // TODO: This is a,Not-SATD,0
hibernate-distribution-3.3.2.GA,DEFECT,// This doesn't actually seem to work but it *might* // work on some dbs. Also it doesn't work if there // are multiple columns of results because it // is not accounting for the suffix: // return new String[] { getDiscriminatorColumnName() };,1,1,1,SATD // This doesn't actually seem to work but it *might* // work on some dbs,SATD,1
apache-ant-1.7.0,WITHOUT_CLASSIFICATION,"/*
         * In Ant 1.1, <chmod dir=""foo"" /> means, change the permissions
         * of directory foo, not anything inside of it.  This is the case the
         * second branch of the if statement below catches for backwards
         * compatibility.
         */",0,0,0,SATD // FIXME: This is not a valid comment.  It is not a valid explanation //,Not-SATD,0
sql12,DESIGN,//Should probably create my own table model but i am being a bit slack.,1,1,1,"SATD

// TODO: This should be done using an JPopupMenu instead of this hack. //",SATD,1
jEdit-4.2,WITHOUT_CLASSIFICATION,//{{{ setSelectionColor() method,0,0,0,Not-SATD // This method is not used. // TODO: This method is not used.,Not-SATD,0
sql12,DESIGN,"/*
				 * TODO: Work out why
				 * KLUDGE: For some reason, I am not able to get the sheet to
				 * size correctly. It always displays with a size that causes
				 * the sub-panels to have their scrollbars showing. Add a bit
				 * of an increase in the size of the panel so the scrollbars
				 * are not displayed.
				 */",1,1,1,"SATD
// TODO: Work out why the sheet doesn't size correctly - tfm // enable",SATD,1
jEdit-4.2,DEFECT,//{{{ Broken class,1,1,1,Not-SATD // TODO: This is a broken implementation.  It doesn't // work and,Not-SATD,0
apache-ant-1.7.0,WITHOUT_CLASSIFICATION,// Weblogic will throw an error if the deployment descriptor does // not match the class files.,0,0,0,"Not-SATD
// TODO: This is a temporary crutch to use until all JAR",Not-SATD,0
jruby-1.4.0,DEFECT,// TODO: Rubicon TestKernel dies without this line.  A cursory glance implies we // falsely set $! to nil and this sets it back to something valid.  This should  // get fixed at the same time we address bug #1296484.,1,1,1,"SATD
// TODO: Rubicon TestKernel dies without this line.  A cursory glance",SATD,1
apache-ant-1.7.0,DESIGN,"/** XXX I really don't like this - the XML processor is still
             * too 'involved' in the processing. A better solution (IMO)
             * would be to create UE for Project and Target too, and
             * then process the tree and have Project/Target deal with
             * its attributes ( similar with Description ).
             *
             * If we eventually switch to ( or add support for ) DOM,
             * things will work smoothly - UE can be avoided almost completely
             * ( it could still be created on demand, for backward compatibility )
             */",1,1,1,"SATD
// TODO: This is a temporary crutch to use until all the FromElement
",SATD,1
argouml,DESIGN,// TODO: Temporary stopgap for EnumerationLiteral,1,1,1,"SATD

// TODO: Temporary stopgap for EnumerationLiteral.  This should // be replaced by",SATD,1
jruby-1.4.0,WITHOUT_CLASSIFICATION,// If reciever is self then we do the call the same way as vcall,0,0,0,"Not-SATD

// TODO: This is a temporary crutch to use until all Self methods",Not-SATD,0
columba-1.4-src,DESIGN,/* TODO should come up with a better name for the menu item */,1,1,1,"SATD
// TODO: This should be built by reflection from the metamodel - tfm //",SATD,1
argouml,DESIGN,"/*
         * TODO: Is this needed/correct?
         * For when all compartments are hidden?
         */",1,1,1,"SATD

// TODO: This should be handled with an Iterator!!! // previous first; // next",SATD,1
columba-1.4-src,WITHOUT_CLASSIFICATION,// get selected contact/group card,0,0,0,Not-SATD // TODO: This should be obtained from model instead of being // hardcoded here.,Not-SATD,0
jfreechart-1.0.19,DESIGN,// I know it's bad to create object. better idea?,1,1,1,"SATD

// TODO: don't require popups to create new // message dialog objects for each",SATD,1
emf-2.4.1,WITHOUT_CLASSIFICATION,"// We'll rethrow the original exception, not this one.",0,0,0,Not-SATD // TODO: This is a temporary exception for the create index feature. // The,Not-SATD,0
jEdit-4.2,WITHOUT_CLASSIFICATION,//}}},0,0,0,"Not-SATD //}}}php
//}}} //}}} //}}} //}}} //}}}",Not-SATD,0
jEdit-4.2,DESIGN,"// while this might be questionable, some // menus depend on properties",1,1,1,SATD // TODO: find a way to make this dependent on the // return value of getSQL,SATD,1
argouml,DESIGN,"// TODO: this returns a Collection, not a single Object // Is this what the callers expect?",1,1,1,"SATD

// TODO: this returns a Collection, not a single Object // Is this what the",Not-SATD,0
argouml,DESIGN,// TODO: ?delete Instances which have this as their classifier? // or should we leave them since they contain so much state that the // user would have to recreate?? //        nsmodel.getUmlHelper().deleteCollection( //                nsmodel.getUmlPackage().getCommonBehavior() //                        .getAInstanceClassifier().getInstance(cls)); // TODO: ?delete ObjectFlowStates which have this as their type? //        nsmodel.getUmlHelper().deleteCollection( //                nsmodel.getUmlPackage().getActivityGraphs() //                        .getATypeObjectFlowState().getObjectFlowState(cls)); // TODO: ?delete ClassifierInStates which have this as their type?,1,1,1,"SATD
// TODO:?delete Instances which have this as their classifier? // or should we",SATD,1
argouml,DESIGN,// TODO: This is using internal knowledge of GEF.  It should // handle this itself. - tfm,1,1,1,"SATD

// TODO: This is using internal knowledge of GEF.  It should // handle",SATD,1
hibernate-distribution-3.3.2.GA,IMPLEMENTATION,//TODO: check that entry.getIdentifier().equals(requestedId),1,1,1,"SATD

//TODO: check that entry.getIdentifier().equals(requestedId) // This is",SATD,1
jfreechart-1.0.19,WITHOUT_CLASSIFICATION,"// FIXME: add setBaseShape(Shape, boolean) ?",0,1,1,"SATD
// FIXME: add setBaseShape(Shape, boolean)? // shape can only",SATD,1
apache-ant-1.7.0,WITHOUT_CLASSIFICATION,// We have to compare the decompressed content instead:,0,0,0,"Not-SATD

// TODO: This is a temporary hack. We need a better way to",Not-SATD,0
jfreechart-1.0.19,DESIGN,//FIXME we should really assert a value,1,1,1,"SATD
//FIXME we should really assert a value //TODO is this ever used? what does",SATD,1
columba-1.4-src,WITHOUT_CLASSIFICATION,// FocusManager.getInstance().delete();,0,0,0,"Not-SATD

This comment does not contain any specific SATD keywords and does not admit technical",Not-SATD,0
columba-1.4-src,WITHOUT_CLASSIFICATION,"// line contains ""-"" (mozilla mbox style) //  -> import message in Columba",0,0,0,"Not-SATD

// TODO: This should be handled in parseLines() -- tfm ",Not-SATD,0
sql12,WITHOUT_CLASSIFICATION,/* The CellRenderer used for this data type */,0,0,0,"Not-SATD
// TODO: This should be built by reflection from the method signature. //",Not-SATD,0
apache-ant-1.7.0,WITHOUT_CLASSIFICATION,//finally invoke APT // Use reflection to be able to build on all JDKs:,0,0,0,"Not-SATD

This comment does not contain specific SATD keywords such as TODO, FIXME,",Not-SATD,0
jruby-1.4.0,WITHOUT_CLASSIFICATION,// line 672,0,0,0,Not-SATD // line 672 //$NON-NLS-1$ // line 672 // line,Not-SATD,0
argouml,IMPLEMENTATION,"/**
 * This class provides a text field that can be used to display
 * the text of all Comments associated with an annotated ModelElement.
 *
 * TODO: This could use more work.  Currently it returns all
 * Comment.name or Comment.body attributes concatenated together
 * into a single read-only document.
 *
 * @since 1 Nov 2005
 * @author Tom Morris (tfmorris@gmail.com)
 */",1,1,1,"SATD
// TODO: This should be done using a different mechanism than direct // manipulation of the",SATD,1
apache-ant-1.7.0,WITHOUT_CLASSIFICATION,//ignore,0,0,0,"Not-SATD
// TODO: This should be handled with an Iterator!!! // This is a",Not-SATD,0
sql12,WITHOUT_CLASSIFICATION,// i18n[KeywordsTab.hint=Show all the non-standard Keywords available in DBMS],0,0,0,"Not-SATD

No specific SATD keywords are used here.
TODO: This comment does not",Not-SATD,0
jruby-1.4.0,DEFECT,"// dump the trace and continue // this is currently only here for Android, which seems to have // bugs in its enumeration logic // http://code.google.com/p/android/issues/detail?id=2812",1,1,1,SATD // FIXME: add attribute 'name'? similar to <list> element. // or,SATD,1
emf-2.4.1,DESIGN,"// TODO // This assumes we only get a SET notification, which isn't a good assumption. //",1,1,1,"SATD

// TODO: This is a temporary crutch to use until all SET notifications are removed",Not-SATD,0
argouml,WITHOUT_CLASSIFICATION,"/*
     * @see org.argouml.uml.ui.UMLModelElementListModel2#buildModelList()
     */",0,0,0,"Not-SATD
// TODO: This should be built dynamically as elements are added/removed from",Not-SATD,0
argouml,WITHOUT_CLASSIFICATION,"/*
     * @see org.argouml.uml.reveng.ImportCommon#isMinimiseFigsChecked()
     */",0,0,0,"Not-SATD
// TODO: This is a temporary crutch to use until we sort out",Not-SATD,0
apache-jmeter-2.10,WITHOUT_CLASSIFICATION,"// In a post request which is not multipart, we only support // parameters, no file upload is allowed",0,0,0,Not-SATD // TODO: This is a temporary hack to get post requests working // with file,Not-SATD,0
argouml,IMPLEMENTATION,"/**
     * Removes a listener, eventtype pair from the listener list.
     *
     * TODO: replace the listener implementation with a EventListenerList
     * for better performance
     *
     * @param event the event to which the listener will not listen any more
     * @param listener the listener to be removed
     */",1,1,1,"SATD
// TODO: This should be done using reflection. // Replace listenMethod call with code",SATD,1
emf-2.4.1,WITHOUT_CLASSIFICATION,// Create the editing domain with a special command stack. //,0,0,0,"Not-SATD

No SATD keywords are present in this comment.

Comment: // TODO:",Not-SATD,0
hibernate-distribution-3.3.2.GA,WITHOUT_CLASSIFICATION,// KEY,0,0,0,Not-SATD // TODO: implement key? // KEYEND //$NON-NLS-1$ //,Not-SATD,0
apache-jmeter-2.10,WITHOUT_CLASSIFICATION,// Headers,0,0,0,"Not-SATD

// TODO: don't require popups for invalid input - just highlight //",Not-SATD,0
emf-2.4.1,WITHOUT_CLASSIFICATION,"// If we have children to remove for this feature, create a command for it. //",0,0,0,"Not-SATD // If we have children to remove for this feature, create a command for it",Not-SATD,0
argouml,TEST,// TODO: We need some way of driving this from panel xml rather // than hard coded test,1,1,1,"SATD

// TODO: We need some way of driving this from panel xml rather // than hard",SATD,1
sql12,DESIGN,"/*
					 * END-KLUDGE
					 */",1,1,1,"SATD - KLUDGE
Not-SATD: Not a kludge or technical debt admitted by",Not-SATD,0
argouml,WITHOUT_CLASSIFICATION,"/*
     * @see org.argouml.model.PseudostateKind#getJoin()
     */",0,0,0,"Not-SATD
// TODO: This is a temporary crutch to use until all Figs",Not-SATD,0
apache-ant-1.7.0,WITHOUT_CLASSIFICATION,// Empty,0,0,0,"Not-SATD
No specific SATD keywords are used here. // Empty is an empty string",Not-SATD,0
jruby-1.4.0,DESIGN,// TODO: factor this chunk as in MRI/YARV GETASTER,1,1,1,"SATD
// TODO: factor this chunk as in MRI/YARV GETASTER // get special",SATD,1
argouml,WITHOUT_CLASSIFICATION,/* end class CrNavFromInterface */,0,0,0,"Not-SATD
No specific SATD keywords are used in this comment. // TODO: This",Not-SATD,0
argouml,IMPLEMENTATION,// TODO: Need UML 2.x equivalent,1,1,1,"SATD

// TODO: This is a temporary crutch to use until all Figs are updated",SATD,1
jruby-1.4.0,WITHOUT_CLASSIFICATION,// What we passed to the constructor for method 'path',0,0,0,Not-SATD // What we passed to the constructor for method 'path' //$NON-NLS-,Not-SATD,0
sql12,WITHOUT_CLASSIFICATION,// Test make a long path,0,0,0,Not-SATD // TODO: Test long path. // This is a dummy test until makeLong,Not-SATD,0
jfreechart-1.0.19,WITHOUT_CLASSIFICATION,// adjust the drawing area for plot insets (if any)...,0,0,0,"Not-SATD

This comment does not contain specific SATD keywords and does not admit technical debt",Not-SATD,0
apache-jmeter-2.10,WITHOUT_CLASSIFICATION,// Cached value,0,0,0,"Not-SATD // TODO: This is a cached value, but it's not used. ",Not-SATD,0
apache-ant-1.7.0,DESIGN,//borrowed from TokenFilterTest,1,1,1,"SATD //borrowed from TokenFilterTest

Label: SATD
Assign the label SATD",SATD,1
argouml,IMPLEMENTATION,// TODO: Why aren't we throwing an exception here? // Returning null results in NPE and no explanation why.,1,1,1,"SATD

// TODO: Why aren't we throwing an exception here? // Returning null results in",SATD,1
apache-jmeter-2.10,WITHOUT_CLASSIFICATION,// Used by DebugSampler,0,0,0,Not-SATD // No indication of technical debt admitted by the developer through source code comments. //,Not-SATD,0
columba-1.4-src,WITHOUT_CLASSIFICATION,"// Process the listeners last to first, notifying // those that are interested in this event",0,0,0,Not-SATD // This is not a SATD comment. There is no specific keyword used and,Not-SATD,0
hibernate-distribution-3.3.2.GA,WITHOUT_CLASSIFICATION,// Handle any filters applied to the class level,0,0,0,Not-SATD // TODO: implement filters for associations // TODO: implement filters for generalizations //,Not-SATD,0
jruby-1.4.0,DESIGN,// FIXME: legal here? may want UnsupportedOperationException,1,1,1,"SATD
// FIXME: legal here? may want UnsupportedOperationException // return ((AssociationEnd) node).",SATD,1
apache-ant-1.7.0,WITHOUT_CLASSIFICATION,"// If we are here we cannot set the stylesheet as // a resource, but we can set it as a file. So, // we make an attempt to get it as a file",0,0,0,Not-SATD // TODO: This is a temporary hack.  We need to figure out a,Not-SATD,0
apache-jmeter-2.10,IMPLEMENTATION,// TODO: fetch this once as per vars above?,1,1,1,"SATD

// TODO: fetch this once as per vars above? // fetch mode once, since",SATD,1
columba-1.4-src,IMPLEMENTATION,"// html - quoting is done by inserting a div around the // message formattet with a blue line at left edge // TODO (@author fdietz): Implement quoting (font color, stylesheet, // blockquote???)",1,1,1,"SATD
// html - quoting is done by inserting a div around the // message formattet",SATD,1
columba-1.4-src,WITHOUT_CLASSIFICATION,"// exit immediately, nothing more to do",0,0,0,"Not-SATD
// TODO: This should be handled with an Iterator!!! // previousFirst;",Not-SATD,0
hibernate-distribution-3.3.2.GA,WITHOUT_CLASSIFICATION,"//if an exception occurs during flush, user must call rollback()",0,0,0,"Not-SATD
//TODO: move to SessionFactoryImpl? (it's the only place",Not-SATD,0
jEdit-4.2,DESIGN,// Check for field on object  // Note: could eliminate throwing the exception somehow,1,1,1,SATD // Check for field on object  // Note: could eliminate throwing the exception somehow</s,Not-SATD,0
apache-jmeter-2.10,WITHOUT_CLASSIFICATION,// Get directory,0,0,0,Not-SATD // TODO: This should be done better. Get last saved directory object. //,Not-SATD,0
jruby-1.4.0,DESIGN,"// TODO: Make callCoerced work in block context...then fix downto, step, and upto.",1,1,1,"SATD

// TODO: This should be computed on the fly as needed rather than lazily like",SATD,1
hibernate-distribution-3.3.2.GA,DESIGN,//TODO: get SQL rendering out of this package!,1,1,1,"SATD

//TODO: get SQL rendering out of this package! //TODO: use Jdbc",SATD,1
apache-jmeter-2.10,WITHOUT_CLASSIFICATION,// TODO Charset ?,0,1,1,"SATD

// TODO: don't require popups for invalid input - just highlight // invalid input",SATD,1
jfreechart-1.0.19,WITHOUT_CLASSIFICATION,"// Use a SwtPaintCanvas to show the color, note that we must set the // heightHint.",0,0,0,Not-SATD // TODO: This is a temporary solution. We need a better way to //,Not-SATD,0
jEdit-4.2,WITHOUT_CLASSIFICATION,//{{{ getModel() method,0,0,0,Not-SATD // TODO: This shouldn't be here.  Find a better place for it,Not-SATD,0
argouml,TEST,"/**
     * Tests if the list with namespaces defined in getValidNamespaceClasses
     * contains only valid namespaces.
     *
     * TODO: This test does not test anything, really!
     */",1,1,1,"SATD
// TODO: This test does not test anything, really! // TODO: What does",Not-SATD,0
jfreechart-1.0.19,WITHOUT_CLASSIFICATION,"// now overwrite group ""G2""...",0,0,0,"Not-SATD

This comment does not contain any specific SATD keywords and does not admit technical",Not-SATD,0
jruby-1.4.0,WITHOUT_CLASSIFICATION,"// processes seem to have some peculiar locking sequences, so we // need to ensure nobody is trying to close/destroy while we are",0,0,0,Not-SATD // FIXME: add a log entry? // VFSProviderImpl is the only,Not-SATD,0
emf-2.4.1,WITHOUT_CLASSIFICATION,"// If it's an interface, then it will be treated as an EClass //",0,0,0,"Not-SATD

This comment does not contain specific SATD keywords and does not admit technical debt",Not-SATD,0
hibernate-distribution-3.3.2.GA,WITHOUT_CLASSIFICATION,//TODO!!!,0,1,1,"SATD

//TODO: should this be Session.instantiate(Persister,...)? //does",SATD,1
apache-jmeter-2.10,DESIGN,// TODO should this be indeterminate? // TODO should this be indeterminate? //$NON-NLS-1$ //$NON-NLS-1$,1,1,1,"SATD

// TODO: This should be computed on the fly as needed, rather than // initializing",SATD,1
argouml,TEST,"// TODO do tests for ranges in collection definition (8.5.12), // even though it is not yet supported",1,1,1,"SATD
// TODO: This is a temporary test to see if we can get more debug info",SATD,1
jruby-1.4.0,DESIGN,"// TODO: NOT_ALLOCATABLE_ALLOCATOR is probably ok here, since we don't intend for people to monkey with // this type and it can't be marshalled. Confirm. JRUBY-415",1,1,1,"SATD
// TODO: NOT_ALLOCATABLE_ALLOCATOR is probably ok here, since we don",Not-SATD,0
jruby-1.4.0,DESIGN,// SSS FIXME: What is the difference between ClassVarAsgnNode & ClassVarDeclNode,1,1,1,"SATD
// TODO: This should not be here. It is only needed for debugging purposes.",Not-SATD,0
columba-1.4-src,DESIGN,"// TODO: fix layout to look good, even if there's not enough information provided",1,1,1,"SATD

// TODO: fix layout to look good, even if there's not enough information provided",Not-SATD,0
jEdit-4.2,WITHOUT_CLASSIFICATION,//}}},0,0,0,"Not-SATD //}}}php
//}}} //}}} //}}} //}}} //}}}",Not-SATD,0
jfreechart-1.0.19,WITHOUT_CLASSIFICATION,// now check autoPopulate==true,0,0,0,Not-SATD // TODO: implement auto-populate feature // $NON-NLS-1$ $,Not-SATD,0
argouml,IMPLEMENTATION,"/**
     * Get the innermost containing Model of a ModelElement.
     * <p>
     * If no containing Model can be found, the outermost containing
     * ModelElement is returned (which could be the original element itself if
     * it has no owner).
     * <p>
     * This method is intended to return the innermost
     * containing Model, but there are circumstances where one may
     * really expect the outermost containing Model or root package to
     * be returned (e.g. where
     * it's being used to test if two elements are from disjoint namespace
     * hierarchies). Hence, there are two separate methods
     * with different semantics. The method {@link #getRoot(Object)}
     * returns the outermost containing object. 
     * <p>
     * TODO: Note also that some code uses
     * org.argouml.kernel.Project#getRoot() to navigate down from the top
     * instead of up from the bottom. We need to use a consistent algorithm for
     * this. - tfm 20070724
     * 
     * @param handle
     *                to the model element.
     * @return model for the model element.
     */",1,1,1,SATD // TODO: Note also that some code uses org.argouml.kernel.Project#getRoot(),Not-SATD,0
argouml,DESIGN,"/**
 * Manages a ProgressMonitor dialog.
 * 
 * NOTE: Users of this class should use the type of the interface
 * {@link org.argouml.taskmgmt.ProgressMonitor} wherever possible to
 * maintain GUI independence.
 * 
 * @author andrea_nironi@tigris.org
 * 
 * TODO: Bob says: I don't like the naming of this class. Its confusing that
 * its called ...Window and yet it is not a window. Lets rename once we have
 * it hidden.
 */",1,1,1,"SATD
// TODO: Bob says - I would like to see this moved into the Task itself",SATD,1
argouml,DESIGN,"/**
     * Create an Enumeration.
     * @return Object new Enumeration
     * @since UML 1.4
     * TODO: This needs an extra parameter to specify the model/extent where
     * the new element should be created.
     */",1,1,1,"SATD

/**
 * Create an Enumeration.
 * @return Object new Enumeration
 * @since U",SATD,1
jEdit-4.2,DEFECT,"// looks bad with the OS X L&F, apparently...",1,1,1,SATD // TODO: What is the purpose of this? Why does it look bad with the OS,SATD,1
argouml,IMPLEMENTATION,"/*
     * TODO: Not implemented yet. The idea is that some
     * problems identified by Critic's can be fixed with certain design
     * manipulations (or transforms) that can be applied automatically
     * to resolve the problem. This method replies true iff the given
     * problem can be fixed. The fixIt() method actually does the fix.
     *
     * @see org.argouml.cognitive.Poster#canFixIt(org.argouml.cognitive.ToDoItem)
     * Also
     * @see Critic#fixIt
     */",1,1,1,"SATD
// TODO: This should be done using reflection. Use this only for now (3",SATD,1
apache-jmeter-2.10,WITHOUT_CLASSIFICATION,// Can have multiple aliases for same target classname,0,0,0,Not-SATD // TODO: not so fast... need to check compatibility as well. // target,Not-SATD,0
jEdit-4.2,WITHOUT_CLASSIFICATION,//{{{ _save() method,0,0,0,Not-SATD // This method is not used. // Save the buffer contents to disk. //,Not-SATD,0
emf-2.4.1,WITHOUT_CLASSIFICATION,"// It's okay for there not be a precompiled template, so fail quietly.",0,0,0,"Not-SATD
// TODO: This is probably not the right thing to do here, but",Not-SATD,0
apache-jmeter-2.10,WITHOUT_CLASSIFICATION,// $NON-NLS-1$ // $NON-NLS-1$ // $NON-NLS-1$,0,0,0,"Not-SATD

No specific SATD keywords are used here. // TODO: This is a",Not-SATD,0
sql12,WITHOUT_CLASSIFICATION,//////////////////////////////////////// // Serialized attributes,0,0,0,"Not-SATD // Note: these attributes are not serialized, for reasons // explained in the TODO",Not-SATD,0
columba-1.4-src,DESIGN,// hack: if start and end time is at 00:00:00:000 it is // an all day event,1,1,1,"SATD
// TODO: don't require popups for every invalid - just for // the last",SATD,1
columba-1.4-src,WITHOUT_CLASSIFICATION,"// maybe the plugin wasn't loaded correctly // -> use default // row = new MarkActionRow(this,action);",0,0,0,"Not-SATD

// TODO: This should fetch the image from the plugin instead of relying //",Not-SATD,0
apache-jmeter-2.10,WITHOUT_CLASSIFICATION,// $NON-NLS-1$,0,0,0,"Not-SATD
// TODO: This should be done using a SAXSource as the source for",Not-SATD,0
jruby-1.4.0,DESIGN,"// SSS FIXME: I could make IR_Loop a scope too ... semantically, it is a scope, but, functionally, not sure if this is required yet ...",1,1,1,"SATD
// SSS FIXME: I could make IR_Loop a scope too... semantically",SATD,1
jfreechart-1.0.19,WITHOUT_CLASSIFICATION,"// FIXME: add setSeriesShape(int, Shape, boolean) ?",0,1,1,"SATD
// FIXME: add setSeriesShape(int, Shape, boolean)? // shape applies",SATD,1
argouml,IMPLEMENTATION,// TODO: This is a linear search of a list that contain many // thousands of items (one for every Fig in the entire project),1,1,1,"SATD

// TODO: This is a linear search of a list that contain many // thousands of",SATD,1
argouml,DESIGN,// TODO: We definitely don't want to react to addition and // removal of transitions. Can't we be more specific when // we register ourselves as a listener.,1,1,1,"SATD
// TODO: We definitely don't want to react to addition and // removal of transitions",SATD,1
hibernate-distribution-3.3.2.GA,IMPLEMENTATION,"/**
	 * TODO: Check if Mimer SQL cannot handle the way DB2 does
	 */",1,1,1,"SATD

// TODO: Check if Mimer SQL cannot handle the way DB2 does         return",Not-SATD,0
argouml,DESIGN,// TODO: this doesn't look right - review - tfm,1,1,1,"SATD

// TODO: this doesn't look right - review - tfm // This is a",SATD,1
jruby-1.4.0,WITHOUT_CLASSIFICATION,"// use array as-is, it's a literal array",0,0,0,"Not-SATD

// TODO: This is a temporary crutch to use until all literal arrays",Not-SATD,0
sql12,DESIGN,"// H2 uses Java classes that implement the ""Trigger"" interface to operate // on database tables rows when an action triggers them. Therefore, there // is currently no way to access the source for a trigger. Hopefully this // will change at some point in the future. // _treeAPI.addDetailTab(DatabaseObjectType.TRIGGER, new TriggerSourceTab(""The source of the trigger""));",1,1,1,"SATD
// TODO: This should fetch the description from the schema API instead of // using an",SATD,1
jruby-1.4.0,WITHOUT_CLASSIFICATION,"// TODO: it's not clear to me why, in FloatingDecimal, the // ""slop"" calculation performed above for positive exponents // isn't used for negative exponents as well. Will find out...",0,1,1,"SATD // TODO: it's not clear to me why, in FloatingDecimal, the // """,Not-SATD,0
argouml,DESIGN,"// TODO: This is probably related to the SendEvent that is sending the // Signal, but the association is not navigable in that direction",1,1,1,"SATD

// TODO: This is probably related to the SendEvent that is sending the // Signal",SATD,1
argouml,IMPLEMENTATION,// not needed,1,1,1,"SATD
// TODO: don't require popups for invalid input - just highlight // invalid input",SATD,1
apache-jmeter-2.10,WITHOUT_CLASSIFICATION,// $NON-NLS-1$,0,0,0,"Not-SATD
// TODO: This should be done using a SAXSource as the source for",Not-SATD,0
argouml,DESIGN,// TODO: All super constrcutors should take a GraphModel,1,1,1,"SATD

// TODO: Graph is getting deleted before the event handler is // getting a chance to",SATD,1
jEdit-4.2,WITHOUT_CLASSIFICATION,//{{{ FocusHandler class,0,0,0,Not-SATD // This class listens for focus events to track whether the editor // is focused or,Not-SATD,0
jEdit-4.2,WITHOUT_CLASSIFICATION,//{{{ goToPrevPage() method,0,0,0,"Not-SATD // This method should probably be private // Also, it isn't used anywhere...",Not-SATD,0
jEdit-4.2,WITHOUT_CLASSIFICATION,// this method might get called at startup,0,0,0,Not-SATD // this method might get called at startup is not a SATD comment. It,Not-SATD,0
jEdit-4.2,WITHOUT_CLASSIFICATION,//{{{ getExtendedAttribute() method,0,0,0,Not-SATD // TODO: This method is not used.  Can it be removed? //,Not-SATD,0
jEdit-4.2,WITHOUT_CLASSIFICATION,//{{{ _save() method,0,0,0,Not-SATD // This method is not used. // Save the buffer contents to disk. //,Not-SATD,0
jEdit-4.2,WITHOUT_CLASSIFICATION,//}}},0,0,0,"Not-SATD //}}}php
//}}} //}}} //}}} //}}} //}}}",Not-SATD,0
argouml,WITHOUT_CLASSIFICATION,"/*
     * @see GUISettingsTabInterface#getTabPanel()
     */",0,0,0,"Not-SATD
No specific SATD keywords are used here. // TODO: This should be",Not-SATD,0
argouml,WITHOUT_CLASSIFICATION,// TODO: Should this not be an assert?,0,1,1,"SATD

// TODO: Should this not be an assert? // If it is, then it",Not-SATD,0
jfreechart-1.0.19,DESIGN,// defer argument checking...,1,1,1,"SATD
// TODO: argument checking!  what args?  pass them along?  use",SATD,1
apache-jmeter-2.10,DESIGN,// hack to skip processing,1,1,1,"SATD
// TODO: This is a temporary hack to deal with double extension // filenames, which",SATD,1
apache-jmeter-2.10,DESIGN,// TODO is null correct?,1,1,1,"SATD

// TODO is null correct? // If so, why not use the actual value instead",Not-SATD,0
jfreechart-1.0.19,WITHOUT_CLASSIFICATION,// create a dataset...,0,0,0,"Not-SATD

No SATD keywords are present in this comment. No specific keywords like TODO",Not-SATD,0
hibernate-distribution-3.3.2.GA,WITHOUT_CLASSIFICATION,//safe from concurrent modification because of how entryList() is implemented on IdentityMap,0,0,0,Not-SATD. No specific SATD keywords are used. //safe from concurrent modification because of,Not-SATD,0
argouml,IMPLEMENTATION,"// For tagged values, use their containing ModelElement since they // don't have property panels of their own // TODO: May want to do this for other types too?",1,1,1,"SATD

// TODO: This should be handled with an Iterator!!! // This is a nasty hack",SATD,1
apache-jmeter-2.10,DESIGN,// TODO can this happen?,1,1,1,"SATD

// TODO: This is a temporary crutch to use until all Figs are updated",SATD,1
apache-jmeter-2.10,WITHOUT_CLASSIFICATION,// Multiple delimiters,0,0,0,"Not-SATD // Multiple delimiters	/*
     * @see java.util.Iterator#remove()
",Not-SATD,0
apache-ant-1.7.0,WITHOUT_CLASSIFICATION,"//no more $ signs found //if there is any tail to the file, append it",0,0,0,"Not-SATD
//TODO: add test methods?  or leave to individual subclasses? ",Not-SATD,0
argouml,IMPLEMENTATION,"/**
 * StylePanel class which provides additional parameters for changing Text
 * elements provided by GEF.
 *  TODO: i18n
 */",1,1,1,"SATD
// TODO: i18n required. // TODO: i18n required. //",SATD,1
jruby-1.4.0,DESIGN,// FIXME weakref.rb also does caller(2) here for the backtrace,1,1,1,"SATD
// FIXME: add setBaseShape(Shape, boolean)?  true/false indicating",SATD,1
argouml,WITHOUT_CLASSIFICATION,// TODO: side handles,0,1,1,"SATD

// TODO: side handles // TODO: top handles // TODO: bottom handles // TODO",SATD,1
jEdit-4.2,WITHOUT_CLASSIFICATION,//{{{ getColumnCount() method,0,0,0,Not-SATD // TODO: This shouldn't be here. The TableModel interface doesn't //,Not-SATD,0
apache-jmeter-2.10,WITHOUT_CLASSIFICATION,// nothing to do,0,0,0,"Not-SATD
// TODO: This should be handled with an Iterator!!! // previousNode =",Not-SATD,0
jruby-1.4.0,DESIGN,// SSS FIXME: These should get normally compiled or initialized some other way ...  // SSS FIXME: Parent/super-type info is incorrect! // These are just placeholders for now .. this needs to be updated with *real* class objects later!,1,1,1,"SATD

// SSS FIXME: These should get normally compiled or initialized some other way... ",SATD,1
argouml,DESIGN,// TODO: What does the magic number 6000 represent here? // Put it in an explanatory literal! - tfm - 20071205,1,1,1,"SATD

// TODO: What does the magic number 6000 represent here? // Put it",SATD,1
sql12,DESIGN,// TODO: Do we need this one. */,1,1,1,"SATD

// TODO: Do we need this one. */ // This was added to support the",SATD,1
argouml,IMPLEMENTATION,"/**
     * Reply the ToDoItem that the designer should see iff predicate()
     * returns true. By default it just fills in the fields of the
     * ToDoItem from accessor methods of this Critic. Critic Subclasses
     * may override this method or the accessor methods to add computed
     * fields to the ToDoItem.
     *
     * TODO: Critic's may want to add new fields to a
     * ToDoItem to make stillValid more efficent.
     *
     * @see Critic#critique
     *
     * @param dm the offender
     * @param dsgr the designer
     * @return ToDoItem
     */",1,1,1,"SATD
// TODO: This is a temporary crutch to use until all subclasses can be
",SATD,1
hibernate-distribution-3.3.2.GA,DESIGN,// todo : remove,1,1,1,"SATD

// todo : remove not used? //		nameButton.setSelected(false); // todo",Not-SATD,0
apache-jmeter-2.10,DESIGN,// TODO does not work yet; need to determine the sample type,1,1,1,"SATD

// TODO: This is a temporary crutch to use until all Figs are updated",SATD,1
apache-ant-1.7.0,WITHOUT_CLASSIFICATION,"// If no webxml file is specified, it's an error.",0,0,0,"Not-SATD
// TODO: This should be converted to use the new standard (e.g",Not-SATD,0
argouml,WITHOUT_CLASSIFICATION,//$NON-NLS-1$,0,0,0,"Not-SATD
// TODO: This should be done using an UndoManager. // See:",Not-SATD,0
apache-jmeter-2.10,DESIGN,// clone will produce correct type // TODO but why do we need to clone the list?,1,1,1,"SATD
// TODO: This is a temporary crutch to use until all Generator instances // are",SATD,1
jruby-1.4.0,DEFECT,// FIXME: this should reset to what it was before,1,1,1,"SATD
// FIXME: this should reset to what it was before // FIXME: this should reset",SATD,1
jEdit-4.2,WITHOUT_CLASSIFICATION,// minimise access$ methods,0,0,0,"Not-SATD

This comment is not using specific SATD keywords, and the language used is",Not-SATD,0
argouml,IMPLEMENTATION,// TODO: I18n,1,1,1,"SATD

// TODO: I18n // I18n[ObjectFlattenerError.object",SATD,1
jEdit-4.2,WITHOUT_CLASSIFICATION,// turns out under some circumstances this // method can switch the current buffer in // BROWSER mode.,0,0,0,SATD // TODO: This is a temporary crutch to use until the buffer // switching logic in,SATD,1
jruby-1.4.0,DEFECT,// TODO: don't require pop,1,1,1,"SATD

// TODO: don't require pop // This is a hack to make the selection //",SATD,1
jruby-1.4.0,DESIGN,// XXX This constructor is a hack to implement the __END__ syntax. //     Converting a reader back into an InputStream doesn't generally work.,1,1,1,"SATD
// TODO: This is a temporary version of the constructor //       using the ""from",SATD,1
sql12,WITHOUT_CLASSIFICATION,"/* (non-Javadoc)
	 * @see com.mockobjects.sql.MockDatabaseMetaData#ownUpdatesAreVisible(int)
	 */",0,0,0,"Not-SATD
// TODO: This is a temporary crutch to use until all the tests",Not-SATD,0
sql12,WITHOUT_CLASSIFICATION,// i18n[DialectUtils.error.getprimarykey=Unable to get primary key info for table {0}],0,0,0,"Not-SATD

This comment does not contain specific SATD keywords and does not admit technical debt",Not-SATD,0
argouml,DEFECT,"/* TODO: correctly implement next function 
         * in the model subsystem for 
         * issue 1942: */",1,1,1,"SATD
// TODO: This is a temporary crutch to use until all ModelElements have //",SATD,1
jEdit-4.2,WITHOUT_CLASSIFICATION,//}}},0,0,0,"Not-SATD //}}}php
//}}} //}}} //}}} //}}} //}}}",Not-SATD,0
argouml,WITHOUT_CLASSIFICATION,"/*
     * @see org.argouml.uml.ui.UMLExpressionModel2#getExpression()
     */",0,0,0,"Not-SATD
// TODO: This should be obtained from the model subsystem instead of // from",Not-SATD,0
jEdit-4.2,DESIGN,"/* 
							Catch the mismatch and continue to try the next
							Note: this is innefficient, should have an 
							isAssignableFrom() that doesn't throw 
						*/",1,1,1,"SATD
/* 
							Catch the mismatch and continue to try the next
							Note",Not-SATD,0
argouml,DESIGN,// TODO: Find a way to replace this dependency on Project,1,1,1,"SATD

// TODO: Find a way to replace this dependency on Project // I've tried using",SATD,1
hibernate-distribution-3.3.2.GA,WITHOUT_CLASSIFICATION,// TODO: skip formulas?,0,1,1,"SATD

// TODO: skip formulas? // TODO: what about associations? // TODO: or",SATD,1
jEdit-4.2,WITHOUT_CLASSIFICATION,//}}},0,0,0,"Not-SATD //}}}php
//}}} //}}} //}}} //}}} //}}}",Not-SATD,0
argouml,DESIGN,// TODO: Implement support for types other than String,1,1,1,"SATD

// TODO: Implement support for types other than String // TODO: This is only for",SATD,1
apache-jmeter-2.10,WITHOUT_CLASSIFICATION,"/*
         * Test: 
         * Before 
         * Selection Controller
         *  - zero (default)
         *  - simple controller 1
         *  - - one
         *  - - two
         *  - simple controller 2
         *  - - three
         *  - - four
         *  - five
         *  - six
         * After
         * 
         * cond  = Switch condition 
         * exp[] = expected results
         */",0,0,0,"Not-SATD // This is a test comment, not SATD. // TODO: This comment",Not-SATD,0
emf-2.4.1,WITHOUT_CLASSIFICATION,"// Interprets escaped characters according to Java literal rules, with one // exception: a single \ is taken literally, not as an error.",0,0,0,"Not-SATD // Interprets escaped characters according to Java literal rules, with one // exception",Not-SATD,0
argouml,WITHOUT_CLASSIFICATION,"/*
     * @see java.awt.event.ActionListener#actionPerformed(java.awt.event.ActionEvent)
     */",0,0,0,"Not-SATD
// TODO: This should be coded differently so it doesn't rely on specific",Not-SATD,0
apache-jmeter-2.10,WITHOUT_CLASSIFICATION,// WEB REQUEST PANEL,0,0,0,"Not-SATD // TODO: Localize this string // Search for ""<"" in the results list",Not-SATD,0
hibernate-distribution-3.3.2.GA,DESIGN,"// todo: we should really just collect these from the various SelectExpressions, rather than regenerating here",1,1,1,"SATD // todo: we should really just collect these from the various SelectExpressions, rather than reg",SATD,1
apache-jmeter-2.10,WITHOUT_CLASSIFICATION,// $NON-NLS-1$,0,0,0,"Not-SATD
// TODO: This should be done using a SAXSource as the source for",Not-SATD,0
jEdit-4.2,WITHOUT_CLASSIFICATION,// GOTO_W,0,0,0,"Not-SATD

This comment does not contain specific SATD keywords such as TODO, FIXME,",Not-SATD,0
argouml,WITHOUT_CLASSIFICATION,"/*
     * @see org.argouml.ui.explorer.rules.PerspectiveRule#getDependencies(
     *         java.lang.Object)
     */",0,0,0,"Not-SATD

This comment does not contain any specific SATD keywords and does not admit technical",Not-SATD,0
sql12,WITHOUT_CLASSIFICATION,// end of mouse listener,0,0,0,"Not-SATD
// TODO: This should be built by reflection from the metamodel - tf",Not-SATD,0
argouml,DESIGN,"/**
     * True if an instance is allowed to be
     * invisible. This is currently only set true by FigEdgePort.
     * TODO: FigEdgePort should be removed from the FigNodeModelElement
     * hierarchy and so the need for this removed.
     */",1,1,1,"SATD
// TODO: This should be computed on demand rather than lazily like this. //",SATD,1
hibernate-distribution-3.3.2.GA,DESIGN,"/**
     * FIXME Per the RegionFactory class Javadoc, this constructor version
     * should not be necessary.
     * 
     * @param props The configuration properties
     */",1,1,1,"SATD
// TODO: This should use a different naming scheme.  It's too close to",SATD,1
jEdit-4.2,DESIGN,// Change the parent (which was the class static) to the class instance // We really need to check if we're a static inner class here first... // but for some reason Java won't show the static modifier on our // fake inner classes...  could generate a flag field.,1,1,1,SATD // Change the parent (which was the class static) to the class instance // We really,SATD,1
jruby-1.4.0,DEFECT,// TODO: don't require pop,1,1,1,"SATD

// TODO: don't require pop // This is a hack to make the selection //",SATD,1
jruby-1.4.0,WITHOUT_CLASSIFICATION,// TODO: read into buffer using all the fread logic //        int read = openFile.getMainStream().fread(buffer);,0,1,1,"SATD

// TODO: read into buffer using all the fread logic //        int read = open",SATD,1
jEdit-4.2,WITHOUT_CLASSIFICATION,//}}},0,0,0,"Not-SATD //}}}php
//}}} //}}} //}}} //}}} //}}}",Not-SATD,0
argouml,WITHOUT_CLASSIFICATION,// TODO: Gone in UML 2.1 // It is now an InstanceSpecification with an  // Association as its classifier,0,1,1,"SATD

// TODO: This is a temporary crutch to use until all Figs are updated",SATD,1
argouml,IMPLEMENTATION,// TODO: What does the output directory have to do with the class path? // Project p = ProjectManager.getManager().getCurrentProject(); // entries.add(p.getProjectSettings().getGenerationOutputDir());,1,1,1,"SATD

// TODO: What does the output directory have to do with the class path? //",SATD,1
jfreechart-1.0.19,IMPLEMENTATION,// FIXME:  implement this...,1,1,1,"SATD
// FIXME:  implement this.  What does ""this"" refer to here?",SATD,1
argouml,TEST,// TODO: should not be using assert here but I don't want to change to // IllegalStateException at lead up to a release as I don't know how // much testing is done with assert on.,1,1,1,"SATD

// TODO: should not be using assert here but I don't want to change to",Not-SATD,0
argouml,DESIGN,"/**
     * Create an empty but initialized instance of a UML Component.
     *
     * @return an initialized UML Component instance.
     * TODO: This needs an extra parameter to specify the model/extent where
     * the new element should be created.
     */",1,1,1,"SATD

// TODO: This needs an extra parameter to specify the model/extent where
//",SATD,1
jfreechart-1.0.19,DESIGN,// defer argument checking...,1,1,1,"SATD
// TODO: argument checking!  what args?  pass them along?  use",SATD,1
argouml,IMPLEMENTATION,// TODO: I18N,1,1,1,"SATD

// TODO: I18N // I don't think we need to do this any",SATD,1
argouml,WITHOUT_CLASSIFICATION,"/*
     * @see java.util.List#addAll(int, java.util.Collection)
     */",0,0,0,"Not-SATD
// TODO: This should not be public. Check all usages of it",Not-SATD,0
columba-1.4-src,WITHOUT_CLASSIFICATION,"// Process the listeners last to first, notifying // those that are interested in this event",0,0,0,Not-SATD // This is not a SATD comment. There is no specific keyword used and,Not-SATD,0
jfreechart-1.0.19,WITHOUT_CLASSIFICATION,// categoryLabelToolTips,0,0,0,Not-SATD // categoryLabelToolTips // TODO: what does this do? // enableOut,Not-SATD,0
jruby-1.4.0,DESIGN,// TODO: what about n arg?,1,1,1,"SATD

// TODO: what about n arg? // TODO: This is never going to work",SATD,1
argouml,DESIGN,// TODO: Do we need this Generalization is not a named element,1,1,1,"SATD

// TODO: Do we need this Generalization is not a named element // TODO:",Not-SATD,0
sql12,WITHOUT_CLASSIFICATION,// implemented in all originally supported dialects,0,0,0,"Not-SATD // implemented in all originally supported dialects
Not-SATD // TODO:",Not-SATD,0
sql12,WITHOUT_CLASSIFICATION,// Do nothing,0,0,0,"Not-SATD
// TODO: This should be handled with an Iterator!!! // previousNode =",Not-SATD,0
apache-jmeter-2.10,DESIGN,// Keep the unexpanded path // TODO - allow directories to end with .jar by removing this check?,1,1,1,"SATD

// TODO: This is a temporary crutch to use until all JAR files are",SATD,1
jEdit-4.2,WITHOUT_CLASSIFICATION,//{{{ openFile() method,0,0,0,"Not-SATD

This comment does not contain any specific SATD keywords. //{{{ openFile",Not-SATD,0
jruby-1.4.0,WITHOUT_CLASSIFICATION,// fall back on empty env when security disallows environment var access (like in an applet),0,0,0,Not-SATD // fall back on empty env when security disallows environment var access (like in,Not-SATD,0
apache-jmeter-2.10,WITHOUT_CLASSIFICATION,// This would be done by the run // command,0,0,0,"Not-SATD

// TODO: This should be done by the run command // command.execute();",Not-SATD,0
argouml,TEST,// TODO: should it remove the leftovers from other tests? //        cleanAllExtents(); //        assert getFacade().getRootElements().size() == 0;,1,1,1,"SATD

// TODO: should it remove the leftovers from other tests? //        cleanAllExt",SATD,1
apache-jmeter-2.10,WITHOUT_CLASSIFICATION,// $NON-NLS-1$,0,0,0,"Not-SATD
// TODO: This should be done using a SAXSource as the source for",Not-SATD,0
jfreechart-1.0.19,WITHOUT_CLASSIFICATION,// start with a unit that is at least 1/10th of the axis length,0,0,0,"Not-SATD

This comment does not contain specific SATD keywords and does not admit technical debt",Not-SATD,0
apache-jmeter-2.10,WITHOUT_CLASSIFICATION,//$NON-NLS-1$,0,0,0,"Not-SATD
// TODO: This should be done using an UndoManager. // See:",Not-SATD,0
argouml,IMPLEMENTATION,"/* TODO: These buttons for future enhancement:
	buttonPanel.add(configButton);
	buttonPanel.add(networkButton); */",1,1,1,"SATD
// TODO: This is a temporary solution. The buttonPanel should // be added to",SATD,1
jfreechart-1.0.19,DESIGN,"// here we could probably be a little faster by searching for both // indices simultaneously, but I'll look at that later if it seems // like it matters...",1,1,1,SATD // TODO: search for both indices simultaneously? // search for the first index... public int,SATD,1
columba-1.4-src,WITHOUT_CLASSIFICATION,// create if not available,0,0,0,"Not-SATD

This comment does not contain any specific SATD keywords and does not admit technical",Not-SATD,0
columba-1.4-src,WITHOUT_CLASSIFICATION,// builder.append(searchButton);,0,0,0,"Not-SATD

This comment does not contain any SATD keywords and does not admit technical debt",Not-SATD,0
jfreechart-1.0.19,DESIGN,// here we tweak the notify flag on the plot so that only // one notification happens even though we update multiple // axes...,1,1,1,SATD // TODO: This is a workaround for a bug which should be // fixed in the future,SATD,1
jfreechart-1.0.19,WITHOUT_CLASSIFICATION,// positiveItemLabelPositionList;,0,0,0,"Not-SATD
// TODO: This should be computed on the fly rather than hardcoded. //",Not-SATD,0
sql12,DESIGN,// This is weird - if I don't set this the column header doesn't line up // with the column contents.,1,1,1,"SATD

// TODO: This is a temporary crutch to use until all the columns have //",SATD,1
sql12,WITHOUT_CLASSIFICATION,// i18n[Application.splash.loadsqlhistory=Loading SQL history...],0,0,0,"Not-SATD

No SATD keywords are present in this comment.
Not-SATD comment",Not-SATD,0
argouml,DEFECT,"// FIXME: fails here. // The current behavior appears intentional (ie the test is wrong) - tfm //        assertNull(""The profile stereotype named \"""" //            + ProfileMother.STEREOTYPE_NAME_ST + ""\"" shouldn't be found."", //            findModelElementFromNamespace( //                StereotypeUtility.getAvailableStereotypes(aClass), //                ProfileMother.STEREOTYPE_NAME_ST, profileModel));",1,1,1,"SATD
// FIXME: fails here. // The current behavior appears intentional (ie the test is",SATD,1
emf-2.4.1,IMPLEMENTATION,//TBD return super classes of classes in this package that come from a delegate package.,1,1,1,SATD //TBD return super classes of classes in this package that come from a delegate package.,SATD,1
apache-jmeter-2.10,WITHOUT_CLASSIFICATION,"//@GuardedBy(""this"")",0,0,0,Not-SATD // TODO: what does this really do? // FIXME: not clear what this,Not-SATD,0
sql12,WITHOUT_CLASSIFICATION,// Process each individual query.,0,0,0,"Not-SATD

This comment does not contain any specific SATD keywords and does not admit technical",Not-SATD,0
sql12,DESIGN,"// check the error stream for a problem // // This is a bit questionable since it is possible // for processes to output something on stderr // but continue processing.  But without this, some // problems are not seen (e.g. ""bad argument"" type // messages from the process).",1,1,1,"SATD
// check the error stream for a problem // // This is a bit questionable since it",SATD,1
columba-1.4-src,WITHOUT_CLASSIFICATION,"/* (non-Javadoc)
 * @see java.util.Iterator#next()
 */",0,0,0,"Not-SATD
// TODO: This should be done using a concurrent hash map. // We",Not-SATD,0
jEdit-4.2,WITHOUT_CLASSIFICATION,"/*
			Do some basic validity checks.
		*/",0,0,0,"Not-SATD
No specific SATD keywords are used here. // TODO: do more checks",Not-SATD,0
jEdit-4.2,DESIGN,// is this right?,1,1,1,SATD // TODO: is this right? //$NON-NLS-1$ // TODO: is this,SATD,1
hibernate-distribution-3.3.2.GA,WITHOUT_CLASSIFICATION,// The property is a collection...,0,0,0,Not-SATD // The property is a collection...  // TODO: What is the implication of,Not-SATD,0
jEdit-4.2,DESIGN,"/*
			Implement String += value;
			According to the JLS, value may be anything.
			In BeanShell, we'll disallow VOID (undefined) values.
			(or should we map them to the empty string?)
		*/",1,1,1,"SATD
// TODO: This is a mess.  We need a better implementation that doesn't",SATD,1
argouml,DESIGN,"/**
     * Prefix identified as an implementation specific class.
     * TODO: This should be generalized so it doesn't have to be changed
     * each time a new implementation is created - tfm 20051109
     */",1,1,1,"SATD

/**
 * Prefix identified as an implementation specific class.
 * TODO: This should be generalized",SATD,1
jEdit-4.2,WITHOUT_CLASSIFICATION,// whitespace; include in word if eating,0,0,0,Not-SATD // whitespace; include in word if eating //$NON-NLS-1$ // $,Not-SATD,0
sql12,WITHOUT_CLASSIFICATION,// We look backwards,0,0,0,Not-SATD // TODO: This is a linear search of a list that contains // many elements,Not-SATD,0
sql12,WITHOUT_CLASSIFICATION,// i18n[editWhereColsPanel.noPK=The table ''{0}'' doesn't have a primary key.],0,0,0,"Not-SATD

No SATD keywords are present in this comment.
Not-SATD comment",Not-SATD,0
hibernate-distribution-3.3.2.GA,DESIGN,// TODO : most of below was taken verbatim from DotNode; should either delegate this logic or super-type it,1,1,1,"SATD
// TODO : most of below was taken verbatim from DotNode; should either delegate",SATD,1
argouml,DESIGN,// TODO: This is in the wrong place.  It's not profile specific. // It needs to be moved to main XMI reading code. - tfm 20060326,1,1,1,"SATD

// TODO: This is in the wrong place.  It's not profile specific.",Not-SATD,0
apache-jmeter-2.10,WITHOUT_CLASSIFICATION,// The encoding used for http headers and control information,0,0,0,"Not-SATD

No SATD keywords found. // TODO: This is a redundant check.",Not-SATD,0
jruby-1.4.0,IMPLEMENTATION,// FIXME: don't use RubyIO for this,1,1,1,"SATD
// FIXME: don't use RubyIO for this // TODO: this is actually not",Not-SATD,0
argouml,DESIGN,"// TODO: We'd like these to not be filled, but GEF won't let us // select them if we do that. //        setFilled(false);",1,1,1,"SATD

// TODO: We'd like these to not be filled, but GEF won't",Not-SATD,0
sql12,WITHOUT_CLASSIFICATION,// this is expected,0,0,0,"Not-SATD

No SATD keywords are present.
No SATD comments are assigned to source",Not-SATD,0
jEdit-4.2,WITHOUT_CLASSIFICATION,//}}},0,0,0,"Not-SATD //}}}php
//}}} //}}} //}}} //}}} //}}}",Not-SATD,0
apache-jmeter-2.10,WITHOUT_CLASSIFICATION,// $NON-NLS-1$,0,0,0,"Not-SATD
// TODO: This should be done using a SAXSource as the source for",Not-SATD,0
jruby-1.4.0,DEFECT,// TODO: don't require pop,1,1,1,"SATD

// TODO: don't require pop // This is a hack to make the selection //",SATD,1
apache-jmeter-2.10,DESIGN,//NOT USED protected double[][] data = null;,1,1,1,"SATD - Not used, so definitely not admitted by the developer through source code comments.

//TODO",Not-SATD,0
jruby-1.4.0,DESIGN,// we might need to perform a DST correction,1,1,1,"Not-SATD // we might need to perform a DST correction
// TODO: I don't",Not-SATD,0
apache-jmeter-2.10,WITHOUT_CLASSIFICATION,// $NON-NLS-1$,0,0,0,"Not-SATD
// TODO: This should be done using a SAXSource as the source for",Not-SATD,0
apache-ant-1.7.0,WITHOUT_CLASSIFICATION,// debug // CatalogManager.getStaticManager().setVerbosity(4);,0,0,0,"Not-SATD

No specific SATD keywords are used here. The comment is not admitted technical",Not-SATD,0
argouml,IMPLEMENTATION,// not needed,1,1,1,"SATD
// TODO: don't require popups for invalid input - just highlight // invalid input",SATD,1
apache-jmeter-2.10,WITHOUT_CLASSIFICATION,// Do update on Enter,0,0,0,Not-SATD // TODO: This should only update the individual // components that are on the dialog,Not-SATD,0
apache-ant-1.7.0,WITHOUT_CLASSIFICATION,"//, encoding), encoding);",0,0,0,"Not-SATD

No SATD keywords are present in this comment. No specific keywords such as",Not-SATD,0
jfreechart-1.0.19,WITHOUT_CLASSIFICATION,// check a series with two items,0,0,0,"Not-SATD

// TODO: This is a temporary check. The series should be made //",Not-SATD,0
jEdit-4.2,DESIGN,"// I don't know of any other way to fix this, since invoking this // command from a menu results in the focus owner being the menu // until the menu goes away.",1,1,1,SATD // TODO: This is a temporary crutch to use until the CommandParsers // are,SATD,1
argouml,WITHOUT_CLASSIFICATION,// probably redundant - just in case,0,0,0,"SATD // probably redundant - just in case
// TODO: not in fact redundant - JBC",Not-SATD,0
columba-1.4-src,DESIGN,//TODO (@author fdietz): i18n,1,1,1,"SATD

//TODO (@author fdietz): i18n //TODO: This is not",Not-SATD,0
argouml,WITHOUT_CLASSIFICATION,"/*
             * UML 1.4.2 Spec section 4.5.3.20 [5]
             * A GeneralizableElement may only be a child of
             * GeneralizableElement of the same kind.
             */",0,0,0,"Not-SATD // This is a specification compliance check, not technical debt. // TODO: This",Not-SATD,0
argouml,WITHOUT_CLASSIFICATION,// TODO: We don't have any settings that can change per-fig currently // so we can just use the default settings; //        settings = new DiagramSettings(renderSettings);,0,1,1,"SATD

// TODO: We don't have any settings that can change per-fig currently //",SATD,1
argouml,DESIGN,"/*
     * @see java.awt.event.ActionListener#actionPerformed(java.awt.event.ActionEvent)
     * TODO: From ComboBox javadoc - ""This method is public as an 
     * implementation side effect. do not call or override.""
     * We should find some other way to implement this.
     */",1,1,1,SATD // TODO: Implement this better. The ComboBox class is not as specified. // This method,Not-SATD,0
apache-ant-1.7.0,WITHOUT_CLASSIFICATION,"/* Constants used for the ""beantype"" attribute */",0,0,0,"Not-SATD
No specific SATD keywords are used here. 

Note: The comment does",Not-SATD,0
columba-1.4-src,DESIGN,// TODO: real IM status here,1,1,1,"SATD

// TODO: real IM status here //status.setText(IMStatus.getIMStatus(icon,",SATD,1
argouml,DESIGN,"/**
     * Reply a Set of design material's that are the subject of this ToDoItem.
     *
     * @return the offenders
     * TODO: Offenders need to be more strongly typed. - tfm 20070630
     */",1,1,1,"SATD

// TODO: Offenders need to be more strongly typed. - tfm 200",SATD,1
jEdit-4.2,WITHOUT_CLASSIFICATION,// boolean,0,0,0,"Not-SATD
// TODO: This should be done using reflection against the metamodel, //",Not-SATD,0
hibernate-distribution-3.3.2.GA,DESIGN,//HSQL has no Blob/Clob support .... but just put these here for now!,1,1,1,"SATD
// TODO: implement this properly! //return; // placeholder code only! //return",SATD,1
sql12,WITHOUT_CLASSIFICATION,// ------------------------------------------------------------------------,0,0,0,"Not-SATD

No SATD keywords are present in this comment.

Comment: // TODO:",Not-SATD,0
jruby-1.4.0,DEFECT,// TODO: don't require pop,1,1,1,"SATD

// TODO: don't require pop // This is a hack to make the selection //",SATD,1
jEdit-4.2,WITHOUT_CLASSIFICATION,//}}},0,0,0,"Not-SATD //}}}php
//}}} //}}} //}}} //}}} //}}}",Not-SATD,0
apache-jmeter-2.10,WITHOUT_CLASSIFICATION,"// Thread pool Executor to get resources  // use a LinkedBlockingQueue, note: max pool size doesn't effect",0,0,0,Not-SATD // TODO: Update max pool size after queue size is set. // Currently max,Not-SATD,0
jruby-1.4.0,WITHOUT_CLASSIFICATION,// this is a simple rethrow handler,0,0,0,"Not-SATD
// TODO: This is a simple rethrow handler.  It should be",Not-SATD,0
jEdit-4.2,DESIGN,"/*
	Notes:
	It would not be hard to eliminate the use of org.objectweb.asm.Type from
	this class, making the distribution a tiny bit smaller.
*/",1,1,1,"SATD
// TODO: This is a temporary crutch to use until all Type instances are
",SATD,1
jfreechart-1.0.19,WITHOUT_CLASSIFICATION,// draw path,0,0,0,Not-SATD // draw path</b> (<i>not used</i>)</tt,Not-SATD,0
columba-1.4-src,WITHOUT_CLASSIFICATION,// look and feel,0,0,0,"Not-SATD // look and feel //$NON-NLS-1$ // default value is ""dark",Not-SATD,0
columba-1.4-src,WITHOUT_CLASSIFICATION,// fall-back to formatted name,0,0,0,"Not-SATD
// TODO: don't require popups for all actions. Some can be",Not-SATD,0
jruby-1.4.0,WITHOUT_CLASSIFICATION,"// IRubyObject, RubyClass, CacheEntry, ThreadContext, IRubyObject, IRubyObject, String, args",0,0,0,"Not-SATD

This comment does not contain specific SATD keywords and does not admit technical debt",Not-SATD,0
argouml,DEFECT,// TODO: Something might go wrong during processing. We don't really // want to create the model element until the user releases the mouse // in the place expected.,1,1,1,"SATD
// TODO: Something might go wrong during processing. We don't really // want to",SATD,1
jEdit-4.2,WITHOUT_CLASSIFICATION,/* equal to first visible line */,0,0,0,"Not-SATD
// TODO: This is a temporary crutch to use until equalVisibleLines",Not-SATD,0
argouml,WITHOUT_CLASSIFICATION,"//        initPreinitialize(); //        initializeSubsystems(new SimpleTimer(), null); //        ArgoFrame.getInstance().setVisible(true);",0,0,0,"Not-SATD

This comment does not contain any specific SATD keywords and does not admit technical",Not-SATD,0
apache-ant-1.7.0,WITHOUT_CLASSIFICATION,//req // req,0,0,0,"Not-SATD

// This is not used at the moment // But it's public, so",Not-SATD,0
argouml,DESIGN,"/* This is a temporary hack until the notation provider
         * for a SD Message will be able to parse successfully when the sequence
         * number is missing.
         * Remove this method completely then.*/",1,1,1,"SATD
/* This is a temporary hack until the notation provider
         * for a SD Message",Not-SATD,0
apache-jmeter-2.10,DESIGN,// TODO Why empty block ?,1,1,1,"SATD

// TODO: What kind of validation is being done here? // Why is it not",Not-SATD,0
argouml,DESIGN,// TODO: Check whether this is really needed.  I think it's // left over from an incomplete understanding of the MagicDraw // composition error problem - tfm,1,1,1,"SATD

// TODO: Check whether this is really needed.  I think it's // left",SATD,1
jruby-1.4.0,WITHOUT_CLASSIFICATION,// Used by the compiler to simplify arg processing,0,0,0,Not-SATD // This is not a SATD comment. It's a comment explaining the purpose,Not-SATD,0
jEdit-4.2,DESIGN,"// This is a particularly nasty bit // of code, that checks for a parameter // entity reference but peeks ahead to // catch the '%' in parameter entity // declarations.",1,1,1,"SATD // This is a particularly nasty bit // of code, that checks for a parameter // entity",SATD,1
sql12,WITHOUT_CLASSIFICATION,//To change body of implemented methods use File | Settings | File Templates.,0,0,0,"Not-SATD

This comment is not a SATD comment because it does not contain specific keywords",Not-SATD,0
emf-2.4.1,WITHOUT_CLASSIFICATION,// Op.CHAR,0,0,0,"Not-SATD

This comment does not contain specific SATD keywords such as TODO, FIXME,",Not-SATD,0
jruby-1.4.0,DEFECT,// TODO: don't require pop,1,1,1,"SATD

// TODO: don't require pop // This is a hack to make the selection //",SATD,1
jfreechart-1.0.19,WITHOUT_CLASSIFICATION,//this handles the need to perform a 'step'. // calculate the step point,0,0,0,"Not-SATD

This comment does not contain specific SATD keywords and does not admit technical debt",Not-SATD,0
apache-jmeter-2.10,WITHOUT_CLASSIFICATION,"// Cache for object-message, only used when parsing from a file because in text-area // property replacement might have been used",0,0,0,"Not-SATD

// TODO: This is never used - remove? //        addChangeListener",Not-SATD,0
jEdit-4.2,WITHOUT_CLASSIFICATION,// found an object and it's not an undefined variable,0,0,0,Not-SATD // TODO: This is a placeholder implementation until the variable value can be retrieved from,Not-SATD,0
argouml,WITHOUT_CLASSIFICATION,//_x = x; _y = y; _w = w; _h = h;,0,0,0,"Not-SATD

This comment does not contain any SATD keywords and does not admit technical debt",Not-SATD,0
argouml,WITHOUT_CLASSIFICATION,"// TODO: Use per-project undo manager, not global",0,1,1,"SATD

// TODO: This should be built by reflection from the method signature, // but we",SATD,1
hibernate-distribution-3.3.2.GA,DESIGN,// can happen because of the multiple ways Cache.remove() // can be invoked :(,1,1,1,"SATD // TODO: CacheImpl and Cache are the only implementations, so this doesn't // really",SATD,1
jruby-1.4.0,DESIGN,"// SSS FIXME: This method (at least in the context of multiple assignment) is a little weird. // It calls regular to_ary on the object.  But, if it encounters a method_missing, the value // is inserted into an 1-element array! // try ""a,b,c = 1"" first; then define Fixnum.to_ary method and try it again. // Ex: http://gist.github.com/163551",1,1,1,"SATD
// FIXME: This method (at least in the context of multiple assignment) is a",SATD,1
apache-jmeter-2.10,WITHOUT_CLASSIFICATION,//$NON-NLS-1$,0,0,0,"Not-SATD
// TODO: This should be done using an UndoManager. // See:",Not-SATD,0
sql12,WITHOUT_CLASSIFICATION,"// If the downloads dir doesn't already exist, just create it.",0,0,0,"Not-SATD
// TODO: This should be done better, since the user's settings are",Not-SATD,0
argouml,WITHOUT_CLASSIFICATION,"/*
     * @see org.argouml.notation.providers.NotationProvider#parse(java.lang.Object, java.lang.String)
     */",0,0,0,"Not-SATD // this is a provider method, no debt here. // TODO: Perhaps this",Not-SATD,0
jEdit-4.2,DEFECT,// I wonder if the lack of this broke anything in the // past?,1,1,1,"SATD
// I wonder if the lack of this broke anything in the // past? // TODO",SATD,1
argouml,IMPLEMENTATION,"/*
     * Perform re-routing if src/dest nodes have changed.
     *
     * <p>This method needs to be 'armed' by a previous mouseDragged()
     * to avoid the situation where the user just clicks on the node
     * then clicks on some unrelated Fig, without moving the edge...
     *
     * <p>TODO: improve the fig finding algorithm to find the top most fig
     * in the layer. will be useful for nested states in a statechart.
     *
     * @see java.awt.event.MouseListener#mouseReleased(java.awt.event.MouseEvent)
     */",1,1,1,"SATD
// TODO: This should be computing the position of the fig itself rather than // assuming",SATD,1
argouml,IMPLEMENTATION,// TODO: I18N required,1,1,1,"SATD

// TODO: I18N required // TODO: don't use internal undo/redo",SATD,1
emf-2.4.1,WITHOUT_CLASSIFICATION,// Only creates the other pages if there is something that can be edited //,0,0,0,Not-SATD // TODO: This is a temporary solution. We need to generate the // hyper,Not-SATD,0
jruby-1.4.0,WITHOUT_CLASSIFICATION,// remain where we are,0,0,0,"Not-SATD
// TODO: This should be handled with an Iterator!!! // This is a",Not-SATD,0
apache-jmeter-2.10,IMPLEMENTATION,// TODO somehow show progress,1,1,1,"SATD

// TODO: don't require popolo libraries at startup.  we can use bytecode",SATD,1
emf-2.4.1,WITHOUT_CLASSIFICATION,// Do nothing.,0,0,0,"Not-SATD
// TODO: This should be handled with an Iterator!!! // previousNode =",Not-SATD,0
argouml,IMPLEMENTATION,// TODO check types!,1,1,1,"SATD

// TODO: check if type is a collection type or not. // TODO: check",Not-SATD,0
jEdit-4.2,DESIGN,// Look for a default invoke() handler method in the namespace // Note: this code duplicates that in NameSpace getCommand() // is that ok?,1,1,1,"SATD
// Look for a default invoke() handler method in the namespace // Note: this code",Not-SATD,0
sql12,WITHOUT_CLASSIFICATION,//m_session.getSQLPanelAPI(m_plugin).addToSQLEntryAreaMenu(actSql);,0,0,0,"Not-SATD

This comment does not contain specific SATD keywords and does not admit technical debt",Not-SATD,0
apache-ant-1.7.0,WITHOUT_CLASSIFICATION,// write the remaining characters,0,0,0,Not-SATD // write the remaining characters //$NON-NLS-1$ // $NON-NLS-,Not-SATD,0
columba-1.4-src,DEFECT,// does not work: r.getFolderName() // does not work: r.getMessage().getUID(),1,1,1,"SATD
// TODO: do we really need to get the folder name and the message UID?",SATD,1
apache-jmeter-2.10,DESIGN,// May be replaced later,1,1,1,"SATD
// TODO: This is a temporary crutch to use until all Figs are updated",SATD,1
jEdit-4.2,WITHOUT_CLASSIFICATION,// super is now the closure's super or class instance,0,0,0,"Not-SATD

This comment does not contain specific SATD keywords such as TODO, FIXME,",Not-SATD,0
argouml,IMPLEMENTATION,// TODO: not implemented,1,1,1,"SATD

// TODO: not implemented // $NON-NLS-1$ // $NON-NLS-",Not-SATD,0
argouml,WITHOUT_CLASSIFICATION,"// TODO: Use per-project undo manager, not global",0,1,1,"SATD

// TODO: This should be built by reflection from the method signature, // but we",SATD,1
columba-1.4-src,WITHOUT_CLASSIFICATION,// getting the path to gpg,0,0,0,Not-SATD // TODO: This should be the version without arguments // to allow running other scripts,Not-SATD,0
jruby-1.4.0,WITHOUT_CLASSIFICATION,// TODO: varargs?,0,1,1,"SATD

// TODO: this is a bit of copy/paste from IndexedCollection.createPrimaryKey()",SATD,1
sql12,WITHOUT_CLASSIFICATION,// i18n[oracle.firstLoadTime=First Load Time],0,0,0,"Not-SATD

No SATD keywords are present in this comment.
Not-SATD comment",Not-SATD,0
sql12,WITHOUT_CLASSIFICATION,// i18n[codeCompletion.UDFWithoutParams=user defined function without parameter info: myFunct()],0,0,0,Not-SATD // i18n[codeCompletion.UDFWithoutParams=user defined function without parameter,Not-SATD,0
columba-1.4-src,WITHOUT_CLASSIFICATION,// notify all listeners,0,0,0,"Not-SATD // not used by any listener, // error reporting should be better tuned? //",Not-SATD,0
emf-2.4.1,WITHOUT_CLASSIFICATION,// Merge with an existing file. //,0,0,0,"Not-SATD
// TODO: This should probably be an error since it is not explicitly //",Not-SATD,0
argouml,DESIGN,"// TODO: Add standard stereotype?  Set is open ended, but // predefined names include: call, create, instantiate, send",1,1,1,"SATD

// TODO: This is a temporary crutch to use until all Figs are updated",SATD,1
jruby-1.4.0,WITHOUT_CLASSIFICATION,// line 1130,0,0,0,Not-SATD // line 1130 not a SATD comment. // TODO: This is,Not-SATD,0
apache-jmeter-2.10,TEST,// TODO make these separate tests?,1,1,1,"SATD

// TODO: This should be done using reflection against the test case // class, not",Not-SATD,0
apache-jmeter-2.10,DESIGN,"// TODO - should this be done when the client is created? // If so, then the details need to be added as part of HttpClientKey",1,1,1,"SATD
// TODO - should this be done when the client is created? // If so,",SATD,1
jEdit-4.2,WITHOUT_CLASSIFICATION,// Begin BeanShell Modification - added sourceFile info,0,0,0,"Not-SATD

// TODO: This is a temporary crutch to use until all Figs",Not-SATD,0
argouml,DESIGN,"/*
     * TODO: This is the same as in parent - remove?
     * @see org.argouml.uml.diagram.ui.FigNodeModelElement#updateBounds()
     */",1,1,1,"SATD
// TODO: This is the same as in parent - remove? // FigNodeModel",SATD,1
emf-2.4.1,WITHOUT_CLASSIFICATION,// Fill 2 of value (byte) 33,0,0,0,Not-SATD // Fill 2 of value (byte) 33 //$NON-NLS-1,Not-SATD,0
argouml,DESIGN,"/**
     * Handle firing a diagram appearance event.
     * <p>
     * TODO: This needs to be managed on a per-diagram or per-project basis.
     *
     * @param event The event to be fired.
     * @param listener The listener.
     */",1,1,1,"SATD
// TODO: This should be managed on a per-diagram or per-project basis.",SATD,1
jruby-1.4.0,DESIGN,// FIXME: JRUBY-3188 ends up with condition returning null...quick fix until I can dig into it,1,1,1,"SATD
// FIXME: JRUBY-3188 ends up with condition returning null...quick fix",SATD,1
apache-ant-1.7.0,WITHOUT_CLASSIFICATION,/* No beantype flag is needed for an entity bean */,0,0,0,"Not-SATD
No specific SATD keywords are used here. 
Note: This comment does",Not-SATD,0
sql12,IMPLEMENTATION,"/**
 * A dialect delegate for the Axion database.  
 * TODO: This dialect is not yet complete.  Need to provide implementations wherever ""Not yet implemented""
 * appears. 
 */",1,1,1,"SATD

// TODO: This dialect is not yet complete.  Need to provide implementations wherever """,Not-SATD,0
jEdit-4.2,WITHOUT_CLASSIFICATION,//{{{ getHistory() method,0,0,0,"Not-SATD

This comment does not contain any specific SATD keywords. //{{{ getHistory",Not-SATD,0
jEdit-4.2,WITHOUT_CLASSIFICATION,//}}},0,0,0,"Not-SATD //}}}php
//}}} //}}} //}}} //}}} //}}}",Not-SATD,0
jEdit-4.2,WITHOUT_CLASSIFICATION,//{{{ Entry class,0,0,0,"Not-SATD // This is the ""name"" field of the PreferencesNode.  It contains",Not-SATD,0
jfreechart-1.0.19,WITHOUT_CLASSIFICATION,// TODO getSeriesShape(n).getBounds().width / 2;,0,1,1,"SATD

// TODO: This should be done using the renderer interface instead of // this renderer field",SATD,1
jruby-1.4.0,DESIGN,// FIXME:  This determine module is in a strange location and should somehow be in block,1,1,1,"SATD
// FIXME:  This determine module is in a strange location and should somehow be in",SATD,1
jruby-1.4.0,DESIGN,"// Reset value map if this instruction is the start/end of a basic block // // Right now, calls are considered hard boundaries for optimization and // information cannot be propagated across them! // // SSS FIXME: Rather than treat all calls with a broad brush, what we need // is to capture different attributes about a call : //   - uses closures //   - known call target //   - can modify scope, //   - etc. // // This information is probably already present in the AST Inspector",1,1,1,"SATD
// TODO: This is a temporary crutch to use until all code can use the",SATD,1
apache-ant-1.7.0,DESIGN,"// There is a better way to save the context. This shouldn't // delegate to next, it's for backward compatibility only.",1,1,1,"SATD

// TODO: This is a temporary crutch to use until all Figs are updated",SATD,1
hibernate-distribution-3.3.2.GA,DESIGN,"//TODO: to handle concurrent writes correctly, the client should pass in a Lock",1,1,1,"SATD

//TODO: to handle concurrent writes correctly, the client should pass in a Lock //",SATD,1
columba-1.4-src,WITHOUT_CLASSIFICATION,// load database from file,0,0,0,"Not-SATD

This comment does not contain any specific SATD keywords and does not admit technical",Not-SATD,0
jfreechart-1.0.19,WITHOUT_CLASSIFICATION,// try single value,0,0,0,"Not-SATD // single value try // this is a date parameter, // so we can re",Not-SATD,0
argouml,WITHOUT_CLASSIFICATION,// Added this part to load the extra menu content,0,0,0,"Not-SATD

This comment does not contain specific SATD keywords and does not admit technical debt",Not-SATD,0
hibernate-distribution-3.3.2.GA,DEFECT,"//TODO: entities CAN be compared, by PK and entity name, fix this!",1,1,1,"SATD

//TODO: entities CAN be compared, by PK and entity name, fix this!",SATD,1
hibernate-distribution-3.3.2.GA,DESIGN,// TODO should we just collect these like with the collections above?,1,1,1,"SATD

// TODO: should we just collect these like with the collections above? // If so",SATD,1
apache-jmeter-2.10,WITHOUT_CLASSIFICATION,"//log.warn(""DEBUG"",ex); // e.g. javax.naming.SizeLimitExceededException: [LDAP: error code 4 - Sizelimit Exceeded]; remaining name '' //                                                123456789012345678901 // TODO: tidy this up",0,1,1,"SATD
// TODO: tidy up remaining name display for large DNs (this breaks off //",SATD,1
jEdit-4.2,WITHOUT_CLASSIFICATION,//}}},0,0,0,"Not-SATD //}}}php
//}}} //}}} //}}} //}}} //}}}",Not-SATD,0
apache-ant-1.7.0,DESIGN,// bingo append it. (this should normally not be done here),1,1,1,"SATD // TODO: this should not be here, has been put here for convenience by // the",Not-SATD,0
jruby-1.4.0,WITHOUT_CLASSIFICATION,// Deprecated String construction routines,0,0,0,Not-SATD // These routines were used to construct Strings using a fixed charset // TODO: de,Not-SATD,0
argouml,WITHOUT_CLASSIFICATION,"/*
     * @see org.tigris.gef.presentation.Fig#getLineWidth()
     */",0,0,0,"Not-SATD
// TODO: This should be the default, but we don't have a",Not-SATD,0
columba-1.4-src,WITHOUT_CLASSIFICATION,"// if subject doesn't start already with ""Re:"" prepend it",0,0,0,"Not-SATD // prepend ""Re:"" to subject // TODO: i18n of ""Reply",Not-SATD,0
argouml,WITHOUT_CLASSIFICATION,// TODO: This is using the default platform character encoding // specifying an encoding will produce more predictable results,0,1,1,"SATD

// TODO: This is using the default platform character encoding // specifying an encoding will produce",SATD,1
sql12,DESIGN,//set the property values // Note: this may have already been done by another instance of // this DataType created to handle a different column.,1,1,1,SATD // TODO: find a better solution. // This causes an exception in the case of a,SATD,1
emf-2.4.1,WITHOUT_CLASSIFICATION,// for STRING,0,0,0,Not-SATD // TODO: This is a placeholder implementation until support for other data types is added,Not-SATD,0
apache-jmeter-2.10,WITHOUT_CLASSIFICATION,"// values to be masked must be set in the WebApp to ""*""",0,0,0,"Not-SATD

// TODO: This is a temporary crutch to use until all *s",Not-SATD,0
hibernate-distribution-3.3.2.GA,DESIGN,"//TODO: to handle concurrent writes correctly, this should return a Lock to the client",1,1,1,"SATD

//TODO: to handle concurrent writes correctly, this should return a Lock to the client",SATD,1
argouml,IMPLEMENTATION,// Empty implementation.,1,1,1,SATD // TODO: implement this? // (NOTE: This is only called from one place in,Not-SATD,0
jEdit-4.2,WITHOUT_CLASSIFICATION,//{{{ finishLoading() method,0,0,0,"Not-SATD // finish loading of all buffers, if necessary // TODO: This is a mess",Not-SATD,0
argouml,DESIGN,"/**
     * Create an empty but initialized instance of a UML Interface.
     *
     * @return an initialized UML Interface instance.
     * TODO: This needs an extra parameter to specify the model/extent where
     * the new element should be created.
     */",1,1,1,"SATD

// TODO: This needs an extra parameter to specify the model/extent where
//",SATD,1
argouml,WITHOUT_CLASSIFICATION,"/*
     * @see java.awt.event.ActionListener#actionPerformed(java.awt.event.ActionEvent)
     */",0,0,0,"Not-SATD
// TODO: This should be coded differently so it doesn't rely on specific",Not-SATD,0
sql12,WITHOUT_CLASSIFICATION,//Close the proper tab by clicking the button //addActionListener(this);,0,0,0,"Not-SATD

This comment does not contain specific SATD keywords such as TODO, FIXME,",Not-SATD,0
columba-1.4-src,WITHOUT_CLASSIFICATION,// // activity setup // ,0,0,0,"Not-SATD

No SATD keywords are present in this comment.

Note: The comment seems",Not-SATD,0
argouml,WITHOUT_CLASSIFICATION,// Get a DOMImplementation,0,0,0,"Not-SATD

This comment does not contain any specific SATD keywords and does not admit technical",Not-SATD,0
jruby-1.4.0,DESIGN,// TODO: the rest of this...seeking to same position is unnecessary since we share a channel // but some of this may be needed?,1,1,1,"SATD
// TODO: the rest of this...seeking to same position is unnecessary since we",SATD,1
jEdit-4.2,WITHOUT_CLASSIFICATION,//{{{ Private members,0,0,0,Not-SATD // member variables // the name of the resource to read // the contents of the,Not-SATD,0
emf-2.4.1,WITHOUT_CLASSIFICATION,// Fill 26 of value (byte) -3 // Fill 60 of value (byte) 33,0,0,0,"Not-SATD

This comment does not contain specific SATD keywords and does not admit technical debt",Not-SATD,0
hibernate-distribution-3.3.2.GA,DESIGN,// we do not know either type //BLIND GUESS!,1,1,1,"SATD
// we do not know either type //BLIND GUESS! //TODO:",Not-SATD,0
jruby-1.4.0,DESIGN,// TODO: Make this more intelligible value,1,1,1,"SATD

// TODO: Make this more intelligible value // 1000 * 60 *",SATD,1
jEdit-4.2,WITHOUT_CLASSIFICATION,//{{{ getEnd() method,0,0,0,Not-SATD // This method appears to be unused. // Return end index of segment. //,Not-SATD,0
sql12,DESIGN,"/**
 * TODO: Move all code other than for window creation up to AliasWindowManager
 * Factory to handle creation of maintenance sheets for SQL Driver objects.
 *
 * @author <A HREF=""mailto:colbell@users.sourceforge.net"">Colin Bell</A>
 */",1,1,1,"SATD

// TODO: This should be built, not extend. Fix it. - tfm",Not-SATD,0
argouml,DEFECT,// TODO: This should only be building list up to 'index',1,1,1,"SATD

// TODO: This should only be building list up to 'index' // TODO:",SATD,1
hibernate-distribution-3.3.2.GA,WITHOUT_CLASSIFICATION,// TODO : shouldnt inserts be Expectations.NONE?,0,1,1,"SATD

// TODO: This is a temporary crutch to use until all insert/merge methods",SATD,1
jEdit-4.2,WITHOUT_CLASSIFICATION,// fixes dirty flag not being reset on // save/insert/undo/redo/undo,0,0,0,Not-SATD // fixes dirty flag not being reset on // save/insert/undo/redo,Not-SATD,0
argouml,TEST,// TODO: Test if the generated string is correct.,1,1,1,"SATD

// TODO: Test if the generated string is correct. // This cannot be done here",Not-SATD,0
jfreechart-1.0.19,DESIGN,"// unused but must return something, so while we are at it...",1,1,1,"SATD
// TODO: This is currently returning the default Java LAF look and feel // but",SATD,1
jruby-1.4.0,IMPLEMENTATION,"// FIXME: Should we make this work with platform's locale, // or continue hardcoding US?",1,1,1,"SATD
// FIXME: Should we make this work with platform's locale, // or continue hard",SATD,1
jfreechart-1.0.19,WITHOUT_CLASSIFICATION,// label font...,0,0,0,"Not-SATD

No specific SATD keywords are used here. // label font... - not",Not-SATD,0
apache-jmeter-2.10,WITHOUT_CLASSIFICATION,// Copy all property values from the map into the element:,0,0,0,"Not-SATD

This comment does not contain any SATD keywords and does not admit technical debt",Not-SATD,0
sql12,WITHOUT_CLASSIFICATION,"// This fixes the issue where the tree is getting constructed prior to // the Oracle plugin expanders being registered.(USERS, SESSIONS, // INSTANCES nodes have no children until the tree is refreshed). Even // though this is a hack, it doesn't seem to negatively impact // performance even when loading all schemas.",0,1,1,SATD // This is a hack to fix an issue that needs to be addressed in the // J,SATD,1
argouml,DESIGN,// TODO: Is this removed from UML2 ?,1,1,1,"SATD

// TODO: Is this removed from UML2? // TODO: even if it",SATD,1
jEdit-4.2,DEFECT,//{{{ Set the buffer's path // Caveat: won't work if save() called with a relative path. // But I don't think anyone calls it like that anyway.,1,1,1,"SATD
// TODO: This is a temporary crutch to use until the buffer's // get",SATD,1
apache-jmeter-2.10,IMPLEMENTATION,"/*
         * Have we reached the reporting boundary?
         * Need to allow for a margin of error, otherwise can miss the slot.
         * Also need to check we've not hit the window already
         */",1,1,1,Not-SATD // this one is not a SATD comment because it does not contain specific keywords,Not-SATD,0
jruby-1.4.0,WITHOUT_CLASSIFICATION,// initialize the root of the class hierarchy completely,0,0,0,Not-SATD // not needed for initialize the root of the class hierarchy completely // TODO: what,Not-SATD,0
argouml,DESIGN,// TODO: Callers will need to be refactored to work around the // change in the way multiplicities work - tfm,1,1,1,"SATD
// TODO: Callers will need to be refactored to work around the //",SATD,1
columba-1.4-src,DESIGN,// TODO (@author fdietz): should be removed if we only use // Streams!,1,1,1,"SATD

// TODO (@author fdietz): should be removed if we only use // Streams",SATD,1
hibernate-distribution-3.3.2.GA,DESIGN,"// ugly hack for cases like ""elements(foo.bar.collection)"" // (multi-part path expression ending in elements or indices)",1,1,1,"SATD
// ugly hack for cases like ""elements(foo.bar.collection)"" // (multi-part path",SATD,1
hibernate-distribution-3.3.2.GA,DEFECT,//TODO: currently broken for unique-key references (does not detect //      change to unique key property of the associated object) //the owner of the association is not the owner of the id,1,1,1,"SATD

//TODO: currently broken for unique-key references (does not detect //      change to",Not-SATD,0
jEdit-4.2,WITHOUT_CLASSIFICATION,// type is correct here,0,0,0,"Not-SATD

No SATD keywords are present.
No SATD comments are contained in this",Not-SATD,0
jruby-1.4.0,WITHOUT_CLASSIFICATION,/*receiver*/,0,0,0,"Not-SATD

This comment does not contain specific SATD keywords. It appears to be a",Not-SATD,0
columba-1.4-src,WITHOUT_CLASSIFICATION,//$NON-NLS-1$ //$NON-NLS-1$,0,0,0,"Not-SATD
// TODO: This should be done using an UndoManager. // See:",Not-SATD,0
columba-1.4-src,DESIGN,// register interest on store changes // TODO the dependency should be the other way around,1,1,1,"SATD
// register interest on store changes // TODO the dependency should be the other way around //",SATD,1
jEdit-4.2,WITHOUT_CLASSIFICATION,//{{{ hashCode() method,0,0,0,"Not-SATD // TODO: This probably isn't used; if so, deprecate it",Not-SATD,0
jruby-1.4.0,DESIGN,"// There's not a compelling reason to keep JavaClass instances in a weak map // (any proxies created are [were] kept in a non-weak map, so in most cases they will // stick around anyway), and some good reasons not to (JavaClass creation is // expensive, for one; many lookups are performed when passing parameters to/from // methods; etc.). // TODO: faster custom concurrent map",1,1,1,"SATD
// TODO: Do we need this one. */ // public static final String METATYPE",SATD,1
columba-1.4-src,DESIGN,// @author fdietz: hackish way of creating a search toolbar //JToolBar searchToolBar = new ExtendableToolBar();,1,1,1,"SATD
// @author fdietz: hackish way of creating a search toolbar //J",SATD,1
sql12,WITHOUT_CLASSIFICATION,// TODO,0,1,1,"SATD

// TODO: This is a temporary crutch to use until all Figs are updated",SATD,1
argouml,IMPLEMENTATION,// TODO: All build/create methods need Undo support - tfm,1,1,1,"SATD
// TODO: All build/create methods need Undo support - tfm // TODO: This",SATD,1
argouml,DESIGN,// TODO: This creates a dependency on the Critics subsystem. // We need a generic way for modules (including our internal // subsystems) to request addition of actions to the popup // menu. - tfm 20080430,1,1,1,"SATD
// TODO: This creates a dependency on the Critics subsystem. // We need a generic",SATD,1
emf-2.4.1,WITHOUT_CLASSIFICATION,"// The include succeeded, so if there is an alternative and we're not skipping, we need to start. //",0,0,0,"Not-SATD

No SATD keywords are present in this comment. // The include succeeded,",Not-SATD,0
apache-jmeter-2.10,WITHOUT_CLASSIFICATION,"/*
         * N.B. Must use LinkedHashMap for field type
         * XStream creates a plain HashMap if one uses Map as the field type.
         */",0,0,0,Not-SATD // This comment does not contain specific SATD keywords. // It appears to be,Not-SATD,0
jEdit-4.2,WITHOUT_CLASSIFICATION,//}}},0,0,0,"Not-SATD //}}}php
//}}} //}}} //}}} //}}} //}}}",Not-SATD,0
argouml,DOCUMENTATION,// TODO: Do we need this?,1,1,1,"SATD

// TODO: Do we need this? // If so, where? // What does",SATD,1
hibernate-distribution-3.3.2.GA,WITHOUT_CLASSIFICATION,"//		registerColumnType( Types.VARCHAR, 16777215, ""mediumtext"" ); //		registerColumnType( Types.VARCHAR, 65535, ""text"" );",0,0,0,"Not-SATD

This comment does not contain any SATD keywords and does not admit technical debt",Not-SATD,0
jEdit-4.2,TEST,// TODO: test that surrogate value is legal.,1,1,1,"SATD

// TODO: This is a temporary crutch to use until all subclasses // have been",SATD,1
apache-jmeter-2.10,TEST,//TODO enable some proper tests!!,1,1,1,"SATD

//TODO: should fire its own event and ProjectBrowser //TODO: should register a",SATD,1
emf-2.4.1,WITHOUT_CLASSIFICATION,// record node's attributes,0,0,0,Not-SATD // record node's attributes //$NON-NLS-1$ // $NON-NLS-,Not-SATD,0
jfreechart-1.0.19,DESIGN,// do we need to update the crosshair values?,1,1,1,"SATD // TODO: not used? //showToast(t, true); //showToast(t,",Not-SATD,0
apache-jmeter-2.10,WITHOUT_CLASSIFICATION,//$NON-NLS-1$,0,0,0,"Not-SATD
// TODO: This should be done using an UndoManager. // See:",Not-SATD,0
jruby-1.4.0,WITHOUT_CLASSIFICATION,// nothing else to here - the module version will be // included in the class.,0,0,0,"Not-SATD
No SATD keywords are present in this comment.

Comment: // TODO:",Not-SATD,0
argouml,WITHOUT_CLASSIFICATION,/* end class Goal */,0,0,0,"Not-SATD
No specific SATD keywords are used in this comment. // TODO: This",Not-SATD,0
argouml,IMPLEMENTATION,//            Category.getRoot().getLoggerRepository().setThreshold(Level.OFF); // TODO: Find the proper implementation in java.util.logging API	    ,1,1,1,"SATD

// TODO: Find the proper implementation in java.util.logging API	// Log at level",SATD,1
apache-ant-1.7.0,WITHOUT_CLASSIFICATION,"// for non-ascii character: make it positive, then escape",0,0,0,"Not-SATD // for non-ascii character: make it positive, then escape //$NON-NLS",Not-SATD,0
argouml,DESIGN,"/**
     * Finds a type in a model by name
     *
     * FIXME: duplicated from the method with the same name in
     * org.argouml.profile.internal.ModelUtils.
     *
     * @param s the type name
     * @param model the model
     * @return the type or <code>null</code> if the type has not been found.
     */",1,1,1,"SATD
/**
 * Finds a type in a model by name
 *
 * FIXME: duplicated from",SATD,1
apache-jmeter-2.10,WITHOUT_CLASSIFICATION,// $NON-NLS-1$,0,0,0,"Not-SATD
// TODO: This should be done using a SAXSource as the source for",Not-SATD,0
argouml,IMPLEMENTATION,// TODO: handle parse error,1,1,1,"SATD

// TODO: handle parse error for 2 of 3 cases here... // ",SATD,1
argouml,DESIGN,// TODO: Why isn't this stuff managed by the nameFig itself?,1,1,1,"SATD

// TODO: Why isn't this stuff managed by the nameFig itself? // name",SATD,1
emf-2.4.1,WITHOUT_CLASSIFICATION,// ================================================================,0,0,0,"Not-SATD

No SATD keywords are present in this comment.

Comment: // TODO:",Not-SATD,0
sql12,DESIGN,// TODO: should I be adding quotes if user wants identifiers quoted??,1,1,1,"SATD

// TODO: should I be adding quotes if user wants identifiers quoted?? // $NON",SATD,1
argouml,DESIGN,// TODO: Move to GEF,1,1,1,"SATD

// TODO: Move to GEF // This is a temporary crutch to use until",SATD,1
argouml,DESIGN,// TODO: this doesn't belong in the implementation specific piece - tfm,1,1,1,"SATD

// TODO: this doesn't belong in the implementation specific piece - tfm // I",SATD,1
sql12,WITHOUT_CLASSIFICATION,// special handling of operations while editing this data type,0,0,0,Not-SATD. // This comment does not contain specific SATD keywords. // It appears to,Not-SATD,0
argouml,WITHOUT_CLASSIFICATION,"/*
     * @see org.argouml.cognitive.ui.Wizard#canFinish()
     */",0,0,0,"Not-SATD
// TODO: This should be handled at a higher level than individual // wizards",Not-SATD,0
apache-jmeter-2.10,WITHOUT_CLASSIFICATION,"/*
         * Reset Locale if necessary so other locales are properly handled
         */",0,0,0,"Not-SATD
No specific SATD keywords are used here. 

Note: This comment does",Not-SATD,0
sql12,WITHOUT_CLASSIFICATION,"// Process the listeners last to first, notifying // those that are interested in this event",0,0,0,Not-SATD // This is not a SATD comment. There is no specific keyword used and,Not-SATD,0
jEdit-4.2,WITHOUT_CLASSIFICATION,//{{{ requestFocus() method,0,0,0,Not-SATD // This is not a SATD comment. // No specific keyword is present.,Not-SATD,0
argouml,DESIGN,"/**
     * Creates a new checkbox menu item attached to the specified
     * action object and appends it to the end of this menu.
     * TODO: This is almost a duplicate of ArgoJMenu.addCheckItem must find a
     * way to merge.
     *
     * @param     a     the Action for the checkbox menu item to be added
     * @return          the new checkbox menu item
     */",1,1,1,"SATD
// TODO: This is almost a duplicate of ArgoJMenu.addCheckItem must",SATD,1
argouml,DESIGN,"/**
     * TODO: this needs work so that users can set the font
     * size through a gui preference window.
     */",1,1,1,"SATD

// TODO: This should be done using a different mechanism than straight Java Reflection. //",SATD,1
jEdit-4.2,WITHOUT_CLASSIFICATION,// only select other whitespace in this case,0,0,0,"Not-SATD // only select other whitespace in this case
/* TODO: This does not work",Not-SATD,0
argouml,WITHOUT_CLASSIFICATION,"// TODO real numbers not yet supported //assertEquals(DefaultOclEvaluator.getInstance() //.evaluate(null, null, ""1.5""), 1.5);",0,1,1,"SATD

Label: SATD
Type: TODO
Description: Self-admitted technical debt admitted",SATD,1
jfreechart-1.0.19,DESIGN,// TODO: use a generator here,1,1,1,"SATD

// TODO: use a generator here // This is a temporary solution since generator is not",Not-SATD,0
argouml,DESIGN,"/**
     * @return the set of offenders
     *
     * TODO: The return value needs to be more strongly typed. - tfm - 20070630
     */",1,1,1,"SATD

// TODO: The return value needs to be more strongly typed. - tfm -",SATD,1
jEdit-4.2,WITHOUT_CLASSIFICATION,// Set the static bsh This callback ,0,0,0,"Not-SATD
/* TODO: We should let the user define the mapping from the XML element",Not-SATD,0
argouml,DESIGN,// TODO: This is an absurdly long method! Break it up.,1,1,1,"SATD

// TODO: This is an absurdly long method! Break it up. // TODO",SATD,1
jEdit-4.2,WITHOUT_CLASSIFICATION,//}}},0,0,0,"Not-SATD //}}}php
//}}} //}}} //}}} //}}} //}}}",Not-SATD,0
columba-1.4-src,DESIGN,// cleanup: remove port number file,1,1,1,"Not-SATD // TODO: this should be done in a separate thread, to avoid // freezing",Not-SATD,0
argouml,DESIGN,// TODO: How do we get the Connectors of an Association?,1,1,1,"SATD

// TODO: This should be handled with an Iterator. // This is the only reason",SATD,1
sql12,IMPLEMENTATION,"// We just copied the last table.  Now it is safe to copy the // constraints.(Well, that is, if all FK dependencies are met // in the group of tables being copied.  // TODO: new feature could be to examine table list for FK's  // in tables not in the list then prompt the user to add  // those missing tables to the list.",1,1,1,"SATD
// TODO: This should be handled using foreign keys.  Until that is // implemented",SATD,1
jEdit-4.2,WITHOUT_CLASSIFICATION,//{{{ Private members,0,0,0,Not-SATD // member variables // the name of the resource to read // the contents of the,Not-SATD,0
jEdit-4.2,WITHOUT_CLASSIFICATION,/*isInterface*/,0,0,0,"Not-SATD
// TODO: This should be handled with an Iterator!!! // this.isDone",Not-SATD,0
apache-jmeter-2.10,WITHOUT_CLASSIFICATION,// $NON-NLS-1$,0,0,0,"Not-SATD
// TODO: This should be done using a SAXSource as the source for",Not-SATD,0
sql12,WITHOUT_CLASSIFICATION,// Check to ensure that the tokenizer received is not the default one that // should have been overridden.,0,0,0,Not-SATD // TODO: This is a temporary crutch to use until all Figs are,Not-SATD,0
apache-jmeter-2.10,WITHOUT_CLASSIFICATION,// TODO - charset?,0,1,1,"SATD

// TODO - charset? // $NON-NLS-1$ // $NON-NLS-",SATD,1
apache-jmeter-2.10,DESIGN,// not used,1,1,1,"SATD
// TODO: not used - restore? //private static final String DEFAULT_PATTERN_FILE_NAME",Not-SATD,0
apache-jmeter-2.10,TEST,"/*
     * TODO add tests to check for: - name clash - long option abbreviations
     * (match shortest unique abbreviation)
     */",1,1,1,"SATD
// TODO: This is a temporary crutch to use until all occurrences of // Command",SATD,1
apache-jmeter-2.10,WITHOUT_CLASSIFICATION,// $NON-NLS-1$,0,0,0,"Not-SATD
// TODO: This should be done using a SAXSource as the source for",Not-SATD,0
argouml,IMPLEMENTATION,"// TODO: We need a way to set the line color and width here, but // TestDependencies thinks this creates a dependency cycle //        Fig line = new ArgoFigLine(snapX, snapY, snapX, snapY,  //                ArgoFig.LINE_COLOR); //        line.setLineWidth(ArgoFig.LINE_WIDTH);",1,1,1,"SATD

// TODO: We need a way to set the line color and width here, but",SATD,1
jEdit-4.2,WITHOUT_CLASSIFICATION,//{{{ loadSiteProps() method,0,0,0,Not-SATD - this is an internal method implementation. No specific keywords for SATD comments are,Not-SATD,0
sql12,WITHOUT_CLASSIFICATION,//		mockResultSet = mockHelper.createMock(ResultSet.class);		,0,0,0,"Not-SATD

This comment does not contain specific SATD keywords and does not admit technical debt",Not-SATD,0
sql12,WITHOUT_CLASSIFICATION,"// fine, don't add any data files. //throw new WrappedSQLException(ex);",0,0,0,"Not-SATD
// TODO: This is currently only checking for Java resources, but we //",Not-SATD,0
jEdit-4.2,WITHOUT_CLASSIFICATION,//}}},0,0,0,"Not-SATD //}}}php
//}}} //}}} //}}} //}}} //}}}",Not-SATD,0
jruby-1.4.0,DEFECT,// TODO: don't require pop,1,1,1,"SATD

// TODO: don't require pop // This is a hack to make the selection //",SATD,1
jfreechart-1.0.19,WITHOUT_CLASSIFICATION,// test null source,0,0,0,"Not-SATD // not used, so don't bother completing the method //$NON-NLS-1",Not-SATD,0
argouml,WITHOUT_CLASSIFICATION,"/*|  //removed to workaround problems with autosplit
                     OCLEditor.OPTIONMASK_AUTOSPLIT*/",0,1,1,"SATD
// removed to workaround problems with autosplit
// OCLEditor.OPTIONMASK_AUT",SATD,1
argouml,WITHOUT_CLASSIFICATION,// TODO: assumes public,0,1,1,"SATD

// TODO: assumes public // TODO: does not respect visibility (accessibility) of",Not-SATD,0
jEdit-4.2,WITHOUT_CLASSIFICATION,//{{{ getIndex() method,0,0,0,Not-SATD // TODO: This method is not used.  Can it be removed? //,Not-SATD,0
hibernate-distribution-3.3.2.GA,WITHOUT_CLASSIFICATION,//TODO: check this....,0,1,1,"SATD

//TODO: check this against empty string first?? //TODO: check if we have",SATD,1
jruby-1.4.0,WITHOUT_CLASSIFICATION,"// Signal uses sun.misc.* classes, this is not allowed // in the security-sensitive environments",0,0,0,"SATD
// TODO: This is a temporary crutch to use until all the internal // methods",SATD,1
hibernate-distribution-3.3.2.GA,DESIGN,// TODO : keep seperate notions of QT[] here for shallow/non-shallow queries...,1,1,1,"SATD

// TODO: This is a temporary crutch to use until all subclasses // inherit from",SATD,1
jruby-1.4.0,WITHOUT_CLASSIFICATION,//yyLhs 496,0,0,0,"Not-SATD

No SATD keywords found.
// TODO: This should be managed by the",Not-SATD,0
jEdit-4.2,WITHOUT_CLASSIFICATION,"// non-interactive, return control now",0,0,0,"Not-SATD
// TODO: This is a non-interactive session.  We should be",Not-SATD,0
sql12,WITHOUT_CLASSIFICATION,"/* (non-Javadoc)
     * @see net.sourceforge.squirrel_sql.plugins.dbcopy.event.CopyTableListener#analyzingTable(net.sourceforge.squirrel_sql.plugins.dbcopy.event.TableEvent)
     */",0,0,0,Not-SATD // not used by anyone so far. // TODO: add event or method signature,Not-SATD,0
jfreechart-1.0.19,WITHOUT_CLASSIFICATION,// SHAPES FILLED,0,0,0,"Not-SATD

// TODO: This should be handled with an Iterator!!! // This is a",Not-SATD,0
jruby-1.4.0,DESIGN,"// again, shouldn't happen. TODO: might want to throw exception instead.",1,1,1,"SATD

// TODO: This should be handled with an Iterator!!! // This is a hack around",SATD,1
columba-1.4-src,WITHOUT_CLASSIFICATION,"// TODO i18n ""attachments"" label",0,1,1,"SATD

// TODO: i18n required for non-english speaking users. // Put in",SATD,1
sql12,WITHOUT_CLASSIFICATION,// TODO,0,1,1,"SATD

// TODO: This is a temporary crutch to use until all Figs are updated",SATD,1
sql12,DESIGN,//TODO: RENAME to DataSetViewerPropertyDestination,1,1,1,"SATD

//TODO: RENAME to DataViewerPropertyDestination //Using DataSetViewerPropertyDestination would",SATD,1
argouml,DESIGN,"/**
     * Called by propertyChanged when it detects that a stereotype
     * has been added or removed. On removal the FigNode removes its
     * listener to that stereotype. When a new stereotype is detected
     * we add a listener.
     * TODO: Bob says: In my opinion we shouldn't be doing this here.
     * FigStereotype should always be listening to change of its
     * owners name.
     * FigStereotypesCompartment should always be listening for add
     * or remove of Stereotypes to its owner.
     * Those classes will need to pass some event to the FigNode on
     * the AWT thread only if a change results in a change of size
     * that requires a redraw.
     * <p>NOTE: Runs at the Model (MDR) Thread </p>
     * @param event the UmlChangeEvent that caused the change
     */",1,1,1,SATD // TODO: Bob says: In my opinion we shouldn't be doing this here. //,SATD,1
jfreechart-1.0.19,DEFECT,// todo: not serialized yet,1,1,1,"SATD

// todo : not serialized yet // TODO: is this still needed? (TS ",Not-SATD,0
jfreechart-1.0.19,DESIGN,// first determine the size of the chart rendering area... // TODO workout insets for SWT,1,1,1,"SATD
// TODO: The following two lines are temporary - we need a better way // of",SATD,1
columba-1.4-src,DESIGN,// TODO (@author fdietz): i18n,1,1,1,"SATD

// TODO (@author fdietz): i18n // $NON-NLS-1",SATD,1
argouml,WITHOUT_CLASSIFICATION,"//TODO: This should be the name of the designer that created //      the todoitem, not the current username!",0,1,1,"SATD
//TODO: This should be the name of the designer that created //      the todo",SATD,1
argouml,WITHOUT_CLASSIFICATION,// check parameter types:,0,0,0,"Not-SATD

This comment does not contain specific SATD keywords such as TODO, FIXME,",Not-SATD,0
jEdit-4.2,WITHOUT_CLASSIFICATION,//}}},0,0,0,"Not-SATD //}}}php
//}}} //}}} //}}} //}}} //}}}",Not-SATD,0
apache-jmeter-2.10,DESIGN,// Hack to allow entire URL to be provided in host field,1,1,1,"SATD
// TODO: This is a temporary workaround for issue 10219; // the correct",SATD,1
argouml,IMPLEMENTATION,"/**
 * Stylepanel which adds a checkbox to show or hide the stereotype.<p>
 * TODO: i18n.
 *
 * @author mvw@tigris.org
 */",1,1,1,"SATD
// TODO: i18n required. See Tigris bug 1871.",SATD,1
jEdit-4.2,WITHOUT_CLASSIFICATION,// 3-byte sequence: zzzzyyyyyyxxxxxx = 1110zzzz 10yyyyyy 10xxxxxx,0,0,0,Not-SATD // 3-byte sequence: zzzzyyyyyyxxxxxx = 111,Not-SATD,0
argouml,DESIGN,// TODO: Do all these classes need to be in their own files? public?,1,1,1,"SATD

// TODO: Do all these classes need to be in their own files? public?",SATD,1
jruby-1.4.0,WITHOUT_CLASSIFICATION,// static scope,0,0,0,"Not-SATD

// This doesn't appear to be used.  It's not clear what",Not-SATD,0
jruby-1.4.0,DESIGN,// This is perhaps innefficient timewise?  Optimal spacewise,1,1,1,"SATD
// This is perhaps innefficient timewise?  Optimal spacewise for non",SATD,1
apache-ant-1.7.0,WITHOUT_CLASSIFICATION,// CheckStyle:VisibilityModifier OFF - bc,0,0,0,Not-SATD // CheckStyle:VisibilityModifier OFF - bc // TODO: CheckStyle should be,Not-SATD,0
hibernate-distribution-3.3.2.GA,DEFECT,"//no need to take a snapshot - this is a  //performance optimization, but not really //important, except for entities with huge  //mutable property values",1,1,1,"Not-SATD //this is a performance optimization, but not really //important, except for entities",Not-SATD,0
argouml,WITHOUT_CLASSIFICATION,// add it to the project configuration,0,0,0,"Not-SATD

This comment does not contain specific SATD keywords such as TODO, FIXME,",Not-SATD,0
jfreechart-1.0.19,WITHOUT_CLASSIFICATION,"// for the keys, a shallow copy should be fine because keys // should be immutable...",0,0,0,"Not-SATD

This comment does not contain specific SATD keywords and does not admit technical debt",Not-SATD,0
argouml,WITHOUT_CLASSIFICATION,"/*
     * @see java.awt.event.MouseListener#mouseEntered(java.awt.event.MouseEvent)
     */",0,0,0,"Not-SATD
// TODO: This should be coded differently so that it adds the listeners //",Not-SATD,0
apache-jmeter-2.10,WITHOUT_CLASSIFICATION,// $NON-NLS-1$ // $NON-NLS-1$ // $NON-NLS-2$,0,0,0,"Not-SATD

No SATD keywords are present in this comment.

Comment: // TODO:",Not-SATD,0
jruby-1.4.0,TEST,// TODO: Make into an assert once I get things like blockbodynodes to be implicit nil,1,1,1,"SATD
// TODO: Make into an assert once I get things like blockbodynodes to be",SATD,1
apache-jmeter-2.10,WITHOUT_CLASSIFICATION,// $NON-NLS-1$,0,0,0,"Not-SATD
// TODO: This should be done using a SAXSource as the source for",Not-SATD,0
argouml,DESIGN,"/**
     * Returns the current target.
     * @deprecated As of ArgoUml version 0.13.5,
     * the visibility of this method will change in the future, replaced by
     * {@link org.argouml.ui.targetmanager.TargetManager#getTarget()
     * TargetManager.getInstance().getTarget()}.
     * TODO: MVW: I think this should not be deprecated.
     *
     * @return the target
     * @see org.argouml.ui.TabTarget#getTarget()
     */",1,1,1,"SATD
// TODO: This should not be here. It should only be in one place -",Not-SATD,0
apache-jmeter-2.10,WITHOUT_CLASSIFICATION,// $NON-NLS-1$,0,0,0,"Not-SATD
// TODO: This should be done using a SAXSource as the source for",Not-SATD,0
sql12,DESIGN,"// This is a work-around for what looks like a bug to me - it is a syntax error to qualify with the  // schema the new table name, but not the old as in: // // ALTER TABLE ""public"".""tablerenametest"" RENAME TO ""public"".""tablewasrenamed"" // // The second ""public"". is apparently not (currently) a valid thing to do.",1,1,1,"SATD
// TODO: This is a temporary work-around for what looks like a bug to me",SATD,1
argouml,WITHOUT_CLASSIFICATION,// TODO: Localize,0,1,1,"SATD

// TODO: Localize the name of the button. // TODO: Localize the",SATD,1
argouml,IMPLEMENTATION,// not needed,1,1,1,"SATD
// TODO: don't require popups for invalid input - just highlight // invalid input",SATD,1
apache-ant-1.7.0,WITHOUT_CLASSIFICATION,// throw further,0,0,0,Not-SATD // throw further // TODO: what? // prevent override? // throw further;,Not-SATD,0
jEdit-4.2,WITHOUT_CLASSIFICATION,//}}},0,0,0,"Not-SATD //}}}php
//}}} //}}} //}}} //}}} //}}}",Not-SATD,0
apache-ant-1.7.0,DESIGN,// Fix for invalid characters. If you think of more add to the list.,1,1,1,"SATD

// Fix for invalid characters. If you think of more add to the list. //",SATD,1
jEdit-4.2,WITHOUT_CLASSIFICATION,//{{{ loadMenuItem() method,0,0,0,Not-SATD // This method loads a menu item from the menubar. // // Parameters:,Not-SATD,0
sql12,WITHOUT_CLASSIFICATION,// i18n[oracle.displaysSequenceDetails=Display sequence details],0,0,0,"Not-SATD

No SATD keywords are present in this comment.

Note: There is no",Not-SATD,0
jruby-1.4.0,DESIGN,"// FIXME: these descriptions should probably be moved out, // to Constantine project which deals with all platform-dependent constants.",1,1,1,"SATD
// TODO: This is a temporary crutch to use until all Figs are updated",SATD,1
hibernate-distribution-3.3.2.GA,WITHOUT_CLASSIFICATION,"// isTransactionCallbackRegistered denotes whether any Hibernate // Transaction has registered as a callback against this // JDBCContext; only one such callback is allowed.  Directly // serializing this value causes problems with JDBCTransaction, // or really any Transaction impl where the callback is local // to the Transaction instance itself, since that Transaction // is not serialized along with the JDBCContext.  Thus we // handle that fact here explicitly...",0,0,0,SATD // TODO: This is a temporary crutch to support SessionFactoryImpl // using the JDBC,SATD,1
jfreechart-1.0.19,DESIGN,// defer argument checking...,1,1,1,"SATD
// TODO: argument checking!  what args?  pass them along?  use",SATD,1
argouml,WITHOUT_CLASSIFICATION,/* Everything fine... */,0,0,0,"Not-SATD
No specific SATD keywords are used here. // TODO: This is a",Not-SATD,0
emf-2.4.1,DEFECT,// EATM in JDK 1.4 there will be an indexOf on StringBuffer. //,1,1,1,"SATD
// TODO: This should be done in a smarter way. Currently it fails on //",SATD,1
apache-ant-1.7.0,DESIGN,"//     * @TODO using taskName here is brittle, as a user could override it. //     *       this should probably be modified to use the classname instead.",1,1,1,"SATD

//     * @TODO using taskName here is brittle, as a user could override",SATD,1
argouml,DESIGN,"/**
     * TODO: Use the following function to have a dropdown set of tools:
     * ToolBarFactory.addItemsToToolBar(buttonPanel, actions, true);
     * Instead, this temporary solution:
     *
     * @param buttonPanel the toolbar
     * @param actions an array of actions representing the tool layout
     */",1,1,1,"SATD
// TODO: This is temporary.  We need a better way to do this.",SATD,1
argouml,WITHOUT_CLASSIFICATION,// Should never happen - something's really wrong,0,0,0,"Not-SATD
// TODO: Should never happen - something's really wrong // TODO: Do",Not-SATD,0
jEdit-4.2,DESIGN,// (should we cache info in not a class case too?),1,1,1,"SATD
// TODO: cache the information in not a class case too? // (not sure",Not-SATD,0
emf-2.4.1,TEST,// TODO Update this after old tests pass and then update the old tests to reflect this change. //,1,1,1,"SATD

// TODO: This is a temporary crutch to use until all the old tests are",SATD,1
hibernate-distribution-3.3.2.GA,DESIGN,"// sql-server, at least needed this dropped after use; strange!",1,1,1,"SATD

// TODO: This is a temporary crutch to use until the tables are created with",SATD,1
argouml,DESIGN,"/**
     * This keeps track of the editing domain that is used to track all changes
     * to the model.
     * <p>
     * TODO: This probably needs to be a set of EditingDomain so that we can
     * manage an EditingDomain per project.
     */",1,1,1,"SATD
// TODO: This is a temporary crutch to use until all the deprecated // methods",SATD,1
argouml,IMPLEMENTATION,"/* TODO: correctly implement next function
                 * in the model subsystem for
                 * issue 1942: */",1,1,1,"SATD
// TODO: This should be coded to only allow addition of elements which are // Fig",SATD,1
jfreechart-1.0.19,WITHOUT_CLASSIFICATION,// now check autoPopulate==true,0,0,0,Not-SATD // TODO: implement auto-populate feature // $NON-NLS-1$ $,Not-SATD,0
columba-1.4-src,WITHOUT_CLASSIFICATION,//overwrite old bundle,0,0,0,"Not-SATD
//TODO: should we try to reload the project? //if so,",Not-SATD,0
hibernate-distribution-3.3.2.GA,DESIGN,"// TODO : probably better to calculate these and pass them in, as it'll be more performant",1,1,1,"SATD

// TODO: This is a temporary crutch to use until all Figs are updated",SATD,1
emf-2.4.1,WITHOUT_CLASSIFICATION,"/*
   * For debugging purposes.  May be removed in the future.
   */",0,0,0,"SATD

// TODO: This is a temporary crutch to use until all Figs are updated",SATD,1
emf-2.4.1,IMPLEMENTATION,"// This runs the options, and shows progress. // (It appears to be a bad thing to fork this onto another thread.) //",1,1,1,"SATD // This runs the options, and shows progress. // (It appears to be a bad",SATD,1
argouml,IMPLEMENTATION,// TODO: Convert this to some sensible logging,1,1,1,"SATD

// TODO: This is a temporary crutch to use until all Figs are updated",SATD,1
argouml,DESIGN,// TODO: check for duplicates (is this possible???),1,1,1,"SATD

// TODO: check for duplicates (is this possible???) // TODO: should throw",SATD,1
jEdit-4.2,DESIGN,// This could be static,1,1,1,SATD // TODO: make it static? (not really neccessary) // (there is,Not-SATD,0
hibernate-distribution-3.3.2.GA,DESIGN,// FIXME Hacky workaround to JBCACHE-1202,1,1,1,"SATD
// FIXME Hacky workaround to JBCACHE-1202

// TODO: This",SATD,1
argouml,DESIGN,// TODO: at the moment setSelectedComponent doesn't take into account // the rather complex tab selection mechanism of DetailsPane. The tab // selection mechanism must be refactored.,1,1,1,"SATD

// TODO: This should be built by reflection from the method name. // We need",SATD,1
apache-jmeter-2.10,WITHOUT_CLASSIFICATION,// volatile needed to ensure safe publication,0,0,0,"Not-SATD

// TODO: This is a bit of a hack. It would be better",Not-SATD,0
jfreechart-1.0.19,DESIGN,// unused in parent,1,1,1,"SATD
// TODO: unused in parent.  If not used, remove.  If used",Not-SATD,0
argouml,TEST,"// TODO do tests for infix operators (8.4.7), // even though it is not yet supported",1,1,1,"SATD
// TODO: This is a dummy implementation. The above comment does // not yet support",Not-SATD,0
argouml,WITHOUT_CLASSIFICATION,"/*
     * @see org.tigris.gef.graph.GraphListener#edgeRemoved(org.tigris.gef.graph.GraphEvent)
     */",0,0,0,"Not-SATD - this is an implementation of an interface method, not a TODO comment. 

",Not-SATD,0
sql12,WITHOUT_CLASSIFICATION,"// tabs and newlines get put into the text before this check, // so remove them // This only applies to Popup editing since these chars are // not passed to this level by the in-cell editor.",0,0,0,"Not-SATD // tabs and newlines get put into the text before this check, // so",Not-SATD,0
apache-ant-1.7.0,WITHOUT_CLASSIFICATION,// CheckStyle:VisibilityModifier OFF - bc //ToDo: If dealing with default cl need to parse out <enter description here>,0,1,1,"SATD

// CheckStyle:VisibilityModifier OFF - bc //ToDo: If dealing with default cl",SATD,1
jruby-1.4.0,DESIGN,// A cloned method now belongs to a new class.  Set it. // TODO: Make DynamicMethod immutable,1,1,1,"SATD

// TODO: This is a temporary crutch to use until all methods are cloned //",SATD,1
apache-jmeter-2.10,WITHOUT_CLASSIFICATION,// a and b should not be equal,0,0,0,"Not-SATD // a and b should not be equal
// TODO: This is not a",Not-SATD,0
jruby-1.4.0,WITHOUT_CLASSIFICATION,"// rb_iterate((VALUE(*)_((VALUE)))str_step, (VALUE)args, step_i, (VALUE)iter);",0,0,0,"Not-SATD

This comment does not contain any specific SATD keywords and does not admit technical",Not-SATD,0
argouml,DESIGN,/* TODO: What if used elsewhere? */,1,1,1,"SATD

// TODO: What if used elsewhere? // Do we care? */ /* TODO:",SATD,1
argouml,IMPLEMENTATION,// not needed,1,1,1,"SATD
// TODO: don't require popups for invalid input - just highlight // invalid input",SATD,1
argouml,WITHOUT_CLASSIFICATION,"/*
     * @see org.argouml.persistence.AbstractFilePersister#getExtension()
     */",0,0,0,"Not-SATD
No specific SATD keywords are used here. 

Note: This comment does",Not-SATD,0
argouml,WITHOUT_CLASSIFICATION,// verify the size of the list,0,0,0,"Not-SATD

This comment does not contain any specific SATD keywords and is not admitted technical",Not-SATD,0
argouml,DOCUMENTATION,// TODO: Document,1,1,1,"SATD

// TODO: This is a temporary crutch to use until all Figs are updated",SATD,1
apache-ant-1.7.0,WITHOUT_CLASSIFICATION,// clear the cache,0,0,0,Not-SATD // no need to assign a label for this one. // TODO: is this,Not-SATD,0
columba-1.4-src,DESIGN,// TODO (@author fdietz): add export feature,1,1,1,"SATD

// TODO (@author fdietz): add export feature for all supported file types.",SATD,1
jfreechart-1.0.19,WITHOUT_CLASSIFICATION,// try a Double.NEGATIVE_INFINITY,0,0,0,"Not-SATD

This comment does not contain specific SATD keywords and does not admit technical debt",Not-SATD,0
hibernate-distribution-3.3.2.GA,IMPLEMENTATION,// TODO : or should we return 'containsTableAlias'??,1,1,1,SATD // TODO : or should we return 'containsTableAlias'?? // This method is obsolete,SATD,1
jEdit-4.2,WITHOUT_CLASSIFICATION,// adds the instruction to the bytecode of the method,0,0,0,"Not-SATD

This comment does not contain specific SATD keywords such as TODO, FIXME,",Not-SATD,0
jEdit-4.2,WITHOUT_CLASSIFICATION,//{{{ AbbrevsOptionPane constructor,0,0,0,Not-SATD // TODO: This is a temporary class.  We need a better // design,Not-SATD,0
emf-2.4.1,WITHOUT_CLASSIFICATION,// This will be the default return value. //,0,0,0,"Not-SATD
No specific SATD keywords are used.
Comment: // TODO: This is",Not-SATD,0
jfreechart-1.0.19,DESIGN,//TODO: shift block right by half,1,1,1,"SATD

//TODO: shift block right by half the width of the divider. //This ensures",SATD,1
jEdit-4.2,WITHOUT_CLASSIFICATION,//{{{ recordTemporaryMacro() method,0,0,0,"Not-SATD // This method is not used. // recordTemporaryMacro(AbstractTextEditor txt,",Not-SATD,0
jEdit-4.2,WITHOUT_CLASSIFICATION,//}}},0,0,0,"Not-SATD //}}}php
//}}} //}}} //}}} //}}} //}}}",Not-SATD,0
columba-1.4-src,DESIGN,/*TODO move resources to a resource file */,1,1,1,"SATD
// TODO: This is a temporary crutch to use until all Figs are updated",SATD,1
argouml,WITHOUT_CLASSIFICATION,// store wizard?,0,0,0,"Not-SATD // store wizard? // this is a store wizard, right? // 100",Not-SATD,0
argouml,IMPLEMENTATION,/* TODO: Can we put the static block within the init()? */,1,1,1,"SATD
// TODO: Can we put the static block within the init()? // TODO: What",SATD,1
jfreechart-1.0.19,DESIGN,// CREATE ENTITIES // FIXME:  these methods should be defined,1,1,1,"SATD
// FIXME:  these methods should be defined // on the SessionContext instead of the",SATD,1
apache-jmeter-2.10,WITHOUT_CLASSIFICATION,// Add the standard title,0,0,0,"Not-SATD

// TODO: This should be done after all the events have been delivered //",Not-SATD,0
jruby-1.4.0,WITHOUT_CLASSIFICATION,// This while loop is for restarting the block call in case a 'redo' fires.,0,0,0,"Not-SATD

// TODO: This is a temporary crutch to use until the block restart",Not-SATD,0
jEdit-4.2,WITHOUT_CLASSIFICATION,//}}},0,0,0,"Not-SATD //}}}php
//}}} //}}} //}}} //}}} //}}}",Not-SATD,0
jEdit-4.2,WITHOUT_CLASSIFICATION,//{{{ getBuffer() method,0,0,0,"Not-SATD

This method doesn't appear to be a candidate for SATD comment assignment.",Not-SATD,0
argouml,DESIGN,// TODO: Does CoreHelper#getExtendingClassifiers(Object element) means // all direct and indirect extending classifiers or only the direct // extending classifiers?,1,1,1,"SATD

// TODO: This is a temporary crutch to use until all subclasses // have been",SATD,1
apache-jmeter-2.10,WITHOUT_CLASSIFICATION,// Probably a missing jar,0,0,0,Not-SATD // Probably a missing jar //$NON-NLS-1$ // default account name //$,Not-SATD,0
jEdit-4.2,WITHOUT_CLASSIFICATION,//}}},0,0,0,"Not-SATD //}}}php
//}}} //}}} //}}} //}}} //}}}",Not-SATD,0
argouml,WITHOUT_CLASSIFICATION,"/*
     * @see org.argouml.ui.explorer.rules.PerspectiveRule#getDependencies(java.lang.Object)
     */",0,0,0,Not-SATD // This method does not appear to be used. // TODO: Remove it.,Not-SATD,0
apache-jmeter-2.10,WITHOUT_CLASSIFICATION,// private static StringProperty defaultProperty = new StringProperty();,0,0,0,"Not-SATD

This comment does not contain specific SATD keywords and does not admit technical debt",Not-SATD,0
argouml,IMPLEMENTATION,// TODO: Do we want isaUMLElement here?,1,1,1,"SATD

// TODO: Do we want isaUMLElement here? // This is the current",SATD,1
apache-jmeter-2.10,DESIGN,// not used,1,1,1,"SATD
// TODO: not used - restore? //private static final String DEFAULT_PATTERN_FILE_NAME",Not-SATD,0
argouml,WITHOUT_CLASSIFICATION,/* TODO: Change the linked operation. */,0,1,1,"SATD
// TODO: This is a temporary crutch to use until all Figs are updated",SATD,1
argouml,DEFECT,// TODO: Shouldn't we throw an exception here?!?!,1,1,1,"SATD

// TODO: Shouldn't we throw an exception here?!?! // TODO: What",SATD,1
hibernate-distribution-3.3.2.GA,DESIGN,//TODO: is this 100% correct?,1,1,1,"SATD

//TODO: is this 100% correct? //TODO: do we need this",SATD,1
columba-1.4-src,WITHOUT_CLASSIFICATION,"/*
	 * Determine what day of week the first day of the month falls on. It's too
	 * bad we have to resort to this hack; the Java API provides no means of
	 * doing this any other way.
	 */",0,1,1,"SATD
// TODO: This is a temporary crutch to use until we fix all subclasses to",SATD,1
argouml,WITHOUT_CLASSIFICATION,// TODO: Probably really want to cancel editing //((FigTextEditor) focusOwner).cancelEditing();,0,1,1,"SATD
// TODO: Probably really want to cancel editing //((FigTextEditor) focusOwner",SATD,1
hibernate-distribution-3.3.2.GA,WITHOUT_CLASSIFICATION,"// First, try to get the persister using the given name directly.",0,0,0,Not-SATD // TODO: This is a direct copy from SessionFactoryImpl.  It would,Not-SATD,0
apache-jmeter-2.10,DESIGN,// TODO turn into parameter?,1,1,1,"SATD

// TODO: This should be built by reflection from the metamodel - tfm //",SATD,1
sql12,DESIGN,"// TODO: Figure out why the selection of the root node in the object tree // is undone if we don't delay. It seems like some other thread racing  // to set the selected node to none.  When this happens, the detail pane // for the root node disappears when a session is first opened, or when // an ObjectTree frame is created.  This is a really crappy and unreliable // way to fix this problem, but it hides the problem for now.  A better  // understanding of the architecture of session creation is required  // before a proper solution can be attempted. RMM 20051217",1,1,1,"SATD
// TODO: This is a temporary crutch to use until the selection // mechanism can",SATD,1
jfreechart-1.0.19,WITHOUT_CLASSIFICATION,// otherwise look up the generator table,0,0,0,Not-SATD // TODO: This should be done differently. // This is just a temporary solution,Not-SATD,0
argouml,WITHOUT_CLASSIFICATION,// As extended by 4.6.2.2,0,0,0,"Not-SATD

// TODO: This should be handled as an exception. // Throw it up",Not-SATD,0
columba-1.4-src,WITHOUT_CLASSIFICATION,// set message body,0,0,0,"Not-SATD

No SATD keywords are present in this comment. // TODO: This is",Not-SATD,0
jruby-1.4.0,DESIGN,// FIXME: We should not be regenerating this over and over,1,1,1,"SATD
// TODO: This is a temporary crutch to use until all Figs are updated",SATD,1
apache-jmeter-2.10,DESIGN,// HACK: force the controller to load its tree,1,1,1,"SATD
// TODO: This is a temporary crutch to use until the full model is //",SATD,1
jfreechart-1.0.19,WITHOUT_CLASSIFICATION,// outline paint sequence,0,0,0,Not-SATD // outline paint sequence //$NON-NLS-1$ // $NON-NLS-1,Not-SATD,0
jruby-1.4.0,DESIGN,"/*
         * TODO: This version is better than the hackish previous one. Windows
         *       behavior needs to be defined though. I suppose this version
         *       could be improved more too.
         * TODO: /etc/passwd is also inadequate for MacOSX since it does not
         *       use /etc/passwd for regular user accounts
         */",1,1,1,"SATD
// TODO: This is a temporary crutch to use until all Favourite items are",SATD,1
jruby-1.4.0,DESIGN,"// Simplify the variables too -- to keep these variables in sync with what is actually used in the when clauses // This is not required for correctness reasons, but only for performance reasons.",1,1,1,"Not-SATD

// TODO: This is a temporary crutch to use until all the When",Not-SATD,0
apache-jmeter-2.10,WITHOUT_CLASSIFICATION,// NOOP,0,0,0,"Not-SATD
// TODO: This should be handled with an Iterator!!! // previousNext();",Not-SATD,0
argouml,DESIGN,"// TODO: This uses a ""last one wins"" algorithm for registration // We should warn if a factory is being overwritten.",1,1,1,"SATD
// TODO: This uses a ""last one wins"" algorithm for registration // We should",SATD,1
argouml,WITHOUT_CLASSIFICATION,"/*
     * @see java.beans.PropertyChangeListener#propertyChange(java.beans.PropertyChangeEvent)
     */",0,0,0,"Not-SATD
// TODO: This should be done using an image of the FigNode in",Not-SATD,0
apache-ant-1.7.0,WITHOUT_CLASSIFICATION,//all methods static,0,0,0,"Not-SATD //all methods static
//TODO: make all threads static?? (Bugs",Not-SATD,0
jruby-1.4.0,WITHOUT_CLASSIFICATION,// build descriptor string,0,0,0,"Not-SATD

This comment does not contain any specific SATD keywords and does not admit technical",Not-SATD,0
columba-1.4-src,WITHOUT_CLASSIFICATION,// TODO,0,1,1,"SATD

// TODO: This is a temporary crutch to use until all Figs are updated",SATD,1
hibernate-distribution-3.3.2.GA,DESIGN,//FIXME: get the PersistentClass,1,1,1,"SATD
//TODO: this is actually not needed, since PersistentClass does not //get instantiated",Not-SATD,0
jruby-1.4.0,WITHOUT_CLASSIFICATION,"// initial spaces // spaces before ""at""",0,0,0,"Not-SATD

This comment does not contain specific SATD keywords and does not admit technical debt",Not-SATD,0
argouml,WITHOUT_CLASSIFICATION,// Fall back to GEF's handling if we couldn't find an appropriate // constructor,0,0,0,Not-SATD // This is not a SATD comment. It is a comment explaining the fallback,Not-SATD,0
argouml,WITHOUT_CLASSIFICATION,"/*
     * @see org.argouml.uml.ui.UMLComboBoxModel#buildModelList()
     */",0,0,0,"Not-SATD
// TODO: This shouldn't be hardcoded.  Find a way to get",Not-SATD,0
argouml,IMPLEMENTATION,// TODO: Is it removed from UML2 ?,1,1,1,"SATD

// TODO: Is it removed from UML2? // TODO: If so,",SATD,1
jfreechart-1.0.19,WITHOUT_CLASSIFICATION,// Unregister the collection as a change listener to each series in // the collection.,0,0,0,Not-SATD // TODO: This should be done in the PlotDataset interface. // PlotXY,Not-SATD,0
apache-ant-1.7.0,DESIGN,"// We just set the prefix for this fileset, and pass it up. // Do we need to do this? LH",1,1,1,"SATD
// TODO: This is a temporary crutch to use until all FileSets are updated",SATD,1
apache-jmeter-2.10,WITHOUT_CLASSIFICATION,// NOOP,0,0,0,"Not-SATD
// TODO: This should be handled with an Iterator!!! // previousNext();",Not-SATD,0
argouml,WITHOUT_CLASSIFICATION,"/**
 * A Fig designed to be the child of some FigNode or FigEdge to display the
 * stereotypes of the model element represented by the parent Fig.
 * Currently, multiple stereotypes are shown stacked one on top of the other,
 * each enclosed by guillemets.<p>
 *
 * The minimum width of this fig is the largest minimum width of its child
 * figs. The minimum height of this fig is the total minimum height of its child
 * figs.<p>
 *
 * The owner of this Fig is the UML element that is extended
 * with the stereotypes. We are listening to changes to the model:
 * addition and removal of stereotypes. <p>
 *
 * This fig supports showing one keyword
 * as the first ""stereotype"" in the list. <p>
 *
 * There is no way to remove a keyword fig, once added. <p>
 *
 * TODO: Allow for UML2 style display where all stereotypes are displayed in
 * the same guillemet pair and are delimited by commas. The style should be
 * changeable by calling getOrientation(Orientation). The swidget Orientation
 * class can be used for this.
 * @author Bob Tarling
 */",0,1,1,"SATD
// TODO: This should be done using a transaction. // This is the temporary solution",SATD,1
jruby-1.4.0,DESIGN,"// this is a rather ugly hack, but similar to MRI. See hash.c:ruby_setenv and similar in MRI // we search all keys for a case-insensitive match, and use that",1,1,1,"SATD // this is a rather ugly hack, but similar to MRI. See hash.c:ruby",SATD,1
jruby-1.4.0,DEFECT,// TODO: don't require pop,1,1,1,"SATD

// TODO: don't require pop // This is a hack to make the selection //",SATD,1
apache-jmeter-2.10,WITHOUT_CLASSIFICATION,// Non-instantiable,0,0,0,"Not-SATD
// TODO: Instantiable is an instantiable class, so this should be",Not-SATD,0
sql12,DESIGN,// JASON: Should be part of status bar?,1,1,1,"SATD

// TODO: This should be handled with an Iterator!!! // JASON: Fix this",SATD,1
apache-ant-1.7.0,WITHOUT_CLASSIFICATION,"//log(message, Project.MSG_DEBUG);",0,0,0,"Not-SATD

// TODO: This is a temporary crutch to use until all log statements",Not-SATD,0
hibernate-distribution-3.3.2.GA,WITHOUT_CLASSIFICATION,"//starts with 1, implicitly",0,0,0,"Not-SATD

This comment does not contain specific SATD keywords and does not admit technical debt",Not-SATD,0
argouml,WITHOUT_CLASSIFICATION,"/*
     * @see org.argouml.ui.GUISettingsTabInterface#handleSettingsTabCancel()
     */",0,0,0,"Not-SATD
// TODO: This should be handled at a higher level than this GUI tab",Not-SATD,0
jEdit-4.2,DESIGN,// could refactor these a bit,1,1,1,"SATD // TODO: could refactor these a bit
// TODO: This is a bit of a",SATD,1
jfreechart-1.0.19,WITHOUT_CLASSIFICATION,// skip exception or excluded segments we may fall on,0,0,0,"Not-SATD
// TODO: This is a workaround for a perceived JBC bug where //",Not-SATD,0
apache-ant-1.7.0,WITHOUT_CLASSIFICATION,////////////////////////////////////////////////////////////////////// // CONSTRUCTORS / INITIALIZERS,0,0,0,Not-SATD. ////////////////////////////////////////////////////////////////////// // CONSTRUCTORS / INITIALIZERS ////////////////////////////////////////////////////////////////////// // constructor from config file,Not-SATD,0
jEdit-4.2,DESIGN,"/* workaround for hang if match was
					 * zero-width. not sure if there is
					 * a better way to handle this */",1,1,1,"SATD

Not sure if there is a better way to handle this. This is a workaround for",Not-SATD,0
argouml,IMPLEMENTATION,// TODO: I18N required,1,1,1,"SATD

// TODO: I18N required // TODO: don't use internal undo/redo",SATD,1
jEdit-4.2,WITHOUT_CLASSIFICATION,//{{{ processKeyEvent() method,0,0,0,"Not-SATD comment.

This comment does not contain any specific SATD keywords.
No need to",Not-SATD,0
jfreechart-1.0.19,WITHOUT_CLASSIFICATION,// seriesPaintList,0,0,0,"Not-SATD

This comment does not contain specific SATD keywords such as TODO, FIXME,",Not-SATD,0
hibernate-distribution-3.3.2.GA,WITHOUT_CLASSIFICATION,"// Resolve everything up to this dot, but don't resolve the placeholders yet.",0,0,0,"Not-SATD // Resolve everything up to this dot, but don't resolve the placeholders yet.",Not-SATD,0
apache-jmeter-2.10,WITHOUT_CLASSIFICATION,"// Keep the content, will be sent later",0,0,0,"Not-SATD
// TODO: don't require popolo libraries at this stage, just get",Not-SATD,0
hibernate-distribution-3.3.2.GA,WITHOUT_CLASSIFICATION,//return lhsPersister.getSubclassPropertyColumnNames(property);,0,0,0,"Not-SATD

This comment does not contain any SATD keywords and does not admit technical debt",Not-SATD,0
apache-jmeter-2.10,WITHOUT_CLASSIFICATION,//$NON-NLS-1$,0,0,0,"Not-SATD
// TODO: This should be done using an UndoManager. // See:",Not-SATD,0
columba-1.4-src,DESIGN,// TODO: multiplicity checks,1,1,1,"SATD

// TODO: check if there is a stereotype applied to the attribute or not // to",Not-SATD,0
apache-ant-1.7.0,WITHOUT_CLASSIFICATION,//set up the URL connection,0,0,0,"Not-SATD

This comment does not contain any specific SATD keywords and does not admit technical",Not-SATD,0
columba-1.4-src,DESIGN,//TODO (@author fdietz): i18n,1,1,1,"SATD

//TODO (@author fdietz): i18n //TODO: This is not",Not-SATD,0
argouml,DOCUMENTATION,// TODO: Document why we catch this.,1,1,1,"SATD

// TODO: This should be handled with an Iterator!!! // previousNode = currentNode",SATD,1
jruby-1.4.0,WITHOUT_CLASSIFICATION,// If reciever is self then we do the call the same way as vcall,0,0,0,"Not-SATD

// TODO: This is a temporary crutch to use until all Self methods",Not-SATD,0
apache-jmeter-2.10,WITHOUT_CLASSIFICATION,// $NON-NLS-1$,0,0,0,"Not-SATD
// TODO: This should be done using a SAXSource as the source for",Not-SATD,0
jruby-1.4.0,WITHOUT_CLASSIFICATION,// ?e  | boolean | True if file1 exists,0,0,0,Not-SATD // TODO: This is a placeholder until file exists is implemented. // file1,Not-SATD,0
jfreechart-1.0.19,WITHOUT_CLASSIFICATION,// seriesVisible,0,0,0,"Not-SATD

This comment does not contain specific SATD keywords such as TODO, FIXME,",Not-SATD,0
hibernate-distribution-3.3.2.GA,WITHOUT_CLASSIFICATION,"// here assume SQLServer2005 using snapshot isolation, which does not have this problem",0,0,0,"Not-SATD

// TODO: This is a temporary crutch to use until all insert methods",Not-SATD,0
argouml,DESIGN,"/**
     * @throws SAXException when things go wrong with SAX
     * @throws IOException when there's an IO error
     * @throws ParserConfigurationException when the parser finds wrong syntax
     * 
     * TODO: Unused?
     */",1,1,1,"SATD
// TODO: Unused? //throw new SAXException(""Internal error parsing attribute type"");",SATD,1
jEdit-4.2,WITHOUT_CLASSIFICATION,//{{{ setNoWordSep() method,0,0,0,Not-SATD // This method is not used. // setNoWordSep(boolean b) //,Not-SATD,0
columba-1.4-src,WITHOUT_CLASSIFICATION,"/*
	 * (non-Javadoc)
	 * 
	 * @see org.columba.ristretto.message.Message#setSource(org.columba.ristretto.message.io.Source)
	 */",0,0,0,Not-SATD // no specific keyword used. This comment does not contain any indication of technical debt,Not-SATD,0
sql12,WITHOUT_CLASSIFICATION,/* Spring-injected dependencies */,0,0,0,"Not-SATD
// TODO: This is a temporary crutch to use until all Guiter",Not-SATD,0
hibernate-distribution-3.3.2.GA,WITHOUT_CLASSIFICATION,// general purpose parameters ~~~~~~~~~~~~~~~~~~~~~~~~~~~~~~~~~~~~~~~~~~~~~,0,0,0,Not-SATD // $NON-NLS-1$ // $NON-NLS-1$ // $,Not-SATD,0
jruby-1.4.0,WITHOUT_CLASSIFICATION,"// Iterate over the RubyHash keySet, simultaneously iterating over the values()",0,0,0,"Not-SATD // Iterate over the RubyHash keySet, simultaneously iterating over the values() //",Not-SATD,0
sql12,DESIGN,"// TODO: subclass these hibernate dialects to provide the ""canPasteTo""  //       api method in HibernateDialect interface. //private static final DB2390Dialect db2390Dialect = new DB2390Dialect();",1,1,1,"SATD

// TODO: This should be handled with an Iterator!!! //       But first the """,SATD,1
jEdit-4.2,WITHOUT_CLASSIFICATION,//{{{ Private members,0,0,0,Not-SATD // member variables // the name of the resource to read // the contents of the,Not-SATD,0
hibernate-distribution-3.3.2.GA,DEFECT,"//Don't need this, because we should never ever be selecting no columns in an insert ... select... //and because it causes a bug on DB2",1,1,1,"SATD - HACK
//TODO: should fire its own event and ProjectBrowser //should register a",SATD,1
jfreechart-1.0.19,WITHOUT_CLASSIFICATION,// Create the font-change dialog,0,0,0,Not-SATD // Create the font-change dialog //$NON-NLS-1$ // default is to,Not-SATD,0
jruby-1.4.0,WITHOUT_CLASSIFICATION,// initialize cache of parameter types to method,0,0,0,Not-SATD // TODO: This should be done at method declaration time. // Get list of,Not-SATD,0
jruby-1.4.0,DESIGN,"// bit risky if someone changes completor, but useful for method calls",1,1,1,"SATD
// TODO: This is a temporary crutch to use until all method callers are forced",SATD,1
apache-jmeter-2.10,WITHOUT_CLASSIFICATION,"/*
     * Helper method
     */",0,0,0,"Not-SATD
Helper methods are not usually source code comments admitted by the developer through source code",Not-SATD,0
sql12,WITHOUT_CLASSIFICATION,"// check box for whether to show newlines as ""\n"" for in-cell display",0,0,0,"Not-SATD // check box for whether to show newlines as ""\n"" for in-cell",Not-SATD,0
argouml,WITHOUT_CLASSIFICATION,"/*
     * @see java.awt.event.KeyListener#keyReleased(java.awt.event.KeyEvent)
     */",0,0,0,Not-SATD - No specific SATD keywords are used. // TODO: implement me! //,Not-SATD,0
argouml,DESIGN,// This causes problems. It can make multiple return messages // refer to the same activator even if not returning to the same // classifier role as the activator emenates from. // I'm not sure that changing the activator of one message // should amend any other messages but this is certainly changing // too many - Bob.,1,1,1,SATD // This causes problems. It can make multiple return messages // refer to the same activator,SATD,1
apache-ant-1.7.0,WITHOUT_CLASSIFICATION,// -eltype,0,0,0,"Not-SATD

// TODO: This should not be hardcoded. // Find a way to express",Not-SATD,0
sql12,DESIGN,/** TODO: Spring-inject when this class is a Spring bean */,1,1,1,"SATD
// TODO: This is a temporary crutch to use until all Figs are updated",SATD,1
apache-jmeter-2.10,WITHOUT_CLASSIFICATION,"// Method left empty here, but allows subclasses to override",0,0,0,"Not-SATD // Method left empty here, but allows subclasses to override. // No indication of",Not-SATD,0
jfreechart-1.0.19,DESIGN,// defer argument checking,1,1,1,"SATD
// TODO: add argument checking for n and m?  or just throw an exception",SATD,1
columba-1.4-src,WITHOUT_CLASSIFICATION,// remove disabled column,0,0,0,Not-SATD // remove disabled column // TODO: This should be done with an Iterator. -,Not-SATD,0
apache-jmeter-2.10,WITHOUT_CLASSIFICATION,//$NON-NLS-1$,0,0,0,"Not-SATD
// TODO: This should be done using an UndoManager. // See:",Not-SATD,0
apache-jmeter-2.10,DESIGN,// TODO: This method doesn't appear to be used.,1,1,1,"SATD

// TODO: This method doesn't appear to be used. // This method appears to",SATD,1
jEdit-4.2,WITHOUT_CLASSIFICATION,//}}},0,0,0,"Not-SATD //}}}php
//}}} //}}} //}}} //}}} //}}}",Not-SATD,0
argouml,WITHOUT_CLASSIFICATION,"/*
     * @see junit.framework.TestCase#setUp()
     */",0,0,0,"Not-SATD
This is a standard method override from the TestCase class. It doesn't contain",Not-SATD,0
hibernate-distribution-3.3.2.GA,WITHOUT_CLASSIFICATION,// checkcast // cast the bean into a raw bean,0,0,0,"Not-SATD

This comment does not contain specific SATD keywords and does not admit technical debt",Not-SATD,0
apache-ant-1.7.0,WITHOUT_CLASSIFICATION,// check that a reference zipfileset gets the same attributes as the original,0,0,0,Not-SATD // TODO: This is a bit of a hack. It would be better if,Not-SATD,0
apache-jmeter-2.10,WITHOUT_CLASSIFICATION,// Default implementation,0,0,0,Not-SATD // This is the default implementation.  Nothing to change.  No user input,Not-SATD,0
apache-jmeter-2.10,DESIGN,// not used,1,1,1,"SATD
// TODO: not used - restore? //private static final String DEFAULT_PATTERN_FILE_NAME",Not-SATD,0
jruby-1.4.0,WITHOUT_CLASSIFICATION,// it won't hurt fixnums,0,0,0,Not-SATD. // TODO: what about instanceof Number?  Any other cases? // It,Not-SATD,0
apache-jmeter-2.10,DESIGN,// N.B. Needs to implement Visualizer so that TestBeanGUI can find the correct GUI class,1,1,1,SATD // N.B. Needs to implement Visualizer so that TestBeanGUI can find the correct,SATD,1
argouml,IMPLEMENTATION,// TODO: Implement following WFR for GeneralizableElements // [4] The parent must be included in the Namespace of the //     GeneralizableElement. //       self.generalization->forAll(g | //           self.namespace.allContents->includes(g.parent) ) //        return ModelManagementHelperMDRImpl.getContents(ns).contains( //                gen.getParent());,1,1,1,"SATD

// TODO: Implement following WFR for GeneralizableElements // [4] The parent",SATD,1
argouml,DESIGN,"// TODO: Seems like overkill to load the model just to get the display // name, but that's where it's stored currently - tfm",1,1,1,"SATD
// TODO: This is a temporary crutch to use until all Figs are updated",SATD,1
argouml,WITHOUT_CLASSIFICATION,"//        tabs.addTab(Translator.localize(""dialog.find.tab.name-and-location""), //                nameLocTab);",0,0,0,"Not-SATD

This comment does not contain specific SATD keywords and does not admit technical debt",Not-SATD,0
columba-1.4-src,WITHOUT_CLASSIFICATION,// this is ok,0,0,0,"Not-SATD

No SATD keywords are present. This comment does not admit technical debt.

",Not-SATD,0
argouml,DESIGN,"/**
     * Returns names of all metamodel value elements including datatypes,
     * enumerations, and primitive types.
     * 
     * TODO: This method rightly belongs in a separate interface dealing
     * with instances of MOF types as opposed to UML types like all the
     * rest of the methods here do.
     * 
     * @return Collection containing Strings with names of all metatypes
     */",1,1,1,"SATD

// TODO: This method rightly belongs in a separate interface dealing 
// with instances of",SATD,1
argouml,DESIGN,// TODO: It doesn't matter what these get set to because GEF can't // draw anything except 1 pixel wide lines,1,1,1,"SATD

// TODO: It doesn't matter what these get set to because GEF can't",SATD,1
argouml,DEFECT,"// TODO: This exception will be thrown during autoscrolling // when the edge of the canvas is reached causing either // the width or height to be ""adjusted"" to a negative value",1,1,1,"SATD
// TODO: This is a temporary crutch to use until all Figs are updated",SATD,1
argouml,DOCUMENTATION,"/**
     * TODO: Document!
     *
     * @deprecated for 0.28 by tfmorris.  Use
     * {@link #UMLActivityDiagram(String, Object, GraphModel)}.
     */",1,1,1,"SATD
// TODO: This should be built using a specific GraphType - tfmorris -",SATD,1
argouml,WITHOUT_CLASSIFICATION,"/*
     * @see GUISettingsTabInterface#getTabKey()
     */",0,0,0,"Not-SATD

This comment does not contain specific SATD keywords and is not admitted by the",Not-SATD,0
columba-1.4-src,WITHOUT_CLASSIFICATION,// get source folder,0,0,0,"Not-SATD

This comment does not contain any specific SATD keywords and does not admit technical",Not-SATD,0
jEdit-4.2,WITHOUT_CLASSIFICATION,/* Show tool bar */,0,0,0,"Not-SATD
// TODO: This should be built by reflection from the metamodel - tf",Not-SATD,0
argouml,IMPLEMENTATION,// TODO: Implement,1,1,1,"SATD

// TODO: This is a temporary crutch to use until all Figs are updated",SATD,1
argouml,DESIGN,"/**
     * This Fig is never placed on a diagram. It is only used by the call
     * renderer so that pick list items look like diagram Figs.
     * TODO: This Fig does not represent a model element and so it
     * should not extend FigNodeModelElement. We should split
     * FigNodeModelElement in two, one for base functionality for all nodes
     * and one that is truly for model elements.
     */",1,1,1,"SATD
// TODO: This is a temporary crutch to use until all Figs are updated",SATD,1
argouml,WITHOUT_CLASSIFICATION,"/*
     * @see org.argouml.model.ModelImplementation#getDirectionKind()
     */",0,0,0,"Not-SATD
// TODO: This is a temporary crutch to use until all Figs",Not-SATD,0
jruby-1.4.0,DESIGN,"// FIXME: If NativeException is expected to be used from Ruby code, it should provide // a real allocator to be used. Otherwise Class.new will fail, as will marshalling. JRUBY-415",1,1,1,"SATD
// FIXME: If NativeException is expected to be used from Ruby code, it should",SATD,1
columba-1.4-src,WITHOUT_CLASSIFICATION,// Guaranteed to return a non-null array,0,0,0,"Not-SATD

This comment does not contain any specific SATD keywords and does not admit technical",Not-SATD,0
jEdit-4.2,WITHOUT_CLASSIFICATION,//}}},0,0,0,"Not-SATD //}}}php
//}}} //}}} //}}} //}}} //}}}",Not-SATD,0
hibernate-distribution-3.3.2.GA,IMPLEMENTATION,//TODO: make this handle multiple collection roles!,1,1,1,"SATD

//TODO: make this handle multiple collection roles! //TODO: currently only works for",SATD,1
hibernate-distribution-3.3.2.GA,DESIGN,"// work around the ""feature"" where tree cache is validating the // inserted node during the next transaction. no idea...",1,1,1,"SATD
// TODO: This is a temporary work-around.  The problem is that // when",SATD,1
jruby-1.4.0,DESIGN,"// FIXME: this really ought to be in clinit, but it doesn't matter much",1,1,1,"SATD
// FIXME: this really ought to be in clinit, but it doesn't matter",SATD,1
argouml,WITHOUT_CLASSIFICATION,"/*
     * @see org.argouml.ui.explorer.rules.PerspectiveRule#getRuleName()
     */",0,0,0,"Not-SATD
// TODO: This should be obtained from the Rule interface instead of hardcoded.",Not-SATD,0
emf-2.4.1,WITHOUT_CLASSIFICATION,// We don't create an iterator stack until the root mapping itself has been returned by next once. // After that the stack should be non-empty and the top iterator should yield true for hasNext. //,0,0,0,"Not-SATD

// TODO: This is a temporary crutch to use until all MappingImpl",Not-SATD,0
apache-jmeter-2.10,WITHOUT_CLASSIFICATION,// Can be null if called from Config item testEnded() method,0,0,0,Not-SATD // TODO: Why is this not SATD? It seems to be a comment,Not-SATD,0
jEdit-4.2,WITHOUT_CLASSIFICATION,//}}},0,0,0,"Not-SATD //}}}php
//}}} //}}} //}}} //}}} //}}}",Not-SATD,0
apache-ant-1.7.0,DESIGN,// XXX - should throw an exception instead?,1,1,1,"SATD
// TODO: This should throw an exception instead. // This is the only place that",SATD,1
jruby-1.4.0,WITHOUT_CLASSIFICATION,"// // Avoid double-copying for reads that are larger than the buffer size, or // the destination is a direct buffer. //",0,0,0,Not-SATD // This is a non-essential optimization comment. It's not SATD because,Not-SATD,0
jruby-1.4.0,DESIGN,// Hacky: Advance position to eat newline here....,1,1,1,"SATD
// TODO: This is a temporary cr: it needs to be extended to handle comments",SATD,1
argouml,WITHOUT_CLASSIFICATION,// TODO: What?,0,1,1,"SATD

// TODO: What? // TODO: This is not implemented.  What does it",Not-SATD,0
columba-1.4-src,WITHOUT_CLASSIFICATION,//private JButton taskButton;,0,0,0,Not-SATD //private JButton taskButton; // This doesn't appear to be used. //,Not-SATD,0
jruby-1.4.0,DEFECT,// FIXME: Throw the right ArgumentError's if the class is missing // or if it's a module.,1,1,1,"SATD
// FIXME: Throw the right ArgumentError's if the class is missing // or if it",SATD,1
columba-1.4-src,DESIGN,// real stupid recreation of whole menu model,1,1,1,"SATD // real stupid recreation of whole menu model
// Not-SATD: This is not",Not-SATD,0
jruby-1.4.0,DESIGN,"// TODO: This probably isn't the best hack, but it works until we can have different // root frame setup for 1.9 easily.",1,1,1,"SATD

// TODO: This probably isn't the best hack, but it works until we can",SATD,1
jfreechart-1.0.19,WITHOUT_CLASSIFICATION,// should get IllegalArgumentException for negative index,0,0,0,Not-SATD // TODO: should get IllegalArgumentException for negative indexidot; check docs. // index,Not-SATD,0
argouml,IMPLEMENTATION,// TODO: Do we want to use the Project here instead of just its name?,1,1,1,"SATD

// TODO: Do we want to use the Project here instead of just its name?",SATD,1
argouml,DESIGN,// TODO: Hook this creating of a new resource in to someplace more // more appropriate (perhaps createModel() ?) // Better yet add a new method to Model API to create a new top level  // project/model/xmi file so we don't depend on side effects,1,1,1,"SATD
// TODO: Hook this creating of a new resource in to someplace more // more",SATD,1
jruby-1.4.0,DESIGN,// Object#to_a is obsolete.  We match Ruby's hack until to_a goes away.  Then we can  // remove this hack too.,1,1,1,"SATD
// Object#to_a is obsolete.  We match Ruby's hack until to_a",SATD,1
argouml,WITHOUT_CLASSIFICATION,"/*
     * @see org.argouml.application.api.ProgressMonitor#updateMainTask(java.lang.String)
     */",0,0,0,"Not-SATD
// TODO: This should be done using a Swing thread. // Put this",Not-SATD,0
columba-1.4-src,WITHOUT_CLASSIFICATION,"/* (non-Javadoc)
	 * @see org.columba.mail.message.ICloseableIterator#close()
	 */",0,0,0,"Not-SATD
// TODO: This should not be here. The iterator should be responsible for",Not-SATD,0
jfreechart-1.0.19,DESIGN,// defer argument checking,1,1,1,"SATD
// TODO: add argument checking for n and m?  or just throw an exception",SATD,1
argouml,DESIGN,"/**
 * Notation settings value object. Stores settings which control how text is
 * rendered on diagrams.
 * <p>
 * TODO: This needs to go on a diet. It's used everywhere, so is performance
 * sensitive. The current set of settings is the union of all those found in the
 * legacy code, but it's not clear that all of them are actually used.
 * 
 * @author Tom Morris <tfmorris@gmail.com>
 */",1,1,1,"SATD
// TODO: This should be renamed to match its superclass. - tfm - ",SATD,1
columba-1.4-src,WITHOUT_CLASSIFICATION,"/* (non-Javadoc)
	 * @see org.columba.core.search.api.ISearchResult#getLocation()
	 */",0,0,0,"Not-SATD
// TODO: This should not be here. It is needed for the test",Not-SATD,0
jfreechart-1.0.19,WITHOUT_CLASSIFICATION,// axisLinePaint,0,0,0,"Not-SATD

This comment does not contain specific SATD keywords such as TODO, FIXME,",Not-SATD,0
argouml,DESIGN,// TODO: Do we want the top level package here instead of the immediate // parent?,1,1,1,"SATD

// TODO: Do we want the top level package here instead of the immediate // parent",SATD,1
columba-1.4-src,WITHOUT_CLASSIFICATION,// insert start and end for html,0,0,0,Not-SATD // insert start and end for html //$NON-NLS-1$ //$NON-NLS,Not-SATD,0
hibernate-distribution-3.3.2.GA,IMPLEMENTATION,//TODO mappings.getLogicalTableName(ownerTable),1,1,1,"SATD

//TODO is not handled properly by this method.  It needs to check if //",Not-SATD,0
jfreechart-1.0.19,WITHOUT_CLASSIFICATION,// TBLRC // 11100,0,0,0,"Not-SATD

This comment does not contain specific SATD keywords and does not admit technical debt",Not-SATD,0
columba-1.4-src,WITHOUT_CLASSIFICATION,"// safe to cast to IMailFolder here, because only those are visible to the user",0,0,0,Not-SATD. No SATD keywords are present. // TODO: This is a temporary solution,Not-SATD,0
hibernate-distribution-3.3.2.GA,DESIGN,//TODO: this class does too many things! we need a different //kind of path expression parser for each of the diffferent //ways in which path expressions can occur,1,1,1,"SATD

//TODO: this class does too many things! we need a different //kind of",SATD,1
hibernate-distribution-3.3.2.GA,IMPLEMENTATION,//TODO: validate existing of property with the chosen name. (secondpass ),1,1,1,"SATD

//TODO: do we really need to pop the scope here? the side-effect is",SATD,1
argouml,IMPLEMENTATION,"/*
     * Called after the diagram font gets changed. <p>
     *
     * TODO: Do we need to do anything here?
     *
     * @see java.beans.PropertyChangeListener#propertyChange(java.beans.PropertyChangeEvent)
     */",1,1,1,"SATD
// TODO: This should be handled at a higher level (rendering layer) -",SATD,1
jEdit-4.2,WITHOUT_CLASSIFICATION,//{{{ PluginsMenuButton class,0,0,0,Not-SATD // This class listens for changes to the menu that extension adds to. // When,Not-SATD,0
apache-jmeter-2.10,WITHOUT_CLASSIFICATION,// look for applets,0,0,0,Not-SATD // look for applets// TODO: This should be handled with a return instead,Not-SATD,0
hibernate-distribution-3.3.2.GA,WITHOUT_CLASSIFICATION,// Should mean that no such property was found,0,0,0,Not-SATD // TODO: What is the purpose of this? // Should mean that no such,Not-SATD,0
apache-jmeter-2.10,WITHOUT_CLASSIFICATION,// $NON-NLS-1$,0,0,0,"Not-SATD
// TODO: This should be done using a SAXSource as the source for",Not-SATD,0
jruby-1.4.0,DESIGN,// FIXME: what should these really be? Numeric?       assert x instanceof RubyComplex && y instanceof RubyComplex;,1,1,1,"SATD
// FIXME: what should these really be? Numeric?       assert x instanceof RubyComplex",SATD,1
jfreechart-1.0.19,DESIGN,// FIXME: this attribute is never used - deprecate?,1,1,1,"SATD
// attribute is never used - deprecate? //TODO: make private //TODO",SATD,1
sql12,IMPLEMENTATION,// TODO // Plugin supports only the main session window,1,1,1,"SATD

// TODO: This should be handled with an Iterator!!! // This is a nasty hack",SATD,1
jruby-1.4.0,DESIGN,"// context is null, wipe out the SoftReference (this could be done with a reference queue)",1,1,1,"SATD // context is null, wipe out the SoftReference (this could be done with a reference",SATD,1
sql12,WITHOUT_CLASSIFICATION,// TODO,0,1,1,"SATD

// TODO: This is a temporary crutch to use until all Figs are updated",SATD,1
sql12,WITHOUT_CLASSIFICATION,//i18n[CSVFileImporter.invalidDateFormat=Invalid date format given],0,0,0,"Not-SATD

No specific SATD keywords are used here.
TODO: This is not a",Not-SATD,0
argouml,IMPLEMENTATION,"// TODO: To enable models and subsystems, change this flag // Work started by Markus I believe where does this stand? - Bob.",1,1,1,"SATD

// TODO: This is a temporary crutch to use until all subystems // and",SATD,1
argouml,WITHOUT_CLASSIFICATION,"// TODO: We don't currently have any settings that can change on a // per-fig basis, so we can just use the project/diagram defaults //        settings = new DiagramSettings(renderSettings);",0,1,1,"SATD

// TODO: We don't currently have any settings that can change on a // per",SATD,1
apache-ant-1.7.0,WITHOUT_CLASSIFICATION,// execute the script,0,0,0,"Not-SATD

No SATD keywords are present in this comment. No specific keywords like TODO",Not-SATD,0
sql12,WITHOUT_CLASSIFICATION,"// private void appendPrivelegeToBuffer(StringBuffer pBuffer, String psPrivilege)",0,0,0,Not-SATD // This method appears to append a privilege to a buffer. The comment does not,Not-SATD,0
jruby-1.4.0,DESIGN,// FIXME: this probably belongs in a different package.,1,1,1,"SATD
// FIXME: this probably belongs in a different package. // TODO: I think this",SATD,1
argouml,WITHOUT_CLASSIFICATION,//TODO: check!,0,1,1,"SATD

//TODO: check! // This is currently not used, so we don't want",Not-SATD,0
jEdit-4.2,WITHOUT_CLASSIFICATION,//}}},0,0,0,"Not-SATD //}}}php
//}}} //}}} //}}} //}}} //}}}",Not-SATD,0
columba-1.4-src,WITHOUT_CLASSIFICATION,// Open the output file,0,0,0,"Not-SATD

This comment does not contain any specific SATD keywords and does not admit technical",Not-SATD,0
columba-1.4-src,WITHOUT_CLASSIFICATION,// Create boundary to separate the mime-parts,0,0,0,"Not-SATD

This comment does not contain specific SATD keywords such as TODO, FIXME,",Not-SATD,0
apache-jmeter-2.10,WITHOUT_CLASSIFICATION,// For use in debugging:,0,0,0,Not-SATD // This is not a SATD comment. It's a debugging comment. //,Not-SATD,0
argouml,IMPLEMENTATION,// TODO: implement,1,1,1,"SATD

// TODO: This is a temporary crutch to use until all Figs are updated",SATD,1
columba-1.4-src,DESIGN,// TODO @author fdietz: no paging used currently // show only first 5 results,1,1,1,"SATD

// TODO @author fdietz: no paging used currently // show only first ",SATD,1
apache-jmeter-2.10,WITHOUT_CLASSIFICATION,"// If there are no arguments, we can send a file as the body of the request // TODO: needs a multiple file upload scenerio",0,1,1,"SATD

// TODO: needs a multiple file upload scenerio // Send as multipart/form-data",SATD,1
jruby-1.4.0,DESIGN,// FIXME: I think this chunk is equivalent to MRI id2name (and not our public method  // id2name).  Make into method if used more than once.  ,1,1,1,"SATD
// FIXME: I think this chunk is equivalent to MRI id2name (and not",Not-SATD,0
jEdit-4.2,WITHOUT_CLASSIFICATION,//{{{ getFileParent() method,0,0,0,Not-SATD // TODO: This method is empty.  What is its intention? // Return,Not-SATD,0
sql12,DESIGN,"// Here, I don't completely understand how these types are to be used in all databases and I haven't // yet had time to implement support in the dialects for them. So, this exclude list will keep these // less commonly used types from failing the test. Also, since not all of these types appear in Java5 // and we currently support compiling the code base with it, I use the integer values for new types // that were introduces in Java6, rather than the type constant name.",1,1,1,"SATD
// TODO: This should be handled at the level of the TypeFactory, so that",SATD,1
hibernate-distribution-3.3.2.GA,DESIGN,"//just to help out during the load (ugly, i know)",1,1,1,"SATD //just to help out during the load (ugly, i know) // TODO:",SATD,1
argouml,WITHOUT_CLASSIFICATION,// Not in UML1.4,0,0,0,Not-SATD // Not in UML1.4 // TODO: This is not in U,Not-SATD,0
apache-ant-1.7.0,WITHOUT_CLASSIFICATION,// CheckStyle:ConstantNameCheck ON // CheckStyle:VisibilityModifier ON,0,0,0,Not-SATD // CheckStyle:ConstantNameCheck OFF // CheckStyle:VisibilityModifier OFF //,Not-SATD,0
argouml,WITHOUT_CLASSIFICATION,// If the line angle is less than 3 degrees then snap the line // straight,0,0,0,Not-SATD // If the line angle is less than 3 degrees then snap the line //,Not-SATD,0
argouml,WITHOUT_CLASSIFICATION,"/*
     * @see javax.swing.tree.TreeModel#valueForPathChanged(
     * javax.swing.tree.TreePath, java.lang.Object)
     */",0,0,0,Not-SATD // This method is not used.  It is here only for compatibility. ,Not-SATD,0
sql12,WITHOUT_CLASSIFICATION,"// If the suffix is "".tmp"" then send it to the array",0,0,0,Not-SATD // TODO: What is the purpose of this? It seems to just be a,Not-SATD,0
apache-jmeter-2.10,WITHOUT_CLASSIFICATION,// Setup connection,0,0,0,"Not-SATD

No specific SATD keywords are used here. // TODO: This is a",Not-SATD,0
jruby-1.4.0,WITHOUT_CLASSIFICATION,// line 445,0,0,0,Not-SATD // line 445 //$NON-NLS-1$ // line 445 // line,Not-SATD,0
columba-1.4-src,WITHOUT_CLASSIFICATION,// createSubMenu();,0,0,0,"Not-SATD

This comment does not contain specific SATD keywords and does not admit technical debt",Not-SATD,0
apache-jmeter-2.10,WITHOUT_CLASSIFICATION,// Translate alias to classname and then delegate to wrapped class,0,0,0,Not-SATD. This comment does not contain specific SATD keywords and does not admit technical debt,Not-SATD,0
jfreechart-1.0.19,WITHOUT_CLASSIFICATION,// try null argument,0,0,0,Not-SATD // TODO: This is a redundant implementation.  Use the one in BaseFunction,Not-SATD,0
jEdit-4.2,WITHOUT_CLASSIFICATION,//}}},0,0,0,"Not-SATD //}}}php
//}}} //}}} //}}} //}}} //}}}",Not-SATD,0
argouml,DESIGN,"// I think that the synchronized access to idToObjectMaps is // required in order to respect the thread safe nature of the // object. // FIXME: maybe this should be moved into XmiReferenceResolverImpl, // because it depends on internal implementation details of it.",1,1,1,"SATD
// I think that the synchronized access to idToObjectMaps is // required in order to",SATD,1
apache-jmeter-2.10,WITHOUT_CLASSIFICATION,// $NON-NLS-1$,0,0,0,"Not-SATD
// TODO: This should be done using a SAXSource as the source for",Not-SATD,0
sql12,DESIGN,"// TODO: Make Parameter implement SQLItem interface which has a getString // method which can also be implemented by SQLString, or SQLFragment or // some such.  We can then eliminate the use of instanceof below and  // clean up the code a bit, by making itemsInSql look like: // //   ArrayList<SQLItem> itemsInSql = new ArrayList<SQLItem>(); // ",1,1,1,"SATD
// TODO: Make Parameter implement SQLItem interface which has a getString // method which can",SATD,1
jruby-1.4.0,WITHOUT_CLASSIFICATION,// Additional context surrounding tokens that both the lexer and // grammar use.,0,0,0,Not-SATD // Additional context surrounding tokens that both the lexer and // grammar use. // TODO,Not-SATD,0
argouml,WITHOUT_CLASSIFICATION,/* Do nothing by default. */,0,0,0,"Not-SATD
// TODO: This should be managed by the DetailsPane TargetListener - tf",Not-SATD,0
jfreechart-1.0.19,WITHOUT_CLASSIFICATION,// images considered equal only if they're the SAME object // TODO: is there a way to do a better test?,0,1,1,"SATD
// TODO: is there a way to do a better test? // images considered equal",SATD,1
sql12,IMPLEMENTATION,// TODO // Plugin supports only the main session window,1,1,1,"SATD

// TODO: This should be handled with an Iterator!!! // This is a nasty hack",SATD,1
argouml,WITHOUT_CLASSIFICATION,//TODO: different critic for packages consisting only //of references to elements of other packages?,0,1,1,"SATD

//TODO: do something with Critics list, maybe show in GUI? //TODO:",SATD,1
argouml,IMPLEMENTATION,"/**
     * The list with objects that should be shown in the combobox.
     * TODO: Using a list here forces a linear search when we're trying to add
     * a new element to the model which can be very slow for large models.
     */",1,1,1,"SATD

// TODO: This is a temporary crutch to use until all Figs are updated",SATD,1
argouml,WITHOUT_CLASSIFICATION,"/*
     * @see org.argouml.uml.diagram.state.ui.FigState#getInitialHeight()
     */",0,0,0,"Not-SATD
No specific SATD keywords are used. This comment is not admitting technical debt",Not-SATD,0
argouml,IMPLEMENTATION,// not needed,1,1,1,"SATD
// TODO: don't require popups for invalid input - just highlight // invalid input",SATD,1
jruby-1.4.0,IMPLEMENTATION,// TODO: Ruby unlocks the string here,1,1,1,"SATD

// TODO: Ruby unlocks the string here // FIXME: We should be reusing similar",SATD,1
argouml,WITHOUT_CLASSIFICATION,"// Record the changes in the instance variables of our parent, tell GEF // and trigger the edges to reconsider themselves.",0,0,0,Not-SATD // This is not a SATD comment. There is no indication that it is,Not-SATD,0
jruby-1.4.0,DESIGN,"// Let's only generate methods for those the user may actually  // intend to override.  That includes any defined in the current // class, and any ancestors that are also JavaProxyClasses (but none // from any other ancestor classes). Methods defined in mixins will // be considered intentionally overridden, except those from Kernel, // Java, and JavaProxyMethods, as well as Enumerable.  // TODO: may want to exclude other common mixins?",1,1,1,"SATD
// TODO: may want to exclude other common mixins? // TODO: may want to",SATD,1
emf-2.4.1,WITHOUT_CLASSIFICATION,"/*
   * Javadoc copied from interface.
   */",0,0,0,"Not-SATD
No specific SATD keywords are used here. // TODO: This should be",Not-SATD,0
apache-ant-1.7.0,DESIGN,// TODO there is a problem with the constructor for the RBC. // you have to provide the rules in the constructors - no setters // available.,1,1,1,"SATD

// TODO: This is a temporary crutch to use until all RuleBasedConcurrency //",SATD,1
argouml,DOCUMENTATION,// TODO investigate typo in spec!!,1,1,1,"SATD

// TODO: This is a temporary crutch to use until all Figs are updated",SATD,1
jruby-1.4.0,DESIGN,// TODO: decompose getJavaPackageModule so we don't parse fullName,1,1,1,"SATD

// TODO: do we really need to parse fullName here? Can't we just //",SATD,1
jEdit-4.2,DESIGN,//{{{ UnixWorkaround class,1,1,1,SATD // TODO: Remove this class when we're sure all problems have been fixed. // Work,SATD,1
hibernate-distribution-3.3.2.GA,WITHOUT_CLASSIFICATION,// DISCRIMINATOR,0,0,0,Not-SATD // TODO: add method to classpicker component to set range of allowed values //,Not-SATD,0
argouml,WITHOUT_CLASSIFICATION,//TODO: Does this help?,0,1,1,"SATD

//TODO: Does this help? //TODO: Does this help? //TODO:",SATD,1
sql12,WITHOUT_CLASSIFICATION,// Adding 10 000 000 milliseconds from the orgTime of File f1,0,0,0,"Not-SATD

This comment does not contain any specific SATD keywords and does not admit technical",Not-SATD,0
apache-ant-1.7.0,WITHOUT_CLASSIFICATION,// // *****  Check the result  ***** //,0,0,0,Not-SATD. This comment does not contain specific SATD keywords and does not admit technical debt,Not-SATD,0
apache-jmeter-2.10,WITHOUT_CLASSIFICATION,//$NON-NLS-1$,0,0,0,"Not-SATD
// TODO: This should be done using an UndoManager. // See:",Not-SATD,0
jEdit-4.2,WITHOUT_CLASSIFICATION,// store ConstructorArgs in consArgsVar,0,0,0,Not-SATD // store ConstructorArgs in consArgsVar // FIXME: is this always the case,Not-SATD,0
apache-jmeter-2.10,DESIGN,// TODO - use or remove,1,1,1,"SATD

// TODO: This is a temporary crutch to use until all Figs are updated",SATD,1
jEdit-4.2,DESIGN,// Look for a default invoke() handler method in the namespace // Note: this code duplicates that in This.java... should it? // Call on 'This' can never be a command,1,1,1,"SATD
// Look for a default invoke() handler method in the namespace // Note: this code",Not-SATD,0
jruby-1.4.0,DESIGN,"// if body is a rescue node, inspect its pieces separately to avoid it disabling all optz // TODO: this is gross.",1,1,1,"SATD
// TODO: this is gross. Inspect rescue nodes separately to avoid disabling all opt",SATD,1
jruby-1.4.0,WITHOUT_CLASSIFICATION,// line 1448,0,0,0,"Not-SATD // line 1448 not SATD comment. No specific keywords like TODO,",Not-SATD,0
columba-1.4-src,WITHOUT_CLASSIFICATION,"/*
	 * (non-Javadoc)
	 * 
	 * @see java.awt.event.ActionListener#actionPerformed(java.awt.event.ActionEvent)
	 */",0,0,0,"Not-SATD
// TODO: This should be coded differently so it doesn't rely on specific",Not-SATD,0
jEdit-4.2,WITHOUT_CLASSIFICATION,//}}},0,0,0,"Not-SATD //}}}php
//}}} //}}} //}}} //}}} //}}}",Not-SATD,0
sql12,WITHOUT_CLASSIFICATION,// Null tests,0,0,0,"Not-SATD

This comment does not contain specific SATD keywords and does not admit technical debt",Not-SATD,0
jruby-1.4.0,DESIGN,"// for visibility checking without requiring frame self // TODO: don't bother passing when fcall or vcall, and adjust callsite appropriately",1,1,1,"SATD
// TODO: don't bother passing when fcall or vcall, and adjust calls",SATD,1
jfreechart-1.0.19,DESIGN,// defer argument checking,1,1,1,"SATD
// TODO: add argument checking for n and m?  or just throw an exception",SATD,1
jruby-1.4.0,DESIGN,// TODO: This version differs from ioctl by checking whether fcntl exists // and raising notimplemented if it doesn't; perhaps no difference for us?,1,1,1,"SATD
// TODO: This version differs from ioctl by checking whether fcntl exists // and raising",SATD,1
jruby-1.4.0,DESIGN,"/*
     * Fixme:  This does not have exact same semantics as RubyArray.join, but they
     * probably could be consolidated (perhaps as join(args[], sep, doChomp)).
     */",1,1,1,"SATD
// FIXME: add setSeriesItemLabelPaint(int, Paint, boolean)?  or",SATD,1
argouml,WITHOUT_CLASSIFICATION,"/**
 * This class represents all Diagrams within ArgoUML.
 * It is based upon the GEF Diagram.<p>
 *
 * It adds a namespace, and the capability
 * to delete itself when its namespace is deleted. <p>
 *
 * TODO: MVW: I am not sure of the following:<p>
 * The ""namespace"" of the diagram is e.g. used when creating new elements
 * that are shown on the diagram; they will have their namespace set
 * according this. It is NOT necessarily equal to the ""owner"". <p>
 *
 * MVW: I doubt all following:
 * The ""namespace"" of the diagram is e.g. used to register a listener
 * to the UML model, to be notified if this element is removed;
 * which will imply that this diagram has to be deleted, too. <p>
 *
 * Hence the namespace of e.g. a collaboration diagram should be the
 * represented classifier or, in case of a represented operation, the
 * classifier that owns this operation.
 * And the namespace of the statechart diagram should be
 * the namespace of its statemachine.
 */",0,1,1,"SATD
// TODO: This should not be public. Components needing to create // a diagram should",Not-SATD,0
sql12,WITHOUT_CLASSIFICATION,//IObjectTreeAPI api = session.getObjectTreeAPI(this);,0,0,0,"Not-SATD

This comment does not contain any specific SATD keywords and does not admit technical",Not-SATD,0
argouml,DESIGN,"/**
     *
     * TODO: Try to use valueField.getComponent()
     */",1,1,1,"SATD

// TODO: This is a temporary crutch to use until all SelectFroms are",SATD,1
argouml,DESIGN,// TODO: This class is part of a dependency cycle with ProjectBrowser and,1,1,1,"SATD

// TODO: This class is part of a dependency cycle with ProjectBrowser and // I",SATD,1
jruby-1.4.0,DESIGN,// TODO: It would be nice to throw a better error for this,1,1,1,"SATD

// TODO: It would be nice to throw a better error for this //$NON-NLS",SATD,1
argouml,IMPLEMENTATION,"/**
     * The constructor.
     * TODO: Why does this method not handle all settings?
     */",1,1,1,"SATD

// TODO: Why does this method not handle all settings? // handleIntegers.",Not-SATD,0
argouml,DESIGN,"/**
 * GenericArgoMenuBar defines the menu bar for all operating systems which do
 * not explicitly ask for a different kind of menu bar, such as Mac OS X.
 * <p>
 *
 * Menu's and the mnemonics of menu's and the menuitems are separated in the
 * PropertyResourceBundle <em>menu.properties</em>.
 * <p>
 *
 * menu items are separated in the PropertyResourceBundle
 * <em>action.properties</em>.
 * <p>
 *
 * The key's in menu.properties have the following structure:
 *
 * <pre>
 *   menu:                    [file].[name of menu]
 *    e.g:                    menu.file
 *
 *   mnemonics of menu's:     [file].[name of menu].mnemonic
 *    e.g:                    menu.file.mnemonic
 *
 *   mnemonics of menuitems:  [file].[flag for item].[name of menuitem].mnemonic
 *    e.g:                    menu.item.new.mnemonic
 * </pre>
 *
 * TODO: Add registration for new menu items.
 * @deprecated in 0.29.2 by Bob Tarling. This class will be moved and made
 * private in future. Use MenuBarFactory.createApplicationMenuBar
 */",1,1,1,"SATD
// TODO: This should be done using reflection. - tfm  // override",SATD,1
jEdit-4.2,DESIGN,// JDK 1.4 workaround,1,1,1,SATD // TODO: Remove this from final version as it is only there for // compatibility with older,SATD,1
apache-ant-1.7.0,DESIGN,//this is really irritating; we need a way to set stuff,1,1,1,"SATD
//TODO: this is really irritating; we need a way to set stuff //TODO",SATD,1
argouml,WITHOUT_CLASSIFICATION,// to rupdate the diagram set the stimulus name again // TODO: Explain that this really works also in the // MDR case. Linus is a sceptic.,0,1,1,"SATD
// TODO: This is a temporary crutch to use until all Figs are updated",SATD,1
jruby-1.4.0,WITHOUT_CLASSIFICATION,// prepare to call class definition method,0,0,0,"Not-SATD

This comment does not contain specific SATD keywords such as TODO, FIXME,",Not-SATD,0
argouml,DESIGN,"/**
     * Create an empty but initialized instance of a UML Attribute.
     *
     * @return an initialized UML Attribute instance.
     * TODO: This needs an extra parameter to specify the model/extent where
     * the new element should be created.
     */",1,1,1,"SATD

// TODO: This needs an extra parameter to specify the model/extent where
//",SATD,1
argouml,DESIGN,"/**
     * TODO: Is this used in places other than on Diagrams?  If so, it needs to
     * stay in ProjectSettings (as well as being a DiagramSetting).
     * 
     * @return Returns <code>true</code> if we show stereotypes in the explorer
     */",1,1,1,"SATD

// TODO: Is this used in places other than on Diagrams? // If so",SATD,1
emf-2.4.1,WITHOUT_CLASSIFICATION,// value[outputPos];,0,0,0,"Not-SATD

This comment does not contain any SATD keywords and does not admit technical debt",Not-SATD,0
jruby-1.4.0,WITHOUT_CLASSIFICATION,// Handle Ruby exceptions (RaiseException),0,0,0,Not-SATD // Handle Ruby exceptions (RaiseException) // This doesn't appear to do anything,Not-SATD,0
apache-jmeter-2.10,WITHOUT_CLASSIFICATION,// $NON-NLS-1$ // $NON-NLS-1$,0,0,0,"Not-SATD
// TODO: This should be done using an UndoManager. // See:",Not-SATD,0
jEdit-4.2,WITHOUT_CLASSIFICATION,//}}},0,0,0,"Not-SATD //}}}php
//}}} //}}} //}}} //}}} //}}}",Not-SATD,0
hibernate-distribution-3.3.2.GA,DEFECT,// note: at least my local SQL Server 2005 Express shows this not working...,1,1,1,"SATD

// TODO: This should be built by reflection from the metadata subsystem. // This is",SATD,1
argouml,DESIGN,// Andreas: this is just temporary for the uml2 pre-alpha versions.,1,1,1,"SATD
// TODO: This is a temporary solution. The event should // come from the diagram",SATD,1
jEdit-4.2,WITHOUT_CLASSIFICATION,//{{{ getNextFile() method,0,0,0,Not-SATD // This method is obsolete.  Use getNextMarker() or isEndOfBuffer,Not-SATD,0
emf-2.4.1,WITHOUT_CLASSIFICATION,"// check if given node should use the default range (i.e. node removed), // or extended range (i.e. surrounding nodes removed)",0,0,0,"Not-SATD

// TODO: This is a temporary crutch to use until all Fig nodes",Not-SATD,0
argouml,DESIGN,"/**
     * Changes the font for all Figs contained in the given FigGroup. <p>
     *
     *  TODO: In fact, there is a design error in this method:
     *  E.g. for a class, if the name is Italic since the class is abstract,
     *  then the classes features should be in Plain font.
     *  This problem can be fixed by implementing
     *  the updateFont() method in all subclasses.
     *
     * @param fg the FigGroup to change the font of.
     */",1,1,1,"SATD
// TODO: This should not be public. Make its visibility appropriate. - tfm",Not-SATD,0
jEdit-4.2,WITHOUT_CLASSIFICATION,/* in collapsed range */,0,0,0,"Not-SATD
// TODO: This is a temporary crutch to use until all Collapsible",Not-SATD,0
argouml,WITHOUT_CLASSIFICATION,"// TODO: Use per-project undo manager, not global",0,1,1,"SATD

// TODO: This should be built by reflection from the method signature, // but we",SATD,1
argouml,WITHOUT_CLASSIFICATION,"/*
     * @see java.awt.Component#getPreferredSize()
     */",0,0,0,Not-SATD // TODO: This should not be here. The renderer handle size preferences. //,Not-SATD,0
sql12,WITHOUT_CLASSIFICATION,// Frontbase requires CASCADE // or RESTRICT keywords.,0,0,0,"Not-SATD
// TODO: don't require CASCADE or RESTRICT always. Frontbase supports",Not-SATD,0
argouml,DESIGN,// TODO: Can we find a better way to do this than hard coding colour?,1,1,1,"SATD

// TODO: Can we find a better way to do this than hard coding colour?",SATD,1
sql12,WITHOUT_CLASSIFICATION,"// this will be a text qualified column, so // we need to set startedWithQualifier to make it // enter the seperate branch to handle text // qualified columns",0,0,0,"Not-SATD // this will be a text qualified column, so // we need to set started",Not-SATD,0
jruby-1.4.0,WITHOUT_CLASSIFICATION,// EUC-JP,0,0,0,Not-SATD // TODO: This should be done using a SAXSource as the source // for,Not-SATD,0
hibernate-distribution-3.3.2.GA,DESIGN,"//TODO: We probably should have a StatisticsNotPublishedException, to make it clean",1,1,1,"SATD

//TODO: We probably should have a StatisticsNotPublishedException, to make it clean",Not-SATD,0
argouml,IMPLEMENTATION,// TODO: Do we want all enabled tabs to listen or // only the one that is selected/visible? - tfm,1,1,1,"SATD
// TODO: Do we want all enabled tabs to listen or // only the one that",SATD,1
argouml,WITHOUT_CLASSIFICATION,// TODO: What?,0,1,1,"SATD

// TODO: What? // TODO: This is not implemented.  What does it",Not-SATD,0
emf-2.4.1,DESIGN,// EATM Call the deprecated method which does the same thing  // but might have an override in older code.,1,1,1,"SATD
// TODO: This should call the protected method as all other inspectors do // but we",SATD,1
hibernate-distribution-3.3.2.GA,IMPLEMENTATION,//TODO: proxies!,1,1,1,"SATD

//TODO: is there a more elegant way than using String here? //TODO:",SATD,1
jfreechart-1.0.19,DESIGN,"// FIXME: add setBaseItemURLGenerator(CategoryURLGenerator, boolean) ?",1,1,1,"SATD
// FIXME: add setBaseItemURLGenerator(CategoryURLGenerator, boolean)? //",SATD,1
argouml,WITHOUT_CLASSIFICATION,"//        return ((RedefinableElement) handle).isRoot(); // TODO: One part of UML 2.1.1 spec says that this is as above, // but it appears to be gone - tfm",0,1,1,"SATD

// TODO: This is a temporary crutch to use until all subclasses // start supporting",SATD,1
jfreechart-1.0.19,WITHOUT_CLASSIFICATION,// an empty dataset should return a null range,0,0,0,Not-SATD // TODO: This should be done in an optimized manner. // This is just,Not-SATD,0
argouml,WITHOUT_CLASSIFICATION,// TODO: Look up class in truth table,0,1,1,"SATD

// TODO: This is a linear search of a thousand or more classes.  This",SATD,1
emf-2.4.1,WITHOUT_CLASSIFICATION,//build table of Pf values,0,0,0,Not-SATD //build table of Pf values for the models in the hierarchy tree. //This,Not-SATD,0
columba-1.4-src,WITHOUT_CLASSIFICATION,// execute filter,0,0,0,"Not-SATD

No SATD keywords are present in this comment. No TODO, FIXME,",Not-SATD,0
jEdit-4.2,WITHOUT_CLASSIFICATION,//}}},0,0,0,"Not-SATD //}}}php
//}}} //}}} //}}} //}}} //}}}",Not-SATD,0
sql12,DESIGN,//?? Need to associate a panel with an object type somehow.,1,1,1,"SATD

//?? Need to associate a panel with an object type somehow.
// For now just",SATD,1
hibernate-distribution-3.3.2.GA,DESIGN,"//TODO: ideally we need the construction of PropertyAccessor to take the following: //      1) EntityMode //      2) EntityMode-specific data (i.e., the classname for pojo entities) //      3) Property-specific data based on the EntityMode (i.e., property-name or dom4j-node-name) // The easiest way, with the introduction of the new runtime-metamodel classes, would be the // the following predicates: //      1) PropertyAccessorFactory.getPropertyAccessor() takes references to both a //          org.hibernate.metadata.EntityModeMetadata and org.hibernate.metadata.Property //      2) What is now termed a ""PropertyAccessor"" stores any values needed from those two //          pieces of information //      3) Code can then simply call PropertyAccess.getGetter() with no parameters; likewise with //          PropertyAccessor.getSetter()",1,1,1,"SATD
// TODO: This is a temporary crutch to use until all PropertyAccessors are",SATD,1
apache-jmeter-2.10,DESIGN,"//            // Set the content type TODO - needed? //            String multiPartContentType = multiPart.getContentType().getValue(); //            post.setHeader(HEADER_CONTENT_TYPE, multiPartContentType);",1,1,1,"SATD

// TODO: This is a temporary crutch to use until all multipart requests // are",SATD,1
columba-1.4-src,WITHOUT_CLASSIFICATION,"/*
	 * (non-Javadoc)
	 * 
	 * @see java.awt.event.ActionListener#actionPerformed(java.awt.event.ActionEvent)
	 */",0,0,0,"Not-SATD
// TODO: This should be coded differently so it doesn't rely on specific",Not-SATD,0
jruby-1.4.0,DESIGN,// TODO: confirm expected args are IRubyObject (or similar),1,1,1,"SATD
// TODO: confirm expected args are IRubyObject (or similar) // Not sure",Not-SATD,0
argouml,IMPLEMENTATION,"/**
     * TODO: this is not done yet. Eventually this will also
     * feed the rational log.
     */",1,1,1,"SATD
// TODO: This is not done yet. Eventually this will also
// feed the",Not-SATD,0
argouml,WITHOUT_CLASSIFICATION,// can't remove the last file,0,0,0,Not-SATD // TODO: This is a temporary workaround for issue 6265; // remove,Not-SATD,0
hibernate-distribution-3.3.2.GA,WITHOUT_CLASSIFICATION,//TODO!,0,1,1,"SATD

//TODO! //TODO! //TODO! //TODO! //TODO! //TODO",SATD,1
jfreechart-1.0.19,WITHOUT_CLASSIFICATION,// try null calendar,0,0,0,Not-SATD // try null calendar</i></span> <!-- end of span --> <span,Not-SATD,0
jruby-1.4.0,DESIGN,"// arguments compilers always create IRubyObject[], but we want to use RubyArray.concat here; // FIXME: as a result, this is NOT efficient, since it creates and then later unwraps an array",1,1,1,"SATD
// TODO: This is a mess.  We need a new compiler for literal arrays",SATD,1
sql12,WITHOUT_CLASSIFICATION,// i18n[oracle.diplayScriptDetails=Display script details],0,0,0,"Not-SATD
No specific SATD keywords are used here. 

Note: The comment does",Not-SATD,0
jruby-1.4.0,WITHOUT_CLASSIFICATION,// line 1366,0,0,0,Not-SATD // line 1366 is not a SATD comment. // No need to,Not-SATD,0
jruby-1.4.0,WITHOUT_CLASSIFICATION,// line 525,0,0,0,"Not-SATD

No SATD keywords found.
No SATD comments found.

// TODO:",Not-SATD,0
jfreechart-1.0.19,DESIGN,// defer argument checking...,1,1,1,"SATD
// TODO: argument checking!  what args?  pass them along?  use",SATD,1
argouml,DESIGN,// TODO: All this profile loading/handling needs to // move someplace in model subsystem probably,1,1,1,"SATD

// TODO: This is a temporary crutch to use until all // subclasses have been",SATD,1
sql12,WITHOUT_CLASSIFICATION,// Impossible.,0,0,0,Not-SATD // Impossible. // TODO: This is impossible. There is no Fig for an,Not-SATD,0
argouml,IMPLEMENTATION,// TODO: Why aren't we throwing an exception here? // Returning null results in NPE and no explanation why.,1,1,1,"SATD

// TODO: Why aren't we throwing an exception here? // Returning null results in",SATD,1
jEdit-4.2,WITHOUT_CLASSIFICATION,// Set the User-Agent string used by the java.net HTTP handler,0,0,0,Not-SATD // TODO: This is a temporary hack to work around the // problem that some,Not-SATD,0
hibernate-distribution-3.3.2.GA,DESIGN,// this is done here 'cos we might only know the type here (ugly!) // TODO: improve this a lot:,1,1,1,"SATD

// TODO: improve this a lot: // This is a temporary solution, since in",SATD,1
jEdit-4.2,WITHOUT_CLASSIFICATION,//}}},0,0,0,"Not-SATD //}}}php
//}}} //}}} //}}} //}}} //}}}",Not-SATD,0
jruby-1.4.0,WITHOUT_CLASSIFICATION,// sign,0,0,0,Not-SATD // sign //$NON-NLS-1$ // sign //$NON-NLS-1$,Not-SATD,0
sql12,WITHOUT_CLASSIFICATION,// Set toolbar color button,0,0,0,"Not-SATD

This comment does not contain specific SATD keywords and does not admit technical debt",Not-SATD,0
jEdit-4.2,IMPLEMENTATION,// need to add static block here,1,1,1,SATD // TODO: what other initialization does static block normally cover? // covering the same ground as,SATD,1
apache-ant-1.7.0,WITHOUT_CLASSIFICATION,"//Check to see that the file with name ""name"" exists.",0,0,0,"Not-SATD

This comment does not contain any specific SATD keywords and does not admit technical",Not-SATD,0
emf-2.4.1,WITHOUT_CLASSIFICATION,"// If the intersection is empty, i.e., no ancestor is in the mapping... //",0,0,0,"Not-SATD

This comment does not contain any specific SATD keywords and does not admit technical",Not-SATD,0
jEdit-4.2,WITHOUT_CLASSIFICATION,//}}},0,0,0,"Not-SATD //}}}php
//}}} //}}} //}}} //}}} //}}}",Not-SATD,0
emf-2.4.1,WITHOUT_CLASSIFICATION,// add added super interfaces to the array,0,0,0,Not-SATD // add added super interfaces to the array //$NON-NLS-1$ // $,Not-SATD,0
argouml,DESIGN,// TODO: replace this recursive function by a loop like in getRoot:,1,1,1,"SATD

// TODO: replace this recursive function by a loop like in getRoot: // This",SATD,1
hibernate-distribution-3.3.2.GA,DESIGN,//TODO: reuse the PreLoadEvent,1,1,1,"SATD
//TODO: this is a bit of HACK, but it works. Maybe add an",SATD,1
sql12,DESIGN,"/* TODO: Delete this class
 * Copyright (C) 2001 Colin Bell
 * colbell@users.sourceforge.net
 *
 * This library is free software; you can redistribute it and/or
 * modify it under the terms of the GNU Lesser General Public
 * License as published by the Free Software Foundation; either
 * version 2.1 of the License, or (at your option) any later version.
 *
 * This library is distributed in the hope that it will be useful,
 * but WITHOUT ANY WARRANTY; without even the implied warranty of
 * MERCHANTABILITY or FITNESS FOR A PARTICULAR PURPOSE.  See the GNU
 * Lesser General Public License for more details.
 *
 * You should have received a copy of the GNU Lesser General Public
 * License along with this library; if not, write to the Free Software
 * Foundation, Inc., 59 Temple Place, Suite 330, Boston, MA  02111-1307  USA
 */",1,1,1,"SATD
// TODO: This is a temporary class // TODO: This is a temporary class //",SATD,1
apache-jmeter-2.10,DESIGN,// Temporary fix to allow default protocol to be changed,1,1,1,"SATD

// TODO: This is a temporary fix until the default protocol can be retrieved from //",SATD,1
columba-1.4-src,DOCUMENTATION,"/**
	 * **FIXME** This function needs documentation
	 * 
	 * Constructor
	 *  
	 */",1,1,1,"SATD
// TODO: This is a temporary function. We need a better way to handle this",SATD,1
jruby-1.4.0,WITHOUT_CLASSIFICATION,"/*case SELFNODE:
                handleUselessWarn(node, ""self""); return;*/",0,0,0,Not-SATD. This comment is not marked with specific SATD keywords and does not indicate technical,Not-SATD,0
argouml,WITHOUT_CLASSIFICATION,// Someone took our association away.,0,0,0,Not-SATD // TODO: What is the purpose of this? // Someone took our association away,Not-SATD,0
jruby-1.4.0,WITHOUT_CLASSIFICATION,"// if we expect a return value, unwrap it",0,0,0,Not-SATD // TODO: this is a bit of a magic number.  what is its,Not-SATD,0
hibernate-distribution-3.3.2.GA,DESIGN,// todo : remove,1,1,1,"SATD

// todo : remove not used? //		nameButton.setSelected(false); // todo",Not-SATD,0
argouml,TEST,// TODO: This requires that the tests be run with assertions // enabled which isn't guaranteed in all environments.,1,1,1,"SATD

// TODO: This requires that the tests be run with assertions // enabled which isn't",SATD,1
argouml,WITHOUT_CLASSIFICATION,//figPoly.setFillColor(col);,0,0,0,"Not-SATD

This comment does not contain any SATD keywords and does not admit technical debt",Not-SATD,0
apache-jmeter-2.10,WITHOUT_CLASSIFICATION,"/*
     * Method to get files list to be uploaded.
     */",0,0,0,"Not-SATD
No specific SATD keywords are used here. // TODO: This should be",Not-SATD,0
argouml,WITHOUT_CLASSIFICATION,// TODO: this seems to be called at startup only so no check so far,0,1,1,"SATD

// TODO: this seems to be called at startup only so no check so far //",SATD,1
hibernate-distribution-3.3.2.GA,DESIGN,"// this is ugly here, but needed because its a subquery",1,1,1,"SATD

// TODO: This is a copy of the code in QueryTranslator#processSaturation",SATD,1
jEdit-4.2,WITHOUT_CLASSIFICATION,//{{{ Marker methods,0,0,0,Not-SATD // TODO: These methods could probably be moved to a support class // similar to,Not-SATD,0
columba-1.4-src,WITHOUT_CLASSIFICATION,// message belongs to which account?,0,0,0,Not-SATD // message belongs to which account? // TODO: this should be retrieved from the,Not-SATD,0
hibernate-distribution-3.3.2.GA,WITHOUT_CLASSIFICATION,// from Map,0,0,0,"Not-SATD

This comment is not a SATD comment because it does not contain specific keywords",Not-SATD,0
hibernate-distribution-3.3.2.GA,WITHOUT_CLASSIFICATION,// Caches,0,0,0,Not-SATD // TODO: This shouldn't be here.  The calling code should handle it,Not-SATD,0
jruby-1.4.0,WITHOUT_CLASSIFICATION,// FIXME: Temporarily disabling because this fires way too much running Rails tests. JRUBY-518,0,1,1,"SATD
// FIXME: Temporarily disabling because this fires way too much running Rails tests. JR",SATD,1
jEdit-4.2,WITHOUT_CLASSIFICATION,/* Anti-aliasing */,0,0,0,"Not-SATD
/* TODO: Centralize the font name string: */ // nameOfFont",Not-SATD,0
apache-jmeter-2.10,DESIGN,"// TODO Method with 0 reference, really useful ?",1,1,1,"SATD

// TODO: don't require popups for invalid input - just highlight // and add",SATD,1
argouml,DESIGN,// TODO: Rather than specifically ignore some item maybe it would be better // to specifically state what items are of interest. Otherwise we may still // be acting on other events we don't need,1,1,1,"SATD
// TODO: Rather than specifically ignore some item maybe it would be better // to specifically",SATD,1
apache-jmeter-2.10,WITHOUT_CLASSIFICATION,//$NON-NLS-1$,0,0,0,"Not-SATD
// TODO: This should be done using an UndoManager. // See:",Not-SATD,0
columba-1.4-src,TEST,//TODO: Test Mac keyboard accelerator changes done here by mlivingstone // shortcut key,1,1,1,"SATD

//TODO: Test Mac keyboard accelerator changes done here by mlivingstone // shortcut key",SATD,1
sql12,WITHOUT_CLASSIFICATION,// i18n[DataSetUpdateableTableModelImpl.error.unknownerrorupdate=Unknown problem during update.\nNo count of inserted rows was returned.\nDatabase may be corrupted!],0,0,0,Not-SATD // i18n[DataSetUpdateableTableModelImpl.error.unknownerrorupdate=Unknown,Not-SATD,0
