,precision,recall,f1-score,support
Implementation,0.1127659574468085,0.07001321003963012,0.08638956805215973,757.0
Test,0.36619718309859156,0.611764705882353,0.4581497797356828,85.0
Defect,0.20935960591133004,0.18008474576271186,0.19362186788154898,472.0
Design,0.7228915662650602,0.11098779134295228,0.19243104554201412,2703.0
Documentation,0.10191082802547771,0.2962962962962963,0.15165876777251186,54.0
micro avg,0.3182389937106918,0.12429378531073447,0.17876700229641407,4071.0
macro avg,0.30262502814945363,0.25382934986478867,0.2164502057967835,4071.0
weighted avg,0.5342145449935142,0.12429378531073447,0.17785798218936108,4071.0
