Model,Class,Precision_Mean,Precision_Std,Recall_Mean,Recall_Std,F1_Mean,F1_Std,Support_Mean
LGBMClassifier,DEFECT,0.747404359785485,0.10043742207116702,0.39423758865248226,0.06907792721065457,0.511071336182032,0.06273760228337458,47.2
LGBMClassifier,DESIGN,0.7867594744134431,0.018491020875764513,0.9215539155391553,0.02864928073600746,0.8486387302560766,0.018671976411968914,270.3
LGBMClassifier,DOCUMENTATION,0.4833333333333333,0.4475585346916185,0.24333333333333332,0.24142069218955517,0.3196825396825397,0.30580289583768283,5.4
LGBMClassifier,IMPLEMENTATION,0.6539923547965358,0.07774351946785088,0.5258421052631579,0.06036697108498524,0.5811850496614404,0.058553169892081355,75.7
LGBMClassifier,TEST,0.5916666666666666,0.4090979236211192,0.14305555555555555,0.0932959397461318,0.22393162393162394,0.14405477990048948,8.5
LGBMClassifier,macro avg,0.6526312377990928,0.1582075958860517,0.44560449966873683,0.06772170351831992,0.49690185594274255,0.08856532725607172,407.1
LGBMClassifier,weighted avg,0.7494344619458045,0.03523053254411954,0.7617219492219492,0.02662746695885375,0.7398745245214888,0.02906038715589957,407.1
