Model,Class,Precision_Mean,Precision_Std,Recall_Mean,Recall_Std,F1_Mean,F1_Std,Support_Mean
SVC,DEFECT,0.41133433820810905,0.046937909693234345,0.5592641843971632,0.046172186750806046,0.4729714504418278,0.0430449647203319,47.2
SVC,DESIGN,0.8265251430128039,0.02174116202825689,0.7450881508815088,0.033079746085353835,0.7834087422973458,0.02458443248378675,270.3
SVC,DOCUMENTATION,0.2572496947496948,0.15462054151911342,0.37666666666666665,0.23625159219530104,0.3007173382173382,0.1838874902996352,5.4
SVC,IMPLEMENTATION,0.5275296068326891,0.05363162042773803,0.5812280701754386,0.06701606399476498,0.5525183325275981,0.057325179605574844,75.7
SVC,TEST,0.24559523809523812,0.13567836942362355,0.22222222222222224,0.19333900942426943,0.22183699633699633,0.1475360368584277,8.5
SVC,macro avg,0.453646804179707,0.04848394479006078,0.49689385886859994,0.06283455440229767,0.4662905719642213,0.05298747960177298,407.1
SVC,weighted avg,0.7032156354513843,0.024453377075709225,0.6774708532061473,0.029484538759849535,0.6864925822796588,0.02751393399349143,407.1
