text,true,pred
"Self-admitted technical debt (SATD) is technical debt admitted by the developer through source code comments.
There are five types of software technical debts:

Implementation: Bad coding practices leading to poor legibility of code, making it difficult to understand and maintain.
Test: Problems found in implementations involving testing or monitoring subcomponents.
Defect: Identified defects in the system that should be addressed.
Design: Areas which violate good software design practices, causing poor flexibility to evolving business needs.
Documentation: Inadequate documentation that exists within the software system.

Choose and assign ONE label among: Implementation, Test, Defect, Design, or Documentation.

### Technical debt comment: """""" /*
             * modelImpl.getFacade().getRootElements()  gets all root elements
             * in the UML repository, including available profiles that are not
             * part of the current project (degrades performance).
             *
             * ProjectManager.getManager().getCurrentProject().getRoots() only
             * returns user model roots, and no profiles.
             *
             * ProjectManager.getManager().getCurrentProject().getModels() gets
             * all root models, but no root namespaces.
             *
             * TODO: Which is best? Is there any other way?
             */ """"""",DESIGN,DESIGN
"Self-admitted technical debt (SATD) is technical debt admitted by the developer through source code comments.
There are five types of software technical debts:

Implementation: Bad coding practices leading to poor legibility of code, making it difficult to understand and maintain.
Test: Problems found in implementations involving testing or monitoring subcomponents.
Defect: Identified defects in the system that should be addressed.
Design: Areas which violate good software design practices, causing poor flexibility to evolving business needs.
Documentation: Inadequate documentation that exists within the software system.

Choose and assign ONE label among: Implementation, Test, Defect, Design, or Documentation.

### Technical debt comment: """""" /*
     * TODO - convert to work more like upgrade.properties/NameUpdater.java
     *
     * Special processing is carried out for the Header Class The String
     * property TestElement.name is converted to Header.name for example:
     * <elementProp name=""User-Agent""
     * elementType=""org.apache.jmeter.protocol.http.control.Header""> <stringProp
     * name=""Header.value"">Mozilla%2F4.0+%28compatible%3B+MSIE+5.5%3B+Windows+98%29</stringProp>
     * <stringProp name=""TestElement.name"">User-Agent</stringProp>
     * </elementProp> becomes <elementProp name=""User-Agent""
     * elementType=""org.apache.jmeter.protocol.http.control.Header""> <stringProp
     * name=""Header.value"">Mozilla%2F4.0+%28compatible%3B+MSIE+5.5%3B+Windows+98%29</stringProp>
     * <stringProp name=""Header.name"">User-Agent</stringProp> </elementProp>
     */ """"""",DESIGN,DESIGN
"Self-admitted technical debt (SATD) is technical debt admitted by the developer through source code comments.
There are five types of software technical debts:

Implementation: Bad coding practices leading to poor legibility of code, making it difficult to understand and maintain.
Test: Problems found in implementations involving testing or monitoring subcomponents.
Defect: Identified defects in the system that should be addressed.
Design: Areas which violate good software design practices, causing poor flexibility to evolving business needs.
Documentation: Inadequate documentation that exists within the software system.

Choose and assign ONE label among: Implementation, Test, Defect, Design, or Documentation.

### Technical debt comment: """""" //TODO: proxies! """"""",IMPLEMENTATION,IMPLEMENTATION
"Self-admitted technical debt (SATD) is technical debt admitted by the developer through source code comments.
There are five types of software technical debts:

Implementation: Bad coding practices leading to poor legibility of code, making it difficult to understand and maintain.
Test: Problems found in implementations involving testing or monitoring subcomponents.
Defect: Identified defects in the system that should be addressed.
Design: Areas which violate good software design practices, causing poor flexibility to evolving business needs.
Documentation: Inadequate documentation that exists within the software system.

Choose and assign ONE label among: Implementation, Test, Defect, Design, or Documentation.

### Technical debt comment: """""" // TODO : most of below was taken verbatim from DotNode; should either delegate this logic or super-type it """"""",DESIGN,DESIGN
"Self-admitted technical debt (SATD) is technical debt admitted by the developer through source code comments.
There are five types of software technical debts:

Implementation: Bad coding practices leading to poor legibility of code, making it difficult to understand and maintain.
Test: Problems found in implementations involving testing or monitoring subcomponents.
Defect: Identified defects in the system that should be addressed.
Design: Areas which violate good software design practices, causing poor flexibility to evolving business needs.
Documentation: Inadequate documentation that exists within the software system.

Choose and assign ONE label among: Implementation, Test, Defect, Design, or Documentation.

### Technical debt comment: """""" // $NON-NLS-1$ // TODO - use a different format here? """"""",DESIGN,DESIGN
"Self-admitted technical debt (SATD) is technical debt admitted by the developer through source code comments.
There are five types of software technical debts:

Implementation: Bad coding practices leading to poor legibility of code, making it difficult to understand and maintain.
Test: Problems found in implementations involving testing or monitoring subcomponents.
Defect: Identified defects in the system that should be addressed.
Design: Areas which violate good software design practices, causing poor flexibility to evolving business needs.
Documentation: Inadequate documentation that exists within the software system.

Choose and assign ONE label among: Implementation, Test, Defect, Design, or Documentation.

### Technical debt comment: """""" /* TODO: If this is an ordered list, then you have to
                        add in the right location! */ """"""",DEFECT,DESIGN
"Self-admitted technical debt (SATD) is technical debt admitted by the developer through source code comments.
There are five types of software technical debts:

Implementation: Bad coding practices leading to poor legibility of code, making it difficult to understand and maintain.
Test: Problems found in implementations involving testing or monitoring subcomponents.
Defect: Identified defects in the system that should be addressed.
Design: Areas which violate good software design practices, causing poor flexibility to evolving business needs.
Documentation: Inadequate documentation that exists within the software system.

Choose and assign ONE label among: Implementation, Test, Defect, Design, or Documentation.

### Technical debt comment: """""" // $NON-NLS-1$ TODO should this be a variable? """"""",DESIGN,DESIGN
"Self-admitted technical debt (SATD) is technical debt admitted by the developer through source code comments.
There are five types of software technical debts:

Implementation: Bad coding practices leading to poor legibility of code, making it difficult to understand and maintain.
Test: Problems found in implementations involving testing or monitoring subcomponents.
Defect: Identified defects in the system that should be addressed.
Design: Areas which violate good software design practices, causing poor flexibility to evolving business needs.
Documentation: Inadequate documentation that exists within the software system.

Choose and assign ONE label among: Implementation, Test, Defect, Design, or Documentation.

### Technical debt comment: """""" //silly hack to avoid stack overflow... """"""",DESIGN,DESIGN
"Self-admitted technical debt (SATD) is technical debt admitted by the developer through source code comments.
There are five types of software technical debts:

Implementation: Bad coding practices leading to poor legibility of code, making it difficult to understand and maintain.
Test: Problems found in implementations involving testing or monitoring subcomponents.
Defect: Identified defects in the system that should be addressed.
Design: Areas which violate good software design practices, causing poor flexibility to evolving business needs.
Documentation: Inadequate documentation that exists within the software system.

Choose and assign ONE label among: Implementation, Test, Defect, Design, or Documentation.

### Technical debt comment: """""" // TODO: Note copy/paste code in FigExitPoint - where is this code // better placed in GEF? """"""",DESIGN,DESIGN
"Self-admitted technical debt (SATD) is technical debt admitted by the developer through source code comments.
There are five types of software technical debts:

Implementation: Bad coding practices leading to poor legibility of code, making it difficult to understand and maintain.
Test: Problems found in implementations involving testing or monitoring subcomponents.
Defect: Identified defects in the system that should be addressed.
Design: Areas which violate good software design practices, causing poor flexibility to evolving business needs.
Documentation: Inadequate documentation that exists within the software system.

Choose and assign ONE label among: Implementation, Test, Defect, Design, or Documentation.

### Technical debt comment: """""" // TODO : keep seperate notions of QT[] here for shallow/non-shallow queries... """"""",DESIGN,DESIGN
"Self-admitted technical debt (SATD) is technical debt admitted by the developer through source code comments.
There are five types of software technical debts:

Implementation: Bad coding practices leading to poor legibility of code, making it difficult to understand and maintain.
Test: Problems found in implementations involving testing or monitoring subcomponents.
Defect: Identified defects in the system that should be addressed.
Design: Areas which violate good software design practices, causing poor flexibility to evolving business needs.
Documentation: Inadequate documentation that exists within the software system.

Choose and assign ONE label among: Implementation, Test, Defect, Design, or Documentation.

### Technical debt comment: """""" /**
     * To simplify implementation, we list all associations
     * found with any of the Classifiers
     * represented by the linked Instances. <p>
     *
     * TODO: Make a foolproof algorithm that only allows selecting associations
     * that create a correct model. Also take into account n-ary associations
     * and associationclasses. This algo best goes in the model subsystem, e.g.
     * in a method getAllPossibleAssociationsForALink().
     *
     * @see org.argouml.uml.ui.UMLComboBoxModel#buildModelList()
     */ """"""",DESIGN,DESIGN
"Self-admitted technical debt (SATD) is technical debt admitted by the developer through source code comments.
There are five types of software technical debts:

Implementation: Bad coding practices leading to poor legibility of code, making it difficult to understand and maintain.
Test: Problems found in implementations involving testing or monitoring subcomponents.
Defect: Identified defects in the system that should be addressed.
Design: Areas which violate good software design practices, causing poor flexibility to evolving business needs.
Documentation: Inadequate documentation that exists within the software system.

Choose and assign ONE label among: Implementation, Test, Defect, Design, or Documentation.

### Technical debt comment: """""" // switch eats a multi-level break here? // not empty statement """"""",DESIGN,DESIGN
"Self-admitted technical debt (SATD) is technical debt admitted by the developer through source code comments.
There are five types of software technical debts:

Implementation: Bad coding practices leading to poor legibility of code, making it difficult to understand and maintain.
Test: Problems found in implementations involving testing or monitoring subcomponents.
Defect: Identified defects in the system that should be addressed.
Design: Areas which violate good software design practices, causing poor flexibility to evolving business needs.
Documentation: Inadequate documentation that exists within the software system.

Choose and assign ONE label among: Implementation, Test, Defect, Design, or Documentation.

### Technical debt comment: """""" // FIXME: This is an ugly hack to resolve JRUBY-1381; I'm not proud of it """"""",DESIGN,DESIGN
"Self-admitted technical debt (SATD) is technical debt admitted by the developer through source code comments.
There are five types of software technical debts:

Implementation: Bad coding practices leading to poor legibility of code, making it difficult to understand and maintain.
Test: Problems found in implementations involving testing or monitoring subcomponents.
Defect: Identified defects in the system that should be addressed.
Design: Areas which violate good software design practices, causing poor flexibility to evolving business needs.
Documentation: Inadequate documentation that exists within the software system.

Choose and assign ONE label among: Implementation, Test, Defect, Design, or Documentation.

### Technical debt comment: """""" // FIXME: needs to be rethought """"""",DESIGN,DESIGN
"Self-admitted technical debt (SATD) is technical debt admitted by the developer through source code comments.
There are five types of software technical debts:

Implementation: Bad coding practices leading to poor legibility of code, making it difficult to understand and maintain.
Test: Problems found in implementations involving testing or monitoring subcomponents.
Defect: Identified defects in the system that should be addressed.
Design: Areas which violate good software design practices, causing poor flexibility to evolving business needs.
Documentation: Inadequate documentation that exists within the software system.

Choose and assign ONE label among: Implementation, Test, Defect, Design, or Documentation.

### Technical debt comment: """""" // defer argument checking """"""",DESIGN,DESIGN
"Self-admitted technical debt (SATD) is technical debt admitted by the developer through source code comments.
There are five types of software technical debts:

Implementation: Bad coding practices leading to poor legibility of code, making it difficult to understand and maintain.
Test: Problems found in implementations involving testing or monitoring subcomponents.
Defect: Identified defects in the system that should be addressed.
Design: Areas which violate good software design practices, causing poor flexibility to evolving business needs.
Documentation: Inadequate documentation that exists within the software system.

Choose and assign ONE label among: Implementation, Test, Defect, Design, or Documentation.

### Technical debt comment: """""" /**
     * The tree structure has changed significantly.
     * Inform the associated tree model.
     *
     * TODO:  This shouldn't be public.  Components desiring to
     * inform the Explorer of changes should send events.
     * @deprecated by mvw in V0.25.4. Use events instead.
     */ """"""",DESIGN,DESIGN
"Self-admitted technical debt (SATD) is technical debt admitted by the developer through source code comments.
There are five types of software technical debts:

Implementation: Bad coding practices leading to poor legibility of code, making it difficult to understand and maintain.
Test: Problems found in implementations involving testing or monitoring subcomponents.
Defect: Identified defects in the system that should be addressed.
Design: Areas which violate good software design practices, causing poor flexibility to evolving business needs.
Documentation: Inadequate documentation that exists within the software system.

Choose and assign ONE label among: Implementation, Test, Defect, Design, or Documentation.

### Technical debt comment: """""" /**
     * Field TODO: TextArea or TextField
     */ """"""",DESIGN,DESIGN
"Self-admitted technical debt (SATD) is technical debt admitted by the developer through source code comments.
There are five types of software technical debts:

Implementation: Bad coding practices leading to poor legibility of code, making it difficult to understand and maintain.
Test: Problems found in implementations involving testing or monitoring subcomponents.
Defect: Identified defects in the system that should be addressed.
Design: Areas which violate good software design practices, causing poor flexibility to evolving business needs.
Documentation: Inadequate documentation that exists within the software system.

Choose and assign ONE label among: Implementation, Test, Defect, Design, or Documentation.

### Technical debt comment: """""" //TODO: Should next and return also catch here? """"""",DESIGN,DESIGN
"Self-admitted technical debt (SATD) is technical debt admitted by the developer through source code comments.
There are five types of software technical debts:

Implementation: Bad coding practices leading to poor legibility of code, making it difficult to understand and maintain.
Test: Problems found in implementations involving testing or monitoring subcomponents.
Defect: Identified defects in the system that should be addressed.
Design: Areas which violate good software design practices, causing poor flexibility to evolving business needs.
Documentation: Inadequate documentation that exists within the software system.

Choose and assign ONE label among: Implementation, Test, Defect, Design, or Documentation.

### Technical debt comment: """""" // if body is a rescue node, inspect its pieces separately to avoid it disabling all optz // TODO: this is gross. """"""",DESIGN,DESIGN
"Self-admitted technical debt (SATD) is technical debt admitted by the developer through source code comments.
There are five types of software technical debts:

Implementation: Bad coding practices leading to poor legibility of code, making it difficult to understand and maintain.
Test: Problems found in implementations involving testing or monitoring subcomponents.
Defect: Identified defects in the system that should be addressed.
Design: Areas which violate good software design practices, causing poor flexibility to evolving business needs.
Documentation: Inadequate documentation that exists within the software system.

Choose and assign ONE label among: Implementation, Test, Defect, Design, or Documentation.

### Technical debt comment: """""" // Can this be factored out...?   // Should be be adding the L...; here instead? """"""",DESIGN,DESIGN
"Self-admitted technical debt (SATD) is technical debt admitted by the developer through source code comments.
There are five types of software technical debts:

Implementation: Bad coding practices leading to poor legibility of code, making it difficult to understand and maintain.
Test: Problems found in implementations involving testing or monitoring subcomponents.
Defect: Identified defects in the system that should be addressed.
Design: Areas which violate good software design practices, causing poor flexibility to evolving business needs.
Documentation: Inadequate documentation that exists within the software system.

Choose and assign ONE label among: Implementation, Test, Defect, Design, or Documentation.

### Technical debt comment: """""" // JASON: Mow that multiple object trees exist storing the edit // where by objectInfo within session won't work. It needs to be objectinfo // within something else. //	private final Map _editWhereColsSheets = new HashMap(); """"""",DESIGN,DESIGN
"Self-admitted technical debt (SATD) is technical debt admitted by the developer through source code comments.
There are five types of software technical debts:

Implementation: Bad coding practices leading to poor legibility of code, making it difficult to understand and maintain.
Test: Problems found in implementations involving testing or monitoring subcomponents.
Defect: Identified defects in the system that should be addressed.
Design: Areas which violate good software design practices, causing poor flexibility to evolving business needs.
Documentation: Inadequate documentation that exists within the software system.

Choose and assign ONE label among: Implementation, Test, Defect, Design, or Documentation.

### Technical debt comment: """""" // For the Mac ScreenBarMenus to work, this must be declared before // *ANY* AWT / Swing gets initialised. Do *NOT* move it to plugin init // location because that is too late... """"""",DESIGN,DESIGN
"Self-admitted technical debt (SATD) is technical debt admitted by the developer through source code comments.
There are five types of software technical debts:

Implementation: Bad coding practices leading to poor legibility of code, making it difficult to understand and maintain.
Test: Problems found in implementations involving testing or monitoring subcomponents.
Defect: Identified defects in the system that should be addressed.
Design: Areas which violate good software design practices, causing poor flexibility to evolving business needs.
Documentation: Inadequate documentation that exists within the software system.

Choose and assign ONE label among: Implementation, Test, Defect, Design, or Documentation.

### Technical debt comment: """""" // TODO : or should we return 'containsTableAlias'?? """"""",IMPLEMENTATION,DESIGN
"Self-admitted technical debt (SATD) is technical debt admitted by the developer through source code comments.
There are five types of software technical debts:

Implementation: Bad coding practices leading to poor legibility of code, making it difficult to understand and maintain.
Test: Problems found in implementations involving testing or monitoring subcomponents.
Defect: Identified defects in the system that should be addressed.
Design: Areas which violate good software design practices, causing poor flexibility to evolving business needs.
Documentation: Inadequate documentation that exists within the software system.

Choose and assign ONE label among: Implementation, Test, Defect, Design, or Documentation.

### Technical debt comment: """""" // TODO: I18N """"""",IMPLEMENTATION,IMPLEMENTATION
"Self-admitted technical debt (SATD) is technical debt admitted by the developer through source code comments.
There are five types of software technical debts:

Implementation: Bad coding practices leading to poor legibility of code, making it difficult to understand and maintain.
Test: Problems found in implementations involving testing or monitoring subcomponents.
Defect: Identified defects in the system that should be addressed.
Design: Areas which violate good software design practices, causing poor flexibility to evolving business needs.
Documentation: Inadequate documentation that exists within the software system.

Choose and assign ONE label among: Implementation, Test, Defect, Design, or Documentation.

### Technical debt comment: """""" //swaldman 2004-02-07: modify to allow null values to signify fall through to c3p0 PoolConfig defaults """"""",DESIGN,DESIGN
"Self-admitted technical debt (SATD) is technical debt admitted by the developer through source code comments.
There are five types of software technical debts:

Implementation: Bad coding practices leading to poor legibility of code, making it difficult to understand and maintain.
Test: Problems found in implementations involving testing or monitoring subcomponents.
Defect: Identified defects in the system that should be addressed.
Design: Areas which violate good software design practices, causing poor flexibility to evolving business needs.
Documentation: Inadequate documentation that exists within the software system.

Choose and assign ONE label among: Implementation, Test, Defect, Design, or Documentation.

### Technical debt comment: """""" //TODO replace with proper Exception """"""",DESIGN,DESIGN
"Self-admitted technical debt (SATD) is technical debt admitted by the developer through source code comments.
There are five types of software technical debts:

Implementation: Bad coding practices leading to poor legibility of code, making it difficult to understand and maintain.
Test: Problems found in implementations involving testing or monitoring subcomponents.
Defect: Identified defects in the system that should be addressed.
Design: Areas which violate good software design practices, causing poor flexibility to evolving business needs.
Documentation: Inadequate documentation that exists within the software system.

Choose and assign ONE label among: Implementation, Test, Defect, Design, or Documentation.

### Technical debt comment: """""" // EATM must fix isSet bits. """"""",DEFECT,DEFECT
"Self-admitted technical debt (SATD) is technical debt admitted by the developer through source code comments.
There are five types of software technical debts:

Implementation: Bad coding practices leading to poor legibility of code, making it difficult to understand and maintain.
Test: Problems found in implementations involving testing or monitoring subcomponents.
Defect: Identified defects in the system that should be addressed.
Design: Areas which violate good software design practices, causing poor flexibility to evolving business needs.
Documentation: Inadequate documentation that exists within the software system.

Choose and assign ONE label among: Implementation, Test, Defect, Design, or Documentation.

### Technical debt comment: """""" // workaround for missing ability to parse ""*"" """"""",DESIGN,DESIGN
"Self-admitted technical debt (SATD) is technical debt admitted by the developer through source code comments.
There are five types of software technical debts:

Implementation: Bad coding practices leading to poor legibility of code, making it difficult to understand and maintain.
Test: Problems found in implementations involving testing or monitoring subcomponents.
Defect: Identified defects in the system that should be addressed.
Design: Areas which violate good software design practices, causing poor flexibility to evolving business needs.
Documentation: Inadequate documentation that exists within the software system.

Choose and assign ONE label among: Implementation, Test, Defect, Design, or Documentation.

### Technical debt comment: """""" /**
     * Gets font name. If it doesn't exist in configuration it creates new
     * entries in configuration for appearance.
     *
     * TODO: Why create in a getter?
     *
     * @return the name of the configured font
     */ """"""",DESIGN,DESIGN
"Self-admitted technical debt (SATD) is technical debt admitted by the developer through source code comments.
There are five types of software technical debts:

Implementation: Bad coding practices leading to poor legibility of code, making it difficult to understand and maintain.
Test: Problems found in implementations involving testing or monitoring subcomponents.
Defect: Identified defects in the system that should be addressed.
Design: Areas which violate good software design practices, causing poor flexibility to evolving business needs.
Documentation: Inadequate documentation that exists within the software system.

Choose and assign ONE label among: Implementation, Test, Defect, Design, or Documentation.

### Technical debt comment: """""" // turn of focus stealing (workaround should be removed in the // future!) """"""",DESIGN,DESIGN
"Self-admitted technical debt (SATD) is technical debt admitted by the developer through source code comments.
There are five types of software technical debts:

Implementation: Bad coding practices leading to poor legibility of code, making it difficult to understand and maintain.
Test: Problems found in implementations involving testing or monitoring subcomponents.
Defect: Identified defects in the system that should be addressed.
Design: Areas which violate good software design practices, causing poor flexibility to evolving business needs.
Documentation: Inadequate documentation that exists within the software system.

Choose and assign ONE label among: Implementation, Test, Defect, Design, or Documentation.

### Technical debt comment: """""" // TODO: This needs to be managing undo on a per-project basis // instead of using GEF's global undo manager """"""",DESIGN,DESIGN
"Self-admitted technical debt (SATD) is technical debt admitted by the developer through source code comments.
There are five types of software technical debts:

Implementation: Bad coding practices leading to poor legibility of code, making it difficult to understand and maintain.
Test: Problems found in implementations involving testing or monitoring subcomponents.
Defect: Identified defects in the system that should be addressed.
Design: Areas which violate good software design practices, causing poor flexibility to evolving business needs.
Documentation: Inadequate documentation that exists within the software system.

Choose and assign ONE label among: Implementation, Test, Defect, Design, or Documentation.

### Technical debt comment: """""" /**
 * TODO: For UML 2.x, powertypes are accessed indirectly through the 
 * GeneralizationSets that contain a Generalization.
 * 
 * @since Nov 3, 2002
 * @author jaap.branderhorst@xs4all.nl
 */ """"""",IMPLEMENTATION,DESIGN
"Self-admitted technical debt (SATD) is technical debt admitted by the developer through source code comments.
There are five types of software technical debts:

Implementation: Bad coding practices leading to poor legibility of code, making it difficult to understand and maintain.
Test: Problems found in implementations involving testing or monitoring subcomponents.
Defect: Identified defects in the system that should be addressed.
Design: Areas which violate good software design practices, causing poor flexibility to evolving business needs.
Documentation: Inadequate documentation that exists within the software system.

Choose and assign ONE label among: Implementation, Test, Defect, Design, or Documentation.

### Technical debt comment: """""" //TODO replace with proper Exception // return with an error """"""",DESIGN,DESIGN
"Self-admitted technical debt (SATD) is technical debt admitted by the developer through source code comments.
There are five types of software technical debts:

Implementation: Bad coding practices leading to poor legibility of code, making it difficult to understand and maintain.
Test: Problems found in implementations involving testing or monitoring subcomponents.
Defect: Identified defects in the system that should be addressed.
Design: Areas which violate good software design practices, causing poor flexibility to evolving business needs.
Documentation: Inadequate documentation that exists within the software system.

Choose and assign ONE label among: Implementation, Test, Defect, Design, or Documentation.

### Technical debt comment: """""" // DirContext dc = //TODO perhaps return this? """"""",DESIGN,DESIGN
"Self-admitted technical debt (SATD) is technical debt admitted by the developer through source code comments.
There are five types of software technical debts:

Implementation: Bad coding practices leading to poor legibility of code, making it difficult to understand and maintain.
Test: Problems found in implementations involving testing or monitoring subcomponents.
Defect: Identified defects in the system that should be addressed.
Design: Areas which violate good software design practices, causing poor flexibility to evolving business needs.
Documentation: Inadequate documentation that exists within the software system.

Choose and assign ONE label among: Implementation, Test, Defect, Design, or Documentation.

### Technical debt comment: """""" /**
          * TODO: minimum height should not be calculated every time, but only 
          * when an FigMessage has been added or removed.
          * Currently doing that doesn't work because of an unknown problem. 
          * How to test: create only two CRs and a create message between them. 
          * Then move the create message to the bottom!
          * Until that is fixed the workaround is to call updateMinimumHeight()
          * every time the minimum size is needed
          */ """"""",IMPLEMENTATION,DESIGN
"Self-admitted technical debt (SATD) is technical debt admitted by the developer through source code comments.
There are five types of software technical debts:

Implementation: Bad coding practices leading to poor legibility of code, making it difficult to understand and maintain.
Test: Problems found in implementations involving testing or monitoring subcomponents.
Defect: Identified defects in the system that should be addressed.
Design: Areas which violate good software design practices, causing poor flexibility to evolving business needs.
Documentation: Inadequate documentation that exists within the software system.

Choose and assign ONE label among: Implementation, Test, Defect, Design, or Documentation.

### Technical debt comment: """""" // invoke callMethodMissing method directly // TODO: this could be further optimized, since some DSLs hit method_missing pretty hard... """"""",DESIGN,DESIGN
"Self-admitted technical debt (SATD) is technical debt admitted by the developer through source code comments.
There are five types of software technical debts:

Implementation: Bad coding practices leading to poor legibility of code, making it difficult to understand and maintain.
Test: Problems found in implementations involving testing or monitoring subcomponents.
Defect: Identified defects in the system that should be addressed.
Design: Areas which violate good software design practices, causing poor flexibility to evolving business needs.
Documentation: Inadequate documentation that exists within the software system.

Choose and assign ONE label among: Implementation, Test, Defect, Design, or Documentation.

### Technical debt comment: """""" // TODO: Silently ignore instead? //        return false; """"""",DESIGN,DESIGN
"Self-admitted technical debt (SATD) is technical debt admitted by the developer through source code comments.
There are five types of software technical debts:

Implementation: Bad coding practices leading to poor legibility of code, making it difficult to understand and maintain.
Test: Problems found in implementations involving testing or monitoring subcomponents.
Defect: Identified defects in the system that should be addressed.
Design: Areas which violate good software design practices, causing poor flexibility to evolving business needs.
Documentation: Inadequate documentation that exists within the software system.

Choose and assign ONE label among: Implementation, Test, Defect, Design, or Documentation.

### Technical debt comment: """""" // TODO (@author fdietz): i18n """"""",DESIGN,DESIGN
"Self-admitted technical debt (SATD) is technical debt admitted by the developer through source code comments.
There are five types of software technical debts:

Implementation: Bad coding practices leading to poor legibility of code, making it difficult to understand and maintain.
Test: Problems found in implementations involving testing or monitoring subcomponents.
Defect: Identified defects in the system that should be addressed.
Design: Areas which violate good software design practices, causing poor flexibility to evolving business needs.
Documentation: Inadequate documentation that exists within the software system.

Choose and assign ONE label among: Implementation, Test, Defect, Design, or Documentation.

### Technical debt comment: """""" // TODO (@author fdietz): i18n """"""",DESIGN,DESIGN
"Self-admitted technical debt (SATD) is technical debt admitted by the developer through source code comments.
There are five types of software technical debts:

Implementation: Bad coding practices leading to poor legibility of code, making it difficult to understand and maintain.
Test: Problems found in implementations involving testing or monitoring subcomponents.
Defect: Identified defects in the system that should be addressed.
Design: Areas which violate good software design practices, causing poor flexibility to evolving business needs.
Documentation: Inadequate documentation that exists within the software system.

Choose and assign ONE label among: Implementation, Test, Defect, Design, or Documentation.

### Technical debt comment: """""" // is this really necessary? """"""",DESIGN,DESIGN
"Self-admitted technical debt (SATD) is technical debt admitted by the developer through source code comments.
There are five types of software technical debts:

Implementation: Bad coding practices leading to poor legibility of code, making it difficult to understand and maintain.
Test: Problems found in implementations involving testing or monitoring subcomponents.
Defect: Identified defects in the system that should be addressed.
Design: Areas which violate good software design practices, causing poor flexibility to evolving business needs.
Documentation: Inadequate documentation that exists within the software system.

Choose and assign ONE label among: Implementation, Test, Defect, Design, or Documentation.

### Technical debt comment: """""" // really there are two situations where it should be ok to allow the insertion // into properties defined on a superclass: //      1) union-subclass with an abstract root entity //      2) discrim-subclass // // #1 is handled already because of the fact that // UnionSubclassPersister alreay always returns 0 // for this call... // // we may want to disallow it for discrim-subclass just for // consistency-sake (currently does not work anyway)... """"""",DESIGN,DESIGN
"Self-admitted technical debt (SATD) is technical debt admitted by the developer through source code comments.
There are five types of software technical debts:

Implementation: Bad coding practices leading to poor legibility of code, making it difficult to understand and maintain.
Test: Problems found in implementations involving testing or monitoring subcomponents.
Defect: Identified defects in the system that should be addressed.
Design: Areas which violate good software design practices, causing poor flexibility to evolving business needs.
Documentation: Inadequate documentation that exists within the software system.

Choose and assign ONE label among: Implementation, Test, Defect, Design, or Documentation.

### Technical debt comment: """""" // TODO: implement """"""",IMPLEMENTATION,IMPLEMENTATION
"Self-admitted technical debt (SATD) is technical debt admitted by the developer through source code comments.
There are five types of software technical debts:

Implementation: Bad coding practices leading to poor legibility of code, making it difficult to understand and maintain.
Test: Problems found in implementations involving testing or monitoring subcomponents.
Defect: Identified defects in the system that should be addressed.
Design: Areas which violate good software design practices, causing poor flexibility to evolving business needs.
Documentation: Inadequate documentation that exists within the software system.

Choose and assign ONE label among: Implementation, Test, Defect, Design, or Documentation.

### Technical debt comment: """""" // todo: is this comment still relevant ?? // FIXME: need to use a SAXSource as the source for the transform // so we can plug in our own entity resolver """"""",DEFECT,DESIGN
"Self-admitted technical debt (SATD) is technical debt admitted by the developer through source code comments.
There are five types of software technical debts:

Implementation: Bad coding practices leading to poor legibility of code, making it difficult to understand and maintain.
Test: Problems found in implementations involving testing or monitoring subcomponents.
Defect: Identified defects in the system that should be addressed.
Design: Areas which violate good software design practices, causing poor flexibility to evolving business needs.
Documentation: Inadequate documentation that exists within the software system.

Choose and assign ONE label among: Implementation, Test, Defect, Design, or Documentation.

### Technical debt comment: """""" // TODO Need to have a generic hibernate dialect extend this to provide the types. """"""",DESIGN,DESIGN
"Self-admitted technical debt (SATD) is technical debt admitted by the developer through source code comments.
There are five types of software technical debts:

Implementation: Bad coding practices leading to poor legibility of code, making it difficult to understand and maintain.
Test: Problems found in implementations involving testing or monitoring subcomponents.
Defect: Identified defects in the system that should be addressed.
Design: Areas which violate good software design practices, causing poor flexibility to evolving business needs.
Documentation: Inadequate documentation that exists within the software system.

Choose and assign ONE label among: Implementation, Test, Defect, Design, or Documentation.

### Technical debt comment: """""" // SSS FIXME: What is the difference between ClassVarAsgnNode & ClassVarDeclNode """"""",DESIGN,DESIGN
"Self-admitted technical debt (SATD) is technical debt admitted by the developer through source code comments.
There are five types of software technical debts:

Implementation: Bad coding practices leading to poor legibility of code, making it difficult to understand and maintain.
Test: Problems found in implementations involving testing or monitoring subcomponents.
Defect: Identified defects in the system that should be addressed.
Design: Areas which violate good software design practices, causing poor flexibility to evolving business needs.
Documentation: Inadequate documentation that exists within the software system.

Choose and assign ONE label among: Implementation, Test, Defect, Design, or Documentation.

### Technical debt comment: """""" // TODO: This filtering is kind of gross...it would be nice to get some parser help here """"""",DESIGN,DESIGN
"Self-admitted technical debt (SATD) is technical debt admitted by the developer through source code comments.
There are five types of software technical debts:

Implementation: Bad coding practices leading to poor legibility of code, making it difficult to understand and maintain.
Test: Problems found in implementations involving testing or monitoring subcomponents.
Defect: Identified defects in the system that should be addressed.
Design: Areas which violate good software design practices, causing poor flexibility to evolving business needs.
Documentation: Inadequate documentation that exists within the software system.

Choose and assign ONE label among: Implementation, Test, Defect, Design, or Documentation.

### Technical debt comment: """""" // TODO: not implemented """"""",IMPLEMENTATION,IMPLEMENTATION
"Self-admitted technical debt (SATD) is technical debt admitted by the developer through source code comments.
There are five types of software technical debts:

Implementation: Bad coding practices leading to poor legibility of code, making it difficult to understand and maintain.
Test: Problems found in implementations involving testing or monitoring subcomponents.
Defect: Identified defects in the system that should be addressed.
Design: Areas which violate good software design practices, causing poor flexibility to evolving business needs.
Documentation: Inadequate documentation that exists within the software system.

Choose and assign ONE label among: Implementation, Test, Defect, Design, or Documentation.

### Technical debt comment: """""" // TODO: Do we want all enabled tabs to listen or // only the one that is selected/visible? - tfm """"""",IMPLEMENTATION,IMPLEMENTATION
"Self-admitted technical debt (SATD) is technical debt admitted by the developer through source code comments.
There are five types of software technical debts:

Implementation: Bad coding practices leading to poor legibility of code, making it difficult to understand and maintain.
Test: Problems found in implementations involving testing or monitoring subcomponents.
Defect: Identified defects in the system that should be addressed.
Design: Areas which violate good software design practices, causing poor flexibility to evolving business needs.
Documentation: Inadequate documentation that exists within the software system.

Choose and assign ONE label among: Implementation, Test, Defect, Design, or Documentation.

### Technical debt comment: """""" // TODO: replace this recursive function by a loop like in getRoot: """"""",DESIGN,IMPLEMENTATION
"Self-admitted technical debt (SATD) is technical debt admitted by the developer through source code comments.
There are five types of software technical debts:

Implementation: Bad coding practices leading to poor legibility of code, making it difficult to understand and maintain.
Test: Problems found in implementations involving testing or monitoring subcomponents.
Defect: Identified defects in the system that should be addressed.
Design: Areas which violate good software design practices, causing poor flexibility to evolving business needs.
Documentation: Inadequate documentation that exists within the software system.

Choose and assign ONE label among: Implementation, Test, Defect, Design, or Documentation.

### Technical debt comment: """""" // TODO: Ruby does not seem to care about invalid numeric mode values // I am not sure if ruby overflows here also... """"""",DESIGN,DEFECT
"Self-admitted technical debt (SATD) is technical debt admitted by the developer through source code comments.
There are five types of software technical debts:

Implementation: Bad coding practices leading to poor legibility of code, making it difficult to understand and maintain.
Test: Problems found in implementations involving testing or monitoring subcomponents.
Defect: Identified defects in the system that should be addressed.
Design: Areas which violate good software design practices, causing poor flexibility to evolving business needs.
Documentation: Inadequate documentation that exists within the software system.

Choose and assign ONE label among: Implementation, Test, Defect, Design, or Documentation.

### Technical debt comment: """""" // FIXME: this attribute is not used - deprecate? """"""",DESIGN,DESIGN
"Self-admitted technical debt (SATD) is technical debt admitted by the developer through source code comments.
There are five types of software technical debts:

Implementation: Bad coding practices leading to poor legibility of code, making it difficult to understand and maintain.
Test: Problems found in implementations involving testing or monitoring subcomponents.
Defect: Identified defects in the system that should be addressed.
Design: Areas which violate good software design practices, causing poor flexibility to evolving business needs.
Documentation: Inadequate documentation that exists within the software system.

Choose and assign ONE label among: Implementation, Test, Defect, Design, or Documentation.

### Technical debt comment: """""" // XXX what is this for? """"""",DESIGN,DESIGN
"Self-admitted technical debt (SATD) is technical debt admitted by the developer through source code comments.
There are five types of software technical debts:

Implementation: Bad coding practices leading to poor legibility of code, making it difficult to understand and maintain.
Test: Problems found in implementations involving testing or monitoring subcomponents.
Defect: Identified defects in the system that should be addressed.
Design: Areas which violate good software design practices, causing poor flexibility to evolving business needs.
Documentation: Inadequate documentation that exists within the software system.

Choose and assign ONE label among: Implementation, Test, Defect, Design, or Documentation.

### Technical debt comment: """""" //TODO: Open in message frame //TODO: Handle also message attachments from OpenInComposer action """"""",DESIGN,DESIGN
"Self-admitted technical debt (SATD) is technical debt admitted by the developer through source code comments.
There are five types of software technical debts:

Implementation: Bad coding practices leading to poor legibility of code, making it difficult to understand and maintain.
Test: Problems found in implementations involving testing or monitoring subcomponents.
Defect: Identified defects in the system that should be addressed.
Design: Areas which violate good software design practices, causing poor flexibility to evolving business needs.
Documentation: Inadequate documentation that exists within the software system.

Choose and assign ONE label among: Implementation, Test, Defect, Design, or Documentation.

### Technical debt comment: """""" // Now we know that this critic is still valid. What we need to // figure out is if the corresponding to-do item is still valid. // The to-do item is to be replaced if the name of some offender // has changed that affects its description or if the contents // of the list of offenders has changed. // We check that by creating a new ToDoItem and then verifying // that it looks exactly the same. // This really creates a lot of to-do items that goes to waste. """"""",IMPLEMENTATION,DESIGN
"Self-admitted technical debt (SATD) is technical debt admitted by the developer through source code comments.
There are five types of software technical debts:

Implementation: Bad coding practices leading to poor legibility of code, making it difficult to understand and maintain.
Test: Problems found in implementations involving testing or monitoring subcomponents.
Defect: Identified defects in the system that should be addressed.
Design: Areas which violate good software design practices, causing poor flexibility to evolving business needs.
Documentation: Inadequate documentation that exists within the software system.

Choose and assign ONE label among: Implementation, Test, Defect, Design, or Documentation.

### Technical debt comment: """""" // TODO: don't require pop """"""",DEFECT,DEFECT
"Self-admitted technical debt (SATD) is technical debt admitted by the developer through source code comments.
There are five types of software technical debts:

Implementation: Bad coding practices leading to poor legibility of code, making it difficult to understand and maintain.
Test: Problems found in implementations involving testing or monitoring subcomponents.
Defect: Identified defects in the system that should be addressed.
Design: Areas which violate good software design practices, causing poor flexibility to evolving business needs.
Documentation: Inadequate documentation that exists within the software system.

Choose and assign ONE label among: Implementation, Test, Defect, Design, or Documentation.

### Technical debt comment: """""" /**
     * Returns a set (union) of all unique applicable stereotypes for a given
     * collection of model elements. TODO: This is not optimized for
     * performance.
     * 
     * @param elements the given collection of model elements
     * @return the set with stereotype UML objects
     */ """"""",IMPLEMENTATION,IMPLEMENTATION
"Self-admitted technical debt (SATD) is technical debt admitted by the developer through source code comments.
There are five types of software technical debts:

Implementation: Bad coding practices leading to poor legibility of code, making it difficult to understand and maintain.
Test: Problems found in implementations involving testing or monitoring subcomponents.
Defect: Identified defects in the system that should be addressed.
Design: Areas which violate good software design practices, causing poor flexibility to evolving business needs.
Documentation: Inadequate documentation that exists within the software system.

Choose and assign ONE label among: Implementation, Test, Defect, Design, or Documentation.

### Technical debt comment: """""" // only works for jEdit plugins """"""",DEFECT,DEFECT
"Self-admitted technical debt (SATD) is technical debt admitted by the developer through source code comments.
There are five types of software technical debts:

Implementation: Bad coding practices leading to poor legibility of code, making it difficult to understand and maintain.
Test: Problems found in implementations involving testing or monitoring subcomponents.
Defect: Identified defects in the system that should be addressed.
Design: Areas which violate good software design practices, causing poor flexibility to evolving business needs.
Documentation: Inadequate documentation that exists within the software system.

Choose and assign ONE label among: Implementation, Test, Defect, Design, or Documentation.

### Technical debt comment: """""" // TODO support multiple signers """"""",IMPLEMENTATION,DESIGN
"Self-admitted technical debt (SATD) is technical debt admitted by the developer through source code comments.
There are five types of software technical debts:

Implementation: Bad coding practices leading to poor legibility of code, making it difficult to understand and maintain.
Test: Problems found in implementations involving testing or monitoring subcomponents.
Defect: Identified defects in the system that should be addressed.
Design: Areas which violate good software design practices, causing poor flexibility to evolving business needs.
Documentation: Inadequate documentation that exists within the software system.

Choose and assign ONE label among: Implementation, Test, Defect, Design, or Documentation.

### Technical debt comment: """""" // not needed """"""",IMPLEMENTATION,IMPLEMENTATION
"Self-admitted technical debt (SATD) is technical debt admitted by the developer through source code comments.
There are five types of software technical debts:

Implementation: Bad coding practices leading to poor legibility of code, making it difficult to understand and maintain.
Test: Problems found in implementations involving testing or monitoring subcomponents.
Defect: Identified defects in the system that should be addressed.
Design: Areas which violate good software design practices, causing poor flexibility to evolving business needs.
Documentation: Inadequate documentation that exists within the software system.

Choose and assign ONE label among: Implementation, Test, Defect, Design, or Documentation.

### Technical debt comment: """""" // TODO: notify threads waiting on descriptors/IO? probably not... """"""",IMPLEMENTATION,DESIGN
"Self-admitted technical debt (SATD) is technical debt admitted by the developer through source code comments.
There are five types of software technical debts:

Implementation: Bad coding practices leading to poor legibility of code, making it difficult to understand and maintain.
Test: Problems found in implementations involving testing or monitoring subcomponents.
Defect: Identified defects in the system that should be addressed.
Design: Areas which violate good software design practices, causing poor flexibility to evolving business needs.
Documentation: Inadequate documentation that exists within the software system.

Choose and assign ONE label among: Implementation, Test, Defect, Design, or Documentation.

### Technical debt comment: """""" //DMS this doesn't really produce nice output. // """"""",DESIGN,DEFECT
"Self-admitted technical debt (SATD) is technical debt admitted by the developer through source code comments.
There are five types of software technical debts:

Implementation: Bad coding practices leading to poor legibility of code, making it difficult to understand and maintain.
Test: Problems found in implementations involving testing or monitoring subcomponents.
Defect: Identified defects in the system that should be addressed.
Design: Areas which violate good software design practices, causing poor flexibility to evolving business needs.
Documentation: Inadequate documentation that exists within the software system.

Choose and assign ONE label among: Implementation, Test, Defect, Design, or Documentation.

### Technical debt comment: """""" // TODO: don't require pop """"""",DEFECT,DEFECT
"Self-admitted technical debt (SATD) is technical debt admitted by the developer through source code comments.
There are five types of software technical debts:

Implementation: Bad coding practices leading to poor legibility of code, making it difficult to understand and maintain.
Test: Problems found in implementations involving testing or monitoring subcomponents.
Defect: Identified defects in the system that should be addressed.
Design: Areas which violate good software design practices, causing poor flexibility to evolving business needs.
Documentation: Inadequate documentation that exists within the software system.

Choose and assign ONE label among: Implementation, Test, Defect, Design, or Documentation.

### Technical debt comment: """""" // TODO This is really quite attrocious since there is code that will assume an iterator that returns strings! """"""",DESIGN,DESIGN
"Self-admitted technical debt (SATD) is technical debt admitted by the developer through source code comments.
There are five types of software technical debts:

Implementation: Bad coding practices leading to poor legibility of code, making it difficult to understand and maintain.
Test: Problems found in implementations involving testing or monitoring subcomponents.
Defect: Identified defects in the system that should be addressed.
Design: Areas which violate good software design practices, causing poor flexibility to evolving business needs.
Documentation: Inadequate documentation that exists within the software system.

Choose and assign ONE label among: Implementation, Test, Defect, Design, or Documentation.

### Technical debt comment: """""" // TODO: Split this into two sub-classes so that name and constNode can be specified seperately. """"""",DESIGN,DESIGN
"Self-admitted technical debt (SATD) is technical debt admitted by the developer through source code comments.
There are five types of software technical debts:

Implementation: Bad coding practices leading to poor legibility of code, making it difficult to understand and maintain.
Test: Problems found in implementations involving testing or monitoring subcomponents.
Defect: Identified defects in the system that should be addressed.
Design: Areas which violate good software design practices, causing poor flexibility to evolving business needs.
Documentation: Inadequate documentation that exists within the software system.

Choose and assign ONE label among: Implementation, Test, Defect, Design, or Documentation.

### Technical debt comment: """""" // FIXME: Document difference between warn and warning (or rename one better) """"""",DOCUMENTATION,DOCUMENTATION
"Self-admitted technical debt (SATD) is technical debt admitted by the developer through source code comments.
There are five types of software technical debts:

Implementation: Bad coding practices leading to poor legibility of code, making it difficult to understand and maintain.
Test: Problems found in implementations involving testing or monitoring subcomponents.
Defect: Identified defects in the system that should be addressed.
Design: Areas which violate good software design practices, causing poor flexibility to evolving business needs.
Documentation: Inadequate documentation that exists within the software system.

Choose and assign ONE label among: Implementation, Test, Defect, Design, or Documentation.

### Technical debt comment: """""" /**
     * Finds a type in a model by name
     *
     * FIXME: duplicated from the method with the same name in
     * org.argouml.profile.internal.ModelUtils.
     *
     * @param s the type name
     * @param model the model
     * @return the type or <code>null</code> if the type has not been found.
     */ """"""",DESIGN,DESIGN
"Self-admitted technical debt (SATD) is technical debt admitted by the developer through source code comments.
There are five types of software technical debts:

Implementation: Bad coding practices leading to poor legibility of code, making it difficult to understand and maintain.
Test: Problems found in implementations involving testing or monitoring subcomponents.
Defect: Identified defects in the system that should be addressed.
Design: Areas which violate good software design practices, causing poor flexibility to evolving business needs.
Documentation: Inadequate documentation that exists within the software system.

Choose and assign ONE label among: Implementation, Test, Defect, Design, or Documentation.

### Technical debt comment: """""" // NOT USED transient protected ThreadGroup THREADGROUP = null; // Anyway, was this supposed to be the class from java.lang, or // jmeter.threads? """"""",DESIGN,DESIGN
"Self-admitted technical debt (SATD) is technical debt admitted by the developer through source code comments.
There are five types of software technical debts:

Implementation: Bad coding practices leading to poor legibility of code, making it difficult to understand and maintain.
Test: Problems found in implementations involving testing or monitoring subcomponents.
Defect: Identified defects in the system that should be addressed.
Design: Areas which violate good software design practices, causing poor flexibility to evolving business needs.
Documentation: Inadequate documentation that exists within the software system.

Choose and assign ONE label among: Implementation, Test, Defect, Design, or Documentation.

### Technical debt comment: """""" // Check for field on object  // Note: could eliminate throwing the exception somehow """"""",DESIGN,DESIGN
"Self-admitted technical debt (SATD) is technical debt admitted by the developer through source code comments.
There are five types of software technical debts:

Implementation: Bad coding practices leading to poor legibility of code, making it difficult to understand and maintain.
Test: Problems found in implementations involving testing or monitoring subcomponents.
Defect: Identified defects in the system that should be addressed.
Design: Areas which violate good software design practices, causing poor flexibility to evolving business needs.
Documentation: Inadequate documentation that exists within the software system.

Choose and assign ONE label among: Implementation, Test, Defect, Design, or Documentation.

### Technical debt comment: """""" /**
	 * 
	 * create subject headerfield in using the senders message subject and
	 * prepending ""Re:"" if not already there
	 * 
	 * @param header
	 *            A <code>ColumbaHeader</code> which contains the headerfields
	 *            of the message we want reply/forward.
	 * 
	 * FIXME (@author fdietz): we need to i18n this!
	 */ """"""",IMPLEMENTATION,IMPLEMENTATION
"Self-admitted technical debt (SATD) is technical debt admitted by the developer through source code comments.
There are five types of software technical debts:

Implementation: Bad coding practices leading to poor legibility of code, making it difficult to understand and maintain.
Test: Problems found in implementations involving testing or monitoring subcomponents.
Defect: Identified defects in the system that should be addressed.
Design: Areas which violate good software design practices, causing poor flexibility to evolving business needs.
Documentation: Inadequate documentation that exists within the software system.

Choose and assign ONE label among: Implementation, Test, Defect, Design, or Documentation.

### Technical debt comment: """""" // Programming error: bail out. """"""",DESIGN,DESIGN
"Self-admitted technical debt (SATD) is technical debt admitted by the developer through source code comments.
There are five types of software technical debts:

Implementation: Bad coding practices leading to poor legibility of code, making it difficult to understand and maintain.
Test: Problems found in implementations involving testing or monitoring subcomponents.
Defect: Identified defects in the system that should be addressed.
Design: Areas which violate good software design practices, causing poor flexibility to evolving business needs.
Documentation: Inadequate documentation that exists within the software system.

Choose and assign ONE label among: Implementation, Test, Defect, Design, or Documentation.

### Technical debt comment: """""" // TODO: test that surrogate value is legal. """"""",TEST,TEST
"Self-admitted technical debt (SATD) is technical debt admitted by the developer through source code comments.
There are five types of software technical debts:

Implementation: Bad coding practices leading to poor legibility of code, making it difficult to understand and maintain.
Test: Problems found in implementations involving testing or monitoring subcomponents.
Defect: Identified defects in the system that should be addressed.
Design: Areas which violate good software design practices, causing poor flexibility to evolving business needs.
Documentation: Inadequate documentation that exists within the software system.

Choose and assign ONE label among: Implementation, Test, Defect, Design, or Documentation.

### Technical debt comment: """""" //TODO deal with UNC names """"""",IMPLEMENTATION,IMPLEMENTATION
"Self-admitted technical debt (SATD) is technical debt admitted by the developer through source code comments.
There are five types of software technical debts:

Implementation: Bad coding practices leading to poor legibility of code, making it difficult to understand and maintain.
Test: Problems found in implementations involving testing or monitoring subcomponents.
Defect: Identified defects in the system that should be addressed.
Design: Areas which violate good software design practices, causing poor flexibility to evolving business needs.
Documentation: Inadequate documentation that exists within the software system.

Choose and assign ONE label among: Implementation, Test, Defect, Design, or Documentation.

### Technical debt comment: """""" // CREATE ENTITIES // FIXME:  these methods should be defined """"""",DESIGN,DESIGN
"Self-admitted technical debt (SATD) is technical debt admitted by the developer through source code comments.
There are five types of software technical debts:

Implementation: Bad coding practices leading to poor legibility of code, making it difficult to understand and maintain.
Test: Problems found in implementations involving testing or monitoring subcomponents.
Defect: Identified defects in the system that should be addressed.
Design: Areas which violate good software design practices, causing poor flexibility to evolving business needs.
Documentation: Inadequate documentation that exists within the software system.

Choose and assign ONE label among: Implementation, Test, Defect, Design, or Documentation.

### Technical debt comment: """""" //TODO: the i==entitySpan-1 bit depends upon subclass implementation (very bad) """"""",DESIGN,DESIGN
"Self-admitted technical debt (SATD) is technical debt admitted by the developer through source code comments.
There are five types of software technical debts:

Implementation: Bad coding practices leading to poor legibility of code, making it difficult to understand and maintain.
Test: Problems found in implementations involving testing or monitoring subcomponents.
Defect: Identified defects in the system that should be addressed.
Design: Areas which violate good software design practices, causing poor flexibility to evolving business needs.
Documentation: Inadequate documentation that exists within the software system.

Choose and assign ONE label among: Implementation, Test, Defect, Design, or Documentation.

### Technical debt comment: """""" // TODO do tests for type conformance (8.4.4), // even though it is not yet supported """"""",TEST,TEST
"Self-admitted technical debt (SATD) is technical debt admitted by the developer through source code comments.
There are five types of software technical debts:

Implementation: Bad coding practices leading to poor legibility of code, making it difficult to understand and maintain.
Test: Problems found in implementations involving testing or monitoring subcomponents.
Defect: Identified defects in the system that should be addressed.
Design: Areas which violate good software design practices, causing poor flexibility to evolving business needs.
Documentation: Inadequate documentation that exists within the software system.

Choose and assign ONE label among: Implementation, Test, Defect, Design, or Documentation.

### Technical debt comment: """""" /*
 * TODO: Delete me
 * Copyright (C) 2002-2003 Johan Compagner
 * jcompagner@j-com.nl
 *
 * This library is free software; you can redistribute it and/or
 * modify it under the terms of the GNU Lesser General Public
 * License as published by the Free Software Foundation; either
 * version 2.1 of the License, or (at your option) any later version.
 *
 * This library is distributed in the hope that it will be useful,
 * but WITHOUT ANY WARRANTY; without even the implied warranty of
 * MERCHANTABILITY or FITNESS FOR A PARTICULAR PURPOSE.  See the GNU
 * Lesser General Public License for more details.
 *
 * You should have received a copy of the GNU Lesser General Public
 * License along with this library; if not, write to the Free Software
 * Foundation, Inc., 59 Temple Place, Suite 330, Boston, MA  02111-1307  USA
 */ """"""",DESIGN,DESIGN
"Self-admitted technical debt (SATD) is technical debt admitted by the developer through source code comments.
There are five types of software technical debts:

Implementation: Bad coding practices leading to poor legibility of code, making it difficult to understand and maintain.
Test: Problems found in implementations involving testing or monitoring subcomponents.
Defect: Identified defects in the system that should be addressed.
Design: Areas which violate good software design practices, causing poor flexibility to evolving business needs.
Documentation: Inadequate documentation that exists within the software system.

Choose and assign ONE label among: Implementation, Test, Defect, Design, or Documentation.

### Technical debt comment: """""" // TODO: I18N """"""",IMPLEMENTATION,IMPLEMENTATION
"Self-admitted technical debt (SATD) is technical debt admitted by the developer through source code comments.
There are five types of software technical debts:

Implementation: Bad coding practices leading to poor legibility of code, making it difficult to understand and maintain.
Test: Problems found in implementations involving testing or monitoring subcomponents.
Defect: Identified defects in the system that should be addressed.
Design: Areas which violate good software design practices, causing poor flexibility to evolving business needs.
Documentation: Inadequate documentation that exists within the software system.

Choose and assign ONE label among: Implementation, Test, Defect, Design, or Documentation.

### Technical debt comment: """""" // TODO: should it remove the leftovers from other tests? //        cleanAllExtents(); //        assert getFacade().getRootElements().size() == 0; """"""",TEST,IMPLEMENTATION
"Self-admitted technical debt (SATD) is technical debt admitted by the developer through source code comments.
There are five types of software technical debts:

Implementation: Bad coding practices leading to poor legibility of code, making it difficult to understand and maintain.
Test: Problems found in implementations involving testing or monitoring subcomponents.
Defect: Identified defects in the system that should be addressed.
Design: Areas which violate good software design practices, causing poor flexibility to evolving business needs.
Documentation: Inadequate documentation that exists within the software system.

Choose and assign ONE label among: Implementation, Test, Defect, Design, or Documentation.

### Technical debt comment: """""" // TODO: Shouldn't we throw an exception here?!?! """"""",DEFECT,DESIGN
"Self-admitted technical debt (SATD) is technical debt admitted by the developer through source code comments.
There are five types of software technical debts:

Implementation: Bad coding practices leading to poor legibility of code, making it difficult to understand and maintain.
Test: Problems found in implementations involving testing or monitoring subcomponents.
Defect: Identified defects in the system that should be addressed.
Design: Areas which violate good software design practices, causing poor flexibility to evolving business needs.
Documentation: Inadequate documentation that exists within the software system.

Choose and assign ONE label among: Implementation, Test, Defect, Design, or Documentation.

### Technical debt comment: """""" // TODO : why aren't these the same? """"""",IMPLEMENTATION,DESIGN
"Self-admitted technical debt (SATD) is technical debt admitted by the developer through source code comments.
There are five types of software technical debts:

Implementation: Bad coding practices leading to poor legibility of code, making it difficult to understand and maintain.
Test: Problems found in implementations involving testing or monitoring subcomponents.
Defect: Identified defects in the system that should be addressed.
Design: Areas which violate good software design practices, causing poor flexibility to evolving business needs.
Documentation: Inadequate documentation that exists within the software system.

Choose and assign ONE label among: Implementation, Test, Defect, Design, or Documentation.

### Technical debt comment: """""" /**
     * ToDoItems that the designer has explicitly indicated that (s)he considers
     * resolved.
     * <p>
     * TODO: generalize into a design rationale logging facility.
     */ """"""",DESIGN,DESIGN
"Self-admitted technical debt (SATD) is technical debt admitted by the developer through source code comments.
There are five types of software technical debts:

Implementation: Bad coding practices leading to poor legibility of code, making it difficult to understand and maintain.
Test: Problems found in implementations involving testing or monitoring subcomponents.
Defect: Identified defects in the system that should be addressed.
Design: Areas which violate good software design practices, causing poor flexibility to evolving business needs.
Documentation: Inadequate documentation that exists within the software system.

Choose and assign ONE label among: Implementation, Test, Defect, Design, or Documentation.

### Technical debt comment: """""" // Unused? """"""",DESIGN,DESIGN
"Self-admitted technical debt (SATD) is technical debt admitted by the developer through source code comments.
There are five types of software technical debts:

Implementation: Bad coding practices leading to poor legibility of code, making it difficult to understand and maintain.
Test: Problems found in implementations involving testing or monitoring subcomponents.
Defect: Identified defects in the system that should be addressed.
Design: Areas which violate good software design practices, causing poor flexibility to evolving business needs.
Documentation: Inadequate documentation that exists within the software system.

Choose and assign ONE label among: Implementation, Test, Defect, Design, or Documentation.

### Technical debt comment: """""" /* FIXME: Resolve what the hell is going on*/ """"""",DESIGN,DESIGN
"Self-admitted technical debt (SATD) is technical debt admitted by the developer through source code comments.
There are five types of software technical debts:

Implementation: Bad coding practices leading to poor legibility of code, making it difficult to understand and maintain.
Test: Problems found in implementations involving testing or monitoring subcomponents.
Defect: Identified defects in the system that should be addressed.
Design: Areas which violate good software design practices, causing poor flexibility to evolving business needs.
Documentation: Inadequate documentation that exists within the software system.

Choose and assign ONE label among: Implementation, Test, Defect, Design, or Documentation.

### Technical debt comment: """""" // First of all, let's set up the duplicate hash. This hash contains // all the duplicate key for another key. // // TODO: every duplicate.put() is done twice - but how to avoid this? """"""",DESIGN,DESIGN
"Self-admitted technical debt (SATD) is technical debt admitted by the developer through source code comments.
There are five types of software technical debts:

Implementation: Bad coding practices leading to poor legibility of code, making it difficult to understand and maintain.
Test: Problems found in implementations involving testing or monitoring subcomponents.
Defect: Identified defects in the system that should be addressed.
Design: Areas which violate good software design practices, causing poor flexibility to evolving business needs.
Documentation: Inadequate documentation that exists within the software system.

Choose and assign ONE label among: Implementation, Test, Defect, Design, or Documentation.

### Technical debt comment: """""" /* TODO: link to the Signal. */ """"""",DOCUMENTATION,IMPLEMENTATION
"Self-admitted technical debt (SATD) is technical debt admitted by the developer through source code comments.
There are five types of software technical debts:

Implementation: Bad coding practices leading to poor legibility of code, making it difficult to understand and maintain.
Test: Problems found in implementations involving testing or monitoring subcomponents.
Defect: Identified defects in the system that should be addressed.
Design: Areas which violate good software design practices, causing poor flexibility to evolving business needs.
Documentation: Inadequate documentation that exists within the software system.

Choose and assign ONE label among: Implementation, Test, Defect, Design, or Documentation.

### Technical debt comment: """""" // TODO: WRONG - get interfaces from class """"""",DESIGN,DEFECT
"Self-admitted technical debt (SATD) is technical debt admitted by the developer through source code comments.
There are five types of software technical debts:

Implementation: Bad coding practices leading to poor legibility of code, making it difficult to understand and maintain.
Test: Problems found in implementations involving testing or monitoring subcomponents.
Defect: Identified defects in the system that should be addressed.
Design: Areas which violate good software design practices, causing poor flexibility to evolving business needs.
Documentation: Inadequate documentation that exists within the software system.

Choose and assign ONE label among: Implementation, Test, Defect, Design, or Documentation.

### Technical debt comment: """""" /* FIXME: arg_concat logic missing for opt_call_args*/ """"""",IMPLEMENTATION,IMPLEMENTATION
"Self-admitted technical debt (SATD) is technical debt admitted by the developer through source code comments.
There are five types of software technical debts:

Implementation: Bad coding practices leading to poor legibility of code, making it difficult to understand and maintain.
Test: Problems found in implementations involving testing or monitoring subcomponents.
Defect: Identified defects in the system that should be addressed.
Design: Areas which violate good software design practices, causing poor flexibility to evolving business needs.
Documentation: Inadequate documentation that exists within the software system.

Choose and assign ONE label among: Implementation, Test, Defect, Design, or Documentation.

### Technical debt comment: """""" // This is carried over from previous implementation // not sure why we don't want contents of package - tfm - 20060214 """"""",DESIGN,DESIGN
"Self-admitted technical debt (SATD) is technical debt admitted by the developer through source code comments.
There are five types of software technical debts:

Implementation: Bad coding practices leading to poor legibility of code, making it difficult to understand and maintain.
Test: Problems found in implementations involving testing or monitoring subcomponents.
Defect: Identified defects in the system that should be addressed.
Design: Areas which violate good software design practices, causing poor flexibility to evolving business needs.
Documentation: Inadequate documentation that exists within the software system.

Choose and assign ONE label among: Implementation, Test, Defect, Design, or Documentation.

### Technical debt comment: """""" /**
     * Reply the ToDoItem that the designer should see iff predicate()
     * returns true. By default it just fills in the fields of the
     * ToDoItem from accessor methods of this Critic. Critic Subclasses
     * may override this method or the accessor methods to add computed
     * fields to the ToDoItem.
     *
     * TODO: Critic's may want to add new fields to a
     * ToDoItem to make stillValid more efficent.
     *
     * @see Critic#critique
     *
     * @param dm the offender
     * @param dsgr the designer
     * @return ToDoItem
     */ """"""",IMPLEMENTATION,DESIGN
"Self-admitted technical debt (SATD) is technical debt admitted by the developer through source code comments.
There are five types of software technical debts:

Implementation: Bad coding practices leading to poor legibility of code, making it difficult to understand and maintain.
Test: Problems found in implementations involving testing or monitoring subcomponents.
Defect: Identified defects in the system that should be addressed.
Design: Areas which violate good software design practices, causing poor flexibility to evolving business needs.
Documentation: Inadequate documentation that exists within the software system.

Choose and assign ONE label among: Implementation, Test, Defect, Design, or Documentation.

### Technical debt comment: """""" // XXX is this code still necessary? is there any 1.2+ port? // Pull in *.zip from packages directory """"""",DESIGN,DESIGN
"Self-admitted technical debt (SATD) is technical debt admitted by the developer through source code comments.
There are five types of software technical debts:

Implementation: Bad coding practices leading to poor legibility of code, making it difficult to understand and maintain.
Test: Problems found in implementations involving testing or monitoring subcomponents.
Defect: Identified defects in the system that should be addressed.
Design: Areas which violate good software design practices, causing poor flexibility to evolving business needs.
Documentation: Inadequate documentation that exists within the software system.

Choose and assign ONE label among: Implementation, Test, Defect, Design, or Documentation.

### Technical debt comment: """""" // TODO: setText in GEF should call setBounds instead of directly // changing x, y, w, h - then we will have an event generated // correctly in GEF """"""",DESIGN,DESIGN
"Self-admitted technical debt (SATD) is technical debt admitted by the developer through source code comments.
There are five types of software technical debts:

Implementation: Bad coding practices leading to poor legibility of code, making it difficult to understand and maintain.
Test: Problems found in implementations involving testing or monitoring subcomponents.
Defect: Identified defects in the system that should be addressed.
Design: Areas which violate good software design practices, causing poor flexibility to evolving business needs.
Documentation: Inadequate documentation that exists within the software system.

Choose and assign ONE label among: Implementation, Test, Defect, Design, or Documentation.

### Technical debt comment: """""" //Icky workaround for MySQL bug: """"""",DESIGN,DESIGN
"Self-admitted technical debt (SATD) is technical debt admitted by the developer through source code comments.
There are five types of software technical debts:

Implementation: Bad coding practices leading to poor legibility of code, making it difficult to understand and maintain.
Test: Problems found in implementations involving testing or monitoring subcomponents.
Defect: Identified defects in the system that should be addressed.
Design: Areas which violate good software design practices, causing poor flexibility to evolving business needs.
Documentation: Inadequate documentation that exists within the software system.

Choose and assign ONE label among: Implementation, Test, Defect, Design, or Documentation.

### Technical debt comment: """""" // TODO: Use Model.getModelManagementHelper().getPathList(modelElement); // TODO: This will fail with nested Models """"""",DEFECT,IMPLEMENTATION
"Self-admitted technical debt (SATD) is technical debt admitted by the developer through source code comments.
There are five types of software technical debts:

Implementation: Bad coding practices leading to poor legibility of code, making it difficult to understand and maintain.
Test: Problems found in implementations involving testing or monitoring subcomponents.
Defect: Identified defects in the system that should be addressed.
Design: Areas which violate good software design practices, causing poor flexibility to evolving business needs.
Documentation: Inadequate documentation that exists within the software system.

Choose and assign ONE label among: Implementation, Test, Defect, Design, or Documentation.

### Technical debt comment: """""" // Maps to contain page and form encodings // TODO - do these really need to be shared between all Proxy instances? """"""",DESIGN,DESIGN
"Self-admitted technical debt (SATD) is technical debt admitted by the developer through source code comments.
There are five types of software technical debts:

Implementation: Bad coding practices leading to poor legibility of code, making it difficult to understand and maintain.
Test: Problems found in implementations involving testing or monitoring subcomponents.
Defect: Identified defects in the system that should be addressed.
Design: Areas which violate good software design practices, causing poor flexibility to evolving business needs.
Documentation: Inadequate documentation that exists within the software system.

Choose and assign ONE label among: Implementation, Test, Defect, Design, or Documentation.

### Technical debt comment: """""" /**
     * Loads a project displaying a nice ProgressMonitor
     *
     * @param file      the project to be opened
     * @param showUI    whether to show the GUI or not
     *
     * TODO: This needs to be refactored to be GUI independent - tfm
     */ """"""",DESIGN,DESIGN
"Self-admitted technical debt (SATD) is technical debt admitted by the developer through source code comments.
There are five types of software technical debts:

Implementation: Bad coding practices leading to poor legibility of code, making it difficult to understand and maintain.
Test: Problems found in implementations involving testing or monitoring subcomponents.
Defect: Identified defects in the system that should be addressed.
Design: Areas which violate good software design practices, causing poor flexibility to evolving business needs.
Documentation: Inadequate documentation that exists within the software system.

Choose and assign ONE label among: Implementation, Test, Defect, Design, or Documentation.

### Technical debt comment: """""" // TODO: This is never executed as Ludos DI work was never // finished. """"""",DEFECT,IMPLEMENTATION
"Self-admitted technical debt (SATD) is technical debt admitted by the developer through source code comments.
There are five types of software technical debts:

Implementation: Bad coding practices leading to poor legibility of code, making it difficult to understand and maintain.
Test: Problems found in implementations involving testing or monitoring subcomponents.
Defect: Identified defects in the system that should be addressed.
Design: Areas which violate good software design practices, causing poor flexibility to evolving business needs.
Documentation: Inadequate documentation that exists within the software system.

Choose and assign ONE label among: Implementation, Test, Defect, Design, or Documentation.

### Technical debt comment: """""" // FIXME better ask the renderer instead of DatasetUtilities """"""",DESIGN,DESIGN
"Self-admitted technical debt (SATD) is technical debt admitted by the developer through source code comments.
There are five types of software technical debts:

Implementation: Bad coding practices leading to poor legibility of code, making it difficult to understand and maintain.
Test: Problems found in implementations involving testing or monitoring subcomponents.
Defect: Identified defects in the system that should be addressed.
Design: Areas which violate good software design practices, causing poor flexibility to evolving business needs.
Documentation: Inadequate documentation that exists within the software system.

Choose and assign ONE label among: Implementation, Test, Defect, Design, or Documentation.

### Technical debt comment: """""" // TODO: what type? """"""",DESIGN,DESIGN
"Self-admitted technical debt (SATD) is technical debt admitted by the developer through source code comments.
There are five types of software technical debts:

Implementation: Bad coding practices leading to poor legibility of code, making it difficult to understand and maintain.
Test: Problems found in implementations involving testing or monitoring subcomponents.
Defect: Identified defects in the system that should be addressed.
Design: Areas which violate good software design practices, causing poor flexibility to evolving business needs.
Documentation: Inadequate documentation that exists within the software system.

Choose and assign ONE label among: Implementation, Test, Defect, Design, or Documentation.

### Technical debt comment: """""" //Don't need this, because we should never ever be selecting no columns in an insert ... select... //and because it causes a bug on DB2 """"""",DEFECT,DESIGN
"Self-admitted technical debt (SATD) is technical debt admitted by the developer through source code comments.
There are five types of software technical debts:

Implementation: Bad coding practices leading to poor legibility of code, making it difficult to understand and maintain.
Test: Problems found in implementations involving testing or monitoring subcomponents.
Defect: Identified defects in the system that should be addressed.
Design: Areas which violate good software design practices, causing poor flexibility to evolving business needs.
Documentation: Inadequate documentation that exists within the software system.

Choose and assign ONE label among: Implementation, Test, Defect, Design, or Documentation.

### Technical debt comment: """""" /* TODO: Some parts of ArgoUML have preliminary support for multiple
     * details panels, but we currently only support
     * the default South (bottom) panel
     */ """"""",DESIGN,DESIGN
"Self-admitted technical debt (SATD) is technical debt admitted by the developer through source code comments.
There are five types of software technical debts:

Implementation: Bad coding practices leading to poor legibility of code, making it difficult to understand and maintain.
Test: Problems found in implementations involving testing or monitoring subcomponents.
Defect: Identified defects in the system that should be addressed.
Design: Areas which violate good software design practices, causing poor flexibility to evolving business needs.
Documentation: Inadequate documentation that exists within the software system.

Choose and assign ONE label among: Implementation, Test, Defect, Design, or Documentation.

### Technical debt comment: """""" /*
		I wish protected access were limited to children and not also 
		package scope... I want this to be a singleton implemented by various
		children.  
	*/ """"""",DESIGN,DESIGN
"Self-admitted technical debt (SATD) is technical debt admitted by the developer through source code comments.
There are five types of software technical debts:

Implementation: Bad coding practices leading to poor legibility of code, making it difficult to understand and maintain.
Test: Problems found in implementations involving testing or monitoring subcomponents.
Defect: Identified defects in the system that should be addressed.
Design: Areas which violate good software design practices, causing poor flexibility to evolving business needs.
Documentation: Inadequate documentation that exists within the software system.

Choose and assign ONE label among: Implementation, Test, Defect, Design, or Documentation.

### Technical debt comment: """""" // It might be useful also to make this available in the 'Request' tab, for // when posting JSON. """"""",DESIGN,DESIGN
"Self-admitted technical debt (SATD) is technical debt admitted by the developer through source code comments.
There are five types of software technical debts:

Implementation: Bad coding practices leading to poor legibility of code, making it difficult to understand and maintain.
Test: Problems found in implementations involving testing or monitoring subcomponents.
Defect: Identified defects in the system that should be addressed.
Design: Areas which violate good software design practices, causing poor flexibility to evolving business needs.
Documentation: Inadequate documentation that exists within the software system.

Choose and assign ONE label among: Implementation, Test, Defect, Design, or Documentation.

### Technical debt comment: """""" // empty string ('') seems to be represented as null in some drivers. // Not sure if this is the best thing to do here, but it fixes an issue // where SQL returns is set default to '', when it is already null. """"""",DESIGN,DESIGN
"Self-admitted technical debt (SATD) is technical debt admitted by the developer through source code comments.
There are five types of software technical debts:

Implementation: Bad coding practices leading to poor legibility of code, making it difficult to understand and maintain.
Test: Problems found in implementations involving testing or monitoring subcomponents.
Defect: Identified defects in the system that should be addressed.
Design: Areas which violate good software design practices, causing poor flexibility to evolving business needs.
Documentation: Inadequate documentation that exists within the software system.

Choose and assign ONE label among: Implementation, Test, Defect, Design, or Documentation.

### Technical debt comment: """""" // TODO I18N """"""",IMPLEMENTATION,IMPLEMENTATION
"Self-admitted technical debt (SATD) is technical debt admitted by the developer through source code comments.
There are five types of software technical debts:

Implementation: Bad coding practices leading to poor legibility of code, making it difficult to understand and maintain.
Test: Problems found in implementations involving testing or monitoring subcomponents.
Defect: Identified defects in the system that should be addressed.
Design: Areas which violate good software design practices, causing poor flexibility to evolving business needs.
Documentation: Inadequate documentation that exists within the software system.

Choose and assign ONE label among: Implementation, Test, Defect, Design, or Documentation.

### Technical debt comment: """""" /*
	Can't this be combined with run() ?
	run seems to have stuff in it for interactive vs. non-interactive...
	compare them side by side and see what they do differently, aside from the
	exception handling.
	*/ """"""",DESIGN,DESIGN
"Self-admitted technical debt (SATD) is technical debt admitted by the developer through source code comments.
There are five types of software technical debts:

Implementation: Bad coding practices leading to poor legibility of code, making it difficult to understand and maintain.
Test: Problems found in implementations involving testing or monitoring subcomponents.
Defect: Identified defects in the system that should be addressed.
Design: Areas which violate good software design practices, causing poor flexibility to evolving business needs.
Documentation: Inadequate documentation that exists within the software system.

Choose and assign ONE label among: Implementation, Test, Defect, Design, or Documentation.

### Technical debt comment: """""" //??GETRIDOFTHIS """"""",DESIGN,DESIGN
"Self-admitted technical debt (SATD) is technical debt admitted by the developer through source code comments.
There are five types of software technical debts:

Implementation: Bad coding practices leading to poor legibility of code, making it difficult to understand and maintain.
Test: Problems found in implementations involving testing or monitoring subcomponents.
Defect: Identified defects in the system that should be addressed.
Design: Areas which violate good software design practices, causing poor flexibility to evolving business needs.
Documentation: Inadequate documentation that exists within the software system.

Choose and assign ONE label among: Implementation, Test, Defect, Design, or Documentation.

### Technical debt comment: """""" /**
     * FIXME Per the RegionFactory class Javadoc, this constructor version
     * should not be necessary.
     * 
     * @param props The configuration properties
     */ """"""",DESIGN,DESIGN
"Self-admitted technical debt (SATD) is technical debt admitted by the developer through source code comments.
There are five types of software technical debts:

Implementation: Bad coding practices leading to poor legibility of code, making it difficult to understand and maintain.
Test: Problems found in implementations involving testing or monitoring subcomponents.
Defect: Identified defects in the system that should be addressed.
Design: Areas which violate good software design practices, causing poor flexibility to evolving business needs.
Documentation: Inadequate documentation that exists within the software system.

Choose and assign ONE label among: Implementation, Test, Defect, Design, or Documentation.

### Technical debt comment: """""" // Hide save action during load. Otherwise we get the // * appearing in title bar and the save enabling as models are // updated // TODO: Do we still need this now the save enablement is improved? """"""",IMPLEMENTATION,DESIGN
"Self-admitted technical debt (SATD) is technical debt admitted by the developer through source code comments.
There are five types of software technical debts:

Implementation: Bad coding practices leading to poor legibility of code, making it difficult to understand and maintain.
Test: Problems found in implementations involving testing or monitoring subcomponents.
Defect: Identified defects in the system that should be addressed.
Design: Areas which violate good software design practices, causing poor flexibility to evolving business needs.
Documentation: Inadequate documentation that exists within the software system.

Choose and assign ONE label among: Implementation, Test, Defect, Design, or Documentation.

### Technical debt comment: """""" // TODO: Multiple associations between the same pair of elements // need to be special cased so that they don't overlap - tfm - 20060228 """"""",DESIGN,DESIGN
"Self-admitted technical debt (SATD) is technical debt admitted by the developer through source code comments.
There are five types of software technical debts:

Implementation: Bad coding practices leading to poor legibility of code, making it difficult to understand and maintain.
Test: Problems found in implementations involving testing or monitoring subcomponents.
Defect: Identified defects in the system that should be addressed.
Design: Areas which violate good software design practices, causing poor flexibility to evolving business needs.
Documentation: Inadequate documentation that exists within the software system.

Choose and assign ONE label among: Implementation, Test, Defect, Design, or Documentation.

### Technical debt comment: """""" /**
	 * Set the password for this alias.
	 *
	 * @param	password	The new password.
	 *
	 * @throws	ValidationException
	 * 			TODO: What conditions?
	 */ """"""",DESIGN,DESIGN
"Self-admitted technical debt (SATD) is technical debt admitted by the developer through source code comments.
There are five types of software technical debts:

Implementation: Bad coding practices leading to poor legibility of code, making it difficult to understand and maintain.
Test: Problems found in implementations involving testing or monitoring subcomponents.
Defect: Identified defects in the system that should be addressed.
Design: Areas which violate good software design practices, causing poor flexibility to evolving business needs.
Documentation: Inadequate documentation that exists within the software system.

Choose and assign ONE label among: Implementation, Test, Defect, Design, or Documentation.

### Technical debt comment: """""" // TODO: cache? """"""",DESIGN,DESIGN
"Self-admitted technical debt (SATD) is technical debt admitted by the developer through source code comments.
There are five types of software technical debts:

Implementation: Bad coding practices leading to poor legibility of code, making it difficult to understand and maintain.
Test: Problems found in implementations involving testing or monitoring subcomponents.
Defect: Identified defects in the system that should be addressed.
Design: Areas which violate good software design practices, causing poor flexibility to evolving business needs.
Documentation: Inadequate documentation that exists within the software system.

Choose and assign ONE label among: Implementation, Test, Defect, Design, or Documentation.

### Technical debt comment: """""" // TO DO:  these annotations only work with XYPlot, see if it is possible to // make ContourPlot a subclass of XYPlot (DG); """"""",DESIGN,DESIGN
"Self-admitted technical debt (SATD) is technical debt admitted by the developer through source code comments.
There are five types of software technical debts:

Implementation: Bad coding practices leading to poor legibility of code, making it difficult to understand and maintain.
Test: Problems found in implementations involving testing or monitoring subcomponents.
Defect: Identified defects in the system that should be addressed.
Design: Areas which violate good software design practices, causing poor flexibility to evolving business needs.
Documentation: Inadequate documentation that exists within the software system.

Choose and assign ONE label among: Implementation, Test, Defect, Design, or Documentation.

### Technical debt comment: """""" // pattern now holds ** while string is not exhausted // this will generate false positives but we can live with that. """"""",DEFECT,DESIGN
"Self-admitted technical debt (SATD) is technical debt admitted by the developer through source code comments.
There are five types of software technical debts:

Implementation: Bad coding practices leading to poor legibility of code, making it difficult to understand and maintain.
Test: Problems found in implementations involving testing or monitoring subcomponents.
Defect: Identified defects in the system that should be addressed.
Design: Areas which violate good software design practices, causing poor flexibility to evolving business needs.
Documentation: Inadequate documentation that exists within the software system.

Choose and assign ONE label among: Implementation, Test, Defect, Design, or Documentation.

### Technical debt comment: """""" //TODO: implement, won't do this now """"""",IMPLEMENTATION,IMPLEMENTATION
"Self-admitted technical debt (SATD) is technical debt admitted by the developer through source code comments.
There are five types of software technical debts:

Implementation: Bad coding practices leading to poor legibility of code, making it difficult to understand and maintain.
Test: Problems found in implementations involving testing or monitoring subcomponents.
Defect: Identified defects in the system that should be addressed.
Design: Areas which violate good software design practices, causing poor flexibility to evolving business needs.
Documentation: Inadequate documentation that exists within the software system.

Choose and assign ONE label among: Implementation, Test, Defect, Design, or Documentation.

### Technical debt comment: """""" // Unused currently //            StringBuffer taggedValuesSb = getTaggedValues(modelElement); """"""",IMPLEMENTATION,DESIGN
"Self-admitted technical debt (SATD) is technical debt admitted by the developer through source code comments.
There are five types of software technical debts:

Implementation: Bad coding practices leading to poor legibility of code, making it difficult to understand and maintain.
Test: Problems found in implementations involving testing or monitoring subcomponents.
Defect: Identified defects in the system that should be addressed.
Design: Areas which violate good software design practices, causing poor flexibility to evolving business needs.
Documentation: Inadequate documentation that exists within the software system.

Choose and assign ONE label among: Implementation, Test, Defect, Design, or Documentation.

### Technical debt comment: """""" // TODO: confirm expected args are IRubyObject (or similar) """"""",DESIGN,DESIGN
"Self-admitted technical debt (SATD) is technical debt admitted by the developer through source code comments.
There are five types of software technical debts:

Implementation: Bad coding practices leading to poor legibility of code, making it difficult to understand and maintain.
Test: Problems found in implementations involving testing or monitoring subcomponents.
Defect: Identified defects in the system that should be addressed.
Design: Areas which violate good software design practices, causing poor flexibility to evolving business needs.
Documentation: Inadequate documentation that exists within the software system.

Choose and assign ONE label among: Implementation, Test, Defect, Design, or Documentation.

### Technical debt comment: """""" // TODO: Remove this old implementation after 0.22 if it's // demonstrated that it's not needed. - tfm """"""",DESIGN,IMPLEMENTATION
"Self-admitted technical debt (SATD) is technical debt admitted by the developer through source code comments.
There are five types of software technical debts:

Implementation: Bad coding practices leading to poor legibility of code, making it difficult to understand and maintain.
Test: Problems found in implementations involving testing or monitoring subcomponents.
Defect: Identified defects in the system that should be addressed.
Design: Areas which violate good software design practices, causing poor flexibility to evolving business needs.
Documentation: Inadequate documentation that exists within the software system.

Choose and assign ONE label among: Implementation, Test, Defect, Design, or Documentation.

### Technical debt comment: """""" /* TODO: what I really want to do here is get the SQL script and replace
                     * ""CREATE PROCEDURE"" with ""ALTER PROCEDURE"", then put that in the SQL pane
                     * and *NOT* execute it. */ """"""",DESIGN,IMPLEMENTATION
"Self-admitted technical debt (SATD) is technical debt admitted by the developer through source code comments.
There are five types of software technical debts:

Implementation: Bad coding practices leading to poor legibility of code, making it difficult to understand and maintain.
Test: Problems found in implementations involving testing or monitoring subcomponents.
Defect: Identified defects in the system that should be addressed.
Design: Areas which violate good software design practices, causing poor flexibility to evolving business needs.
Documentation: Inadequate documentation that exists within the software system.

Choose and assign ONE label among: Implementation, Test, Defect, Design, or Documentation.

### Technical debt comment: """""" // Nasty hardcoded values """"""",DESIGN,DESIGN
"Self-admitted technical debt (SATD) is technical debt admitted by the developer through source code comments.
There are five types of software technical debts:

Implementation: Bad coding practices leading to poor legibility of code, making it difficult to understand and maintain.
Test: Problems found in implementations involving testing or monitoring subcomponents.
Defect: Identified defects in the system that should be addressed.
Design: Areas which violate good software design practices, causing poor flexibility to evolving business needs.
Documentation: Inadequate documentation that exists within the software system.

Choose and assign ONE label among: Implementation, Test, Defect, Design, or Documentation.

### Technical debt comment: """""" // TODO investigate typo in spec!! """"""",DOCUMENTATION,IMPLEMENTATION
"Self-admitted technical debt (SATD) is technical debt admitted by the developer through source code comments.
There are five types of software technical debts:

Implementation: Bad coding practices leading to poor legibility of code, making it difficult to understand and maintain.
Test: Problems found in implementations involving testing or monitoring subcomponents.
Defect: Identified defects in the system that should be addressed.
Design: Areas which violate good software design practices, causing poor flexibility to evolving business needs.
Documentation: Inadequate documentation that exists within the software system.

Choose and assign ONE label among: Implementation, Test, Defect, Design, or Documentation.

### Technical debt comment: """""" // TODO: get rid of this (lax returns 0.0, strict will throw) """"""",DESIGN,DESIGN
"Self-admitted technical debt (SATD) is technical debt admitted by the developer through source code comments.
There are five types of software technical debts:

Implementation: Bad coding practices leading to poor legibility of code, making it difficult to understand and maintain.
Test: Problems found in implementations involving testing or monitoring subcomponents.
Defect: Identified defects in the system that should be addressed.
Design: Areas which violate good software design practices, causing poor flexibility to evolving business needs.
Documentation: Inadequate documentation that exists within the software system.

Choose and assign ONE label among: Implementation, Test, Defect, Design, or Documentation.

### Technical debt comment: """""" /// a kludge to make everything work when no rows returned """"""",DESIGN,DESIGN
"Self-admitted technical debt (SATD) is technical debt admitted by the developer through source code comments.
There are five types of software technical debts:

Implementation: Bad coding practices leading to poor legibility of code, making it difficult to understand and maintain.
Test: Problems found in implementations involving testing or monitoring subcomponents.
Defect: Identified defects in the system that should be addressed.
Design: Areas which violate good software design practices, causing poor flexibility to evolving business needs.
Documentation: Inadequate documentation that exists within the software system.

Choose and assign ONE label among: Implementation, Test, Defect, Design, or Documentation.

### Technical debt comment: """""" // FIXME calendar? """"""",DESIGN,DESIGN
"Self-admitted technical debt (SATD) is technical debt admitted by the developer through source code comments.
There are five types of software technical debts:

Implementation: Bad coding practices leading to poor legibility of code, making it difficult to understand and maintain.
Test: Problems found in implementations involving testing or monitoring subcomponents.
Defect: Identified defects in the system that should be addressed.
Design: Areas which violate good software design practices, causing poor flexibility to evolving business needs.
Documentation: Inadequate documentation that exists within the software system.

Choose and assign ONE label among: Implementation, Test, Defect, Design, or Documentation.

### Technical debt comment: """""" //avoid error in ant task tests (good way?) """"""",DESIGN,TEST
"Self-admitted technical debt (SATD) is technical debt admitted by the developer through source code comments.
There are five types of software technical debts:

Implementation: Bad coding practices leading to poor legibility of code, making it difficult to understand and maintain.
Test: Problems found in implementations involving testing or monitoring subcomponents.
Defect: Identified defects in the system that should be addressed.
Design: Areas which violate good software design practices, causing poor flexibility to evolving business needs.
Documentation: Inadequate documentation that exists within the software system.

Choose and assign ONE label among: Implementation, Test, Defect, Design, or Documentation.

### Technical debt comment: """""" // Empty implementation. """"""",IMPLEMENTATION,IMPLEMENTATION
"Self-admitted technical debt (SATD) is technical debt admitted by the developer through source code comments.
There are five types of software technical debts:

Implementation: Bad coding practices leading to poor legibility of code, making it difficult to understand and maintain.
Test: Problems found in implementations involving testing or monitoring subcomponents.
Defect: Identified defects in the system that should be addressed.
Design: Areas which violate good software design practices, causing poor flexibility to evolving business needs.
Documentation: Inadequate documentation that exists within the software system.

Choose and assign ONE label among: Implementation, Test, Defect, Design, or Documentation.

### Technical debt comment: """""" // TODO: This is also defined in the MetaClass too...Consolidate somewhere. """"""",DESIGN,DESIGN
"Self-admitted technical debt (SATD) is technical debt admitted by the developer through source code comments.
There are five types of software technical debts:

Implementation: Bad coding practices leading to poor legibility of code, making it difficult to understand and maintain.
Test: Problems found in implementations involving testing or monitoring subcomponents.
Defect: Identified defects in the system that should be addressed.
Design: Areas which violate good software design practices, causing poor flexibility to evolving business needs.
Documentation: Inadequate documentation that exists within the software system.

Choose and assign ONE label among: Implementation, Test, Defect, Design, or Documentation.

### Technical debt comment: """""" // FIXME: Maybe not best place, but move it to a good home """"""",DESIGN,DESIGN
"Self-admitted technical debt (SATD) is technical debt admitted by the developer through source code comments.
There are five types of software technical debts:

Implementation: Bad coding practices leading to poor legibility of code, making it difficult to understand and maintain.
Test: Problems found in implementations involving testing or monitoring subcomponents.
Defect: Identified defects in the system that should be addressed.
Design: Areas which violate good software design practices, causing poor flexibility to evolving business needs.
Documentation: Inadequate documentation that exists within the software system.

Choose and assign ONE label among: Implementation, Test, Defect, Design, or Documentation.

### Technical debt comment: """""" //TODO: copy/paste from recreate() """"""",DESIGN,DESIGN
"Self-admitted technical debt (SATD) is technical debt admitted by the developer through source code comments.
There are five types of software technical debts:

Implementation: Bad coding practices leading to poor legibility of code, making it difficult to understand and maintain.
Test: Problems found in implementations involving testing or monitoring subcomponents.
Defect: Identified defects in the system that should be addressed.
Design: Areas which violate good software design practices, causing poor flexibility to evolving business needs.
Documentation: Inadequate documentation that exists within the software system.

Choose and assign ONE label among: Implementation, Test, Defect, Design, or Documentation.

### Technical debt comment: """""" // not needed """"""",IMPLEMENTATION,IMPLEMENTATION
"Self-admitted technical debt (SATD) is technical debt admitted by the developer through source code comments.
There are five types of software technical debts:

Implementation: Bad coding practices leading to poor legibility of code, making it difficult to understand and maintain.
Test: Problems found in implementations involving testing or monitoring subcomponents.
Defect: Identified defects in the system that should be addressed.
Design: Areas which violate good software design practices, causing poor flexibility to evolving business needs.
Documentation: Inadequate documentation that exists within the software system.

Choose and assign ONE label among: Implementation, Test, Defect, Design, or Documentation.

### Technical debt comment: """""" // TODO: This should not be an instance variable. It should just be // created and discarded as needed. """"""",DESIGN,DESIGN
"Self-admitted technical debt (SATD) is technical debt admitted by the developer through source code comments.
There are five types of software technical debts:

Implementation: Bad coding practices leading to poor legibility of code, making it difficult to understand and maintain.
Test: Problems found in implementations involving testing or monitoring subcomponents.
Defect: Identified defects in the system that should be addressed.
Design: Areas which violate good software design practices, causing poor flexibility to evolving business needs.
Documentation: Inadequate documentation that exists within the software system.

Choose and assign ONE label among: Implementation, Test, Defect, Design, or Documentation.

### Technical debt comment: """""" /**
 * A mock ModelImplementation.<p>
 *
 * The Facade, the ModelEventPump, the Factories and Helpers are all
 * created as mock objects using EasyMock. For each of them, there
 * should also be a possibility to access their {@link MockControl}
 * object.
 * TODO: Create the rest of the getters for the control objects.
 *
 * @author Linus Tolke
 */ """"""",IMPLEMENTATION,DESIGN
"Self-admitted technical debt (SATD) is technical debt admitted by the developer through source code comments.
There are five types of software technical debts:

Implementation: Bad coding practices leading to poor legibility of code, making it difficult to understand and maintain.
Test: Problems found in implementations involving testing or monitoring subcomponents.
Defect: Identified defects in the system that should be addressed.
Design: Areas which violate good software design practices, causing poor flexibility to evolving business needs.
Documentation: Inadequate documentation that exists within the software system.

Choose and assign ONE label among: Implementation, Test, Defect, Design, or Documentation.

### Technical debt comment: """""" /* XXX should this be fired by a different thread? */ """"""",DESIGN,DESIGN
"Self-admitted technical debt (SATD) is technical debt admitted by the developer through source code comments.
There are five types of software technical debts:

Implementation: Bad coding practices leading to poor legibility of code, making it difficult to understand and maintain.
Test: Problems found in implementations involving testing or monitoring subcomponents.
Defect: Identified defects in the system that should be addressed.
Design: Areas which violate good software design practices, causing poor flexibility to evolving business needs.
Documentation: Inadequate documentation that exists within the software system.

Choose and assign ONE label among: Implementation, Test, Defect, Design, or Documentation.

### Technical debt comment: """""" // todo : remove """"""",DESIGN,DESIGN
"Self-admitted technical debt (SATD) is technical debt admitted by the developer through source code comments.
There are five types of software technical debts:

Implementation: Bad coding practices leading to poor legibility of code, making it difficult to understand and maintain.
Test: Problems found in implementations involving testing or monitoring subcomponents.
Defect: Identified defects in the system that should be addressed.
Design: Areas which violate good software design practices, causing poor flexibility to evolving business needs.
Documentation: Inadequate documentation that exists within the software system.

Choose and assign ONE label among: Implementation, Test, Defect, Design, or Documentation.

### Technical debt comment: """""" /**
     * Return the default type for an attribute.
     * 
     * @return a Classifier to use as the default type
     * TODO: This belongs in ProjectSettings. - tfm
     */ """"""",DESIGN,DESIGN
"Self-admitted technical debt (SATD) is technical debt admitted by the developer through source code comments.
There are five types of software technical debts:

Implementation: Bad coding practices leading to poor legibility of code, making it difficult to understand and maintain.
Test: Problems found in implementations involving testing or monitoring subcomponents.
Defect: Identified defects in the system that should be addressed.
Design: Areas which violate good software design practices, causing poor flexibility to evolving business needs.
Documentation: Inadequate documentation that exists within the software system.

Choose and assign ONE label among: Implementation, Test, Defect, Design, or Documentation.

### Technical debt comment: """""" /**
     * Tests CopyHelper without using stereotypes.
     * <p>
     * The test is using the tree of objects:
     * 
     * <pre>
     *              model
     *              /   \
     *            p1     p2
     *           /  \
     *      class_  nestedPackage
     *                \
     *                interface_
     *                  \
     *                  attribute
     * </pre>
     * 
     * TODO: This test doesn't match the MDR implementation because it expects
     * the contents of a namespace to be copied.  It is disabled until it can
     * be fixed to run with both MDR and eUML. - tfm 20070820
     * 
     * @author Bogdan
     */ """"""",DEFECT,TEST
"Self-admitted technical debt (SATD) is technical debt admitted by the developer through source code comments.
There are five types of software technical debts:

Implementation: Bad coding practices leading to poor legibility of code, making it difficult to understand and maintain.
Test: Problems found in implementations involving testing or monitoring subcomponents.
Defect: Identified defects in the system that should be addressed.
Design: Areas which violate good software design practices, causing poor flexibility to evolving business needs.
Documentation: Inadequate documentation that exists within the software system.

Choose and assign ONE label among: Implementation, Test, Defect, Design, or Documentation.

### Technical debt comment: """""" // For a one-to-many, a <bag> is not really a bag; // it is *really* a set, since it can't contain the // same element twice. It could be considered a bug // in the mapping dtd that <bag> allows <one-to-many>. """"""",DEFECT,DESIGN
"Self-admitted technical debt (SATD) is technical debt admitted by the developer through source code comments.
There are five types of software technical debts:

Implementation: Bad coding practices leading to poor legibility of code, making it difficult to understand and maintain.
Test: Problems found in implementations involving testing or monitoring subcomponents.
Defect: Identified defects in the system that should be addressed.
Design: Areas which violate good software design practices, causing poor flexibility to evolving business needs.
Documentation: Inadequate documentation that exists within the software system.

Choose and assign ONE label among: Implementation, Test, Defect, Design, or Documentation.

### Technical debt comment: """""" // rb_copy_generic_ivar from DUP_SETUP here ...unlikely.. """"""",DESIGN,DESIGN
"Self-admitted technical debt (SATD) is technical debt admitted by the developer through source code comments.
There are five types of software technical debts:

Implementation: Bad coding practices leading to poor legibility of code, making it difficult to understand and maintain.
Test: Problems found in implementations involving testing or monitoring subcomponents.
Defect: Identified defects in the system that should be addressed.
Design: Areas which violate good software design practices, causing poor flexibility to evolving business needs.
Documentation: Inadequate documentation that exists within the software system.

Choose and assign ONE label among: Implementation, Test, Defect, Design, or Documentation.

### Technical debt comment: """""" // _compileCheckBox = new JCheckBox(); // nameButton(_compileCheckBox, ""checkbox.compile-generated-source""); // TODO: Implement the compile feature. For now, disable the checkbox. // _compileCheckBox.setEnabled(false); // southPanel.add(_compileCheckBox, BorderLayout.SOUTH); """"""",IMPLEMENTATION,IMPLEMENTATION
"Self-admitted technical debt (SATD) is technical debt admitted by the developer through source code comments.
There are five types of software technical debts:

Implementation: Bad coding practices leading to poor legibility of code, making it difficult to understand and maintain.
Test: Problems found in implementations involving testing or monitoring subcomponents.
Defect: Identified defects in the system that should be addressed.
Design: Areas which violate good software design practices, causing poor flexibility to evolving business needs.
Documentation: Inadequate documentation that exists within the software system.

Choose and assign ONE label among: Implementation, Test, Defect, Design, or Documentation.

### Technical debt comment: """""" /* TODO: Beautify the 2nd part of this string: */ """"""",IMPLEMENTATION,IMPLEMENTATION
"Self-admitted technical debt (SATD) is technical debt admitted by the developer through source code comments.
There are five types of software technical debts:

Implementation: Bad coding practices leading to poor legibility of code, making it difficult to understand and maintain.
Test: Problems found in implementations involving testing or monitoring subcomponents.
Defect: Identified defects in the system that should be addressed.
Design: Areas which violate good software design practices, causing poor flexibility to evolving business needs.
Documentation: Inadequate documentation that exists within the software system.

Choose and assign ONE label among: Implementation, Test, Defect, Design, or Documentation.

### Technical debt comment: """""" // TODO should this be called if basedir == null? """"""",DESIGN,DESIGN
"Self-admitted technical debt (SATD) is technical debt admitted by the developer through source code comments.
There are five types of software technical debts:

Implementation: Bad coding practices leading to poor legibility of code, making it difficult to understand and maintain.
Test: Problems found in implementations involving testing or monitoring subcomponents.
Defect: Identified defects in the system that should be addressed.
Design: Areas which violate good software design practices, causing poor flexibility to evolving business needs.
Documentation: Inadequate documentation that exists within the software system.

Choose and assign ONE label among: Implementation, Test, Defect, Design, or Documentation.

### Technical debt comment: """""" /**
     * Parse a Message textual description.<p>
     *
     * TODO: - This method is too complex, lets break it up. <p>
     *
     * @param umlMessage the UML Message object to apply any changes to
     * @param s   the String to parse
     * @throws ParseException
     *            when it detects an error in the attribute string. See also
     *            ParseError.getErrorOffset().
     */ """"""",DESIGN,DESIGN
"Self-admitted technical debt (SATD) is technical debt admitted by the developer through source code comments.
There are five types of software technical debts:

Implementation: Bad coding practices leading to poor legibility of code, making it difficult to understand and maintain.
Test: Problems found in implementations involving testing or monitoring subcomponents.
Defect: Identified defects in the system that should be addressed.
Design: Areas which violate good software design practices, causing poor flexibility to evolving business needs.
Documentation: Inadequate documentation that exists within the software system.

Choose and assign ONE label among: Implementation, Test, Defect, Design, or Documentation.

### Technical debt comment: """""" // Allow getThis() to work through BlockNameSpace to the method // namespace // XXX re-eval this... do we need it? """"""",DESIGN,DESIGN
"Self-admitted technical debt (SATD) is technical debt admitted by the developer through source code comments.
There are five types of software technical debts:

Implementation: Bad coding practices leading to poor legibility of code, making it difficult to understand and maintain.
Test: Problems found in implementations involving testing or monitoring subcomponents.
Defect: Identified defects in the system that should be addressed.
Design: Areas which violate good software design practices, causing poor flexibility to evolving business needs.
Documentation: Inadequate documentation that exists within the software system.

Choose and assign ONE label among: Implementation, Test, Defect, Design, or Documentation.

### Technical debt comment: """""" /**
	 * @return collection removal
	 * FIXME: even if isInverse=""true""?
	 */ """"""",DESIGN,DESIGN
"Self-admitted technical debt (SATD) is technical debt admitted by the developer through source code comments.
There are five types of software technical debts:

Implementation: Bad coding practices leading to poor legibility of code, making it difficult to understand and maintain.
Test: Problems found in implementations involving testing or monitoring subcomponents.
Defect: Identified defects in the system that should be addressed.
Design: Areas which violate good software design practices, causing poor flexibility to evolving business needs.
Documentation: Inadequate documentation that exists within the software system.

Choose and assign ONE label among: Implementation, Test, Defect, Design, or Documentation.

### Technical debt comment: """""" // todo : this eventually needs to be removed """"""",DESIGN,DESIGN
"Self-admitted technical debt (SATD) is technical debt admitted by the developer through source code comments.
There are five types of software technical debts:

Implementation: Bad coding practices leading to poor legibility of code, making it difficult to understand and maintain.
Test: Problems found in implementations involving testing or monitoring subcomponents.
Defect: Identified defects in the system that should be addressed.
Design: Areas which violate good software design practices, causing poor flexibility to evolving business needs.
Documentation: Inadequate documentation that exists within the software system.

Choose and assign ONE label among: Implementation, Test, Defect, Design, or Documentation.

### Technical debt comment: """""" // This does not support the Cache SQL 'DISTINCT BY (comma-list)' extensions, // but this extension is not supported through Hibernate anyway. """"""",DEFECT,IMPLEMENTATION
"Self-admitted technical debt (SATD) is technical debt admitted by the developer through source code comments.
There are five types of software technical debts:

Implementation: Bad coding practices leading to poor legibility of code, making it difficult to understand and maintain.
Test: Problems found in implementations involving testing or monitoring subcomponents.
Defect: Identified defects in the system that should be addressed.
Design: Areas which violate good software design practices, causing poor flexibility to evolving business needs.
Documentation: Inadequate documentation that exists within the software system.

Choose and assign ONE label among: Implementation, Test, Defect, Design, or Documentation.

### Technical debt comment: """""" //TODO:refactor + make this method private """"""",DESIGN,DESIGN
"Self-admitted technical debt (SATD) is technical debt admitted by the developer through source code comments.
There are five types of software technical debts:

Implementation: Bad coding practices leading to poor legibility of code, making it difficult to understand and maintain.
Test: Problems found in implementations involving testing or monitoring subcomponents.
Defect: Identified defects in the system that should be addressed.
Design: Areas which violate good software design practices, causing poor flexibility to evolving business needs.
Documentation: Inadequate documentation that exists within the software system.

Choose and assign ONE label among: Implementation, Test, Defect, Design, or Documentation.

### Technical debt comment: """""" /* TODO: We should use implicit nil for body, but problem (punt til later)*/ """"""",DEFECT,DEFECT
"Self-admitted technical debt (SATD) is technical debt admitted by the developer through source code comments.
There are five types of software technical debts:

Implementation: Bad coding practices leading to poor legibility of code, making it difficult to understand and maintain.
Test: Problems found in implementations involving testing or monitoring subcomponents.
Defect: Identified defects in the system that should be addressed.
Design: Areas which violate good software design practices, causing poor flexibility to evolving business needs.
Documentation: Inadequate documentation that exists within the software system.

Choose and assign ONE label among: Implementation, Test, Defect, Design, or Documentation.

### Technical debt comment: """""" // TODO: @author fdietz replace with regular expression """"""",IMPLEMENTATION,IMPLEMENTATION
"Self-admitted technical debt (SATD) is technical debt admitted by the developer through source code comments.
There are five types of software technical debts:

Implementation: Bad coding practices leading to poor legibility of code, making it difficult to understand and maintain.
Test: Problems found in implementations involving testing or monitoring subcomponents.
Defect: Identified defects in the system that should be addressed.
Design: Areas which violate good software design practices, causing poor flexibility to evolving business needs.
Documentation: Inadequate documentation that exists within the software system.

Choose and assign ONE label among: Implementation, Test, Defect, Design, or Documentation.

### Technical debt comment: """""" //TODO: bad implementation, cos it depends upon ordering of mapping doc //      fixing this requires that Collection/PersistentClass gain access //      to the Mappings reference from Configuration (or the filterDefinitions //      map directly) sometime during Configuration.buildSessionFactory //      (after all the types/filter-defs are known and before building //      persisters). """"""",DESIGN,DESIGN
"Self-admitted technical debt (SATD) is technical debt admitted by the developer through source code comments.
There are five types of software technical debts:

Implementation: Bad coding practices leading to poor legibility of code, making it difficult to understand and maintain.
Test: Problems found in implementations involving testing or monitoring subcomponents.
Defect: Identified defects in the system that should be addressed.
Design: Areas which violate good software design practices, causing poor flexibility to evolving business needs.
Documentation: Inadequate documentation that exists within the software system.

Choose and assign ONE label among: Implementation, Test, Defect, Design, or Documentation.

### Technical debt comment: """""" // FIXME: Not sure what the semantics of transfer are //cFiber.defineFastMethod(""transfer"", cb.getFastOptMethod(""transfer"")); """"""",DESIGN,DESIGN
"Self-admitted technical debt (SATD) is technical debt admitted by the developer through source code comments.
There are five types of software technical debts:

Implementation: Bad coding practices leading to poor legibility of code, making it difficult to understand and maintain.
Test: Problems found in implementations involving testing or monitoring subcomponents.
Defect: Identified defects in the system that should be addressed.
Design: Areas which violate good software design practices, causing poor flexibility to evolving business needs.
Documentation: Inadequate documentation that exists within the software system.

Choose and assign ONE label among: Implementation, Test, Defect, Design, or Documentation.

### Technical debt comment: """""" /**
     * Get the classifier (participant) of an AssociationEnd.
     *
     * TODO: Rename this getParticipant to align with UML spec - tfm - 20070331
     * @param handle The AssociationEnd to get from.
     * @return The classifier of the AssociationEnd.
     */ """"""",DESIGN,DESIGN
"Self-admitted technical debt (SATD) is technical debt admitted by the developer through source code comments.
There are five types of software technical debts:

Implementation: Bad coding practices leading to poor legibility of code, making it difficult to understand and maintain.
Test: Problems found in implementations involving testing or monitoring subcomponents.
Defect: Identified defects in the system that should be addressed.
Design: Areas which violate good software design practices, causing poor flexibility to evolving business needs.
Documentation: Inadequate documentation that exists within the software system.

Choose and assign ONE label among: Implementation, Test, Defect, Design, or Documentation.

### Technical debt comment: """""" /* work-around for this driver, which must have ""dbo"" for schema.  The
       * JConnect family of drivers appears to not be affected and can accept a
       * null schema, which is necessary to find tables in other schemas, within
       * the same catalog.  Similarly, jTDS 1.2.2 doesn't require this, yet it
       * doesn't return non-dbo schema tables, unfortunately. 
       */ """"""",DESIGN,DESIGN
"Self-admitted technical debt (SATD) is technical debt admitted by the developer through source code comments.
There are five types of software technical debts:

Implementation: Bad coding practices leading to poor legibility of code, making it difficult to understand and maintain.
Test: Problems found in implementations involving testing or monitoring subcomponents.
Defect: Identified defects in the system that should be addressed.
Design: Areas which violate good software design practices, causing poor flexibility to evolving business needs.
Documentation: Inadequate documentation that exists within the software system.

Choose and assign ONE label among: Implementation, Test, Defect, Design, or Documentation.

### Technical debt comment: """""" // TODO: Better if we wrap in a ProfileException and throw that """"""",DESIGN,DESIGN
"Self-admitted technical debt (SATD) is technical debt admitted by the developer through source code comments.
There are five types of software technical debts:

Implementation: Bad coding practices leading to poor legibility of code, making it difficult to understand and maintain.
Test: Problems found in implementations involving testing or monitoring subcomponents.
Defect: Identified defects in the system that should be addressed.
Design: Areas which violate good software design practices, causing poor flexibility to evolving business needs.
Documentation: Inadequate documentation that exists within the software system.

Choose and assign ONE label among: Implementation, Test, Defect, Design, or Documentation.

### Technical debt comment: """""" // TODO: don't require pop """"""",DEFECT,DEFECT
"Self-admitted technical debt (SATD) is technical debt admitted by the developer through source code comments.
There are five types of software technical debts:

Implementation: Bad coding practices leading to poor legibility of code, making it difficult to understand and maintain.
Test: Problems found in implementations involving testing or monitoring subcomponents.
Defect: Identified defects in the system that should be addressed.
Design: Areas which violate good software design practices, causing poor flexibility to evolving business needs.
Documentation: Inadequate documentation that exists within the software system.

Choose and assign ONE label among: Implementation, Test, Defect, Design, or Documentation.

### Technical debt comment: """""" // not needed """"""",IMPLEMENTATION,IMPLEMENTATION
"Self-admitted technical debt (SATD) is technical debt admitted by the developer through source code comments.
There are five types of software technical debts:

Implementation: Bad coding practices leading to poor legibility of code, making it difficult to understand and maintain.
Test: Problems found in implementations involving testing or monitoring subcomponents.
Defect: Identified defects in the system that should be addressed.
Design: Areas which violate good software design practices, causing poor flexibility to evolving business needs.
Documentation: Inadequate documentation that exists within the software system.

Choose and assign ONE label among: Implementation, Test, Defect, Design, or Documentation.

### Technical debt comment: """""" // here we tweak the notify flag on the plot so that only // one notification happens even though we update multiple // axes... """"""",DESIGN,DESIGN
"Self-admitted technical debt (SATD) is technical debt admitted by the developer through source code comments.
There are five types of software technical debts:

Implementation: Bad coding practices leading to poor legibility of code, making it difficult to understand and maintain.
Test: Problems found in implementations involving testing or monitoring subcomponents.
Defect: Identified defects in the system that should be addressed.
Design: Areas which violate good software design practices, causing poor flexibility to evolving business needs.
Documentation: Inadequate documentation that exists within the software system.

Choose and assign ONE label among: Implementation, Test, Defect, Design, or Documentation.

### Technical debt comment: """""" // TODO there is a problem with the constructor for the RBC. // you have to provide the rules in the constructors - no setters // available. """"""",DESIGN,DESIGN
"Self-admitted technical debt (SATD) is technical debt admitted by the developer through source code comments.
There are five types of software technical debts:

Implementation: Bad coding practices leading to poor legibility of code, making it difficult to understand and maintain.
Test: Problems found in implementations involving testing or monitoring subcomponents.
Defect: Identified defects in the system that should be addressed.
Design: Areas which violate good software design practices, causing poor flexibility to evolving business needs.
Documentation: Inadequate documentation that exists within the software system.

Choose and assign ONE label among: Implementation, Test, Defect, Design, or Documentation.

### Technical debt comment: """""" // TODO: Move to GEF """"""",DESIGN,DESIGN
"Self-admitted technical debt (SATD) is technical debt admitted by the developer through source code comments.
There are five types of software technical debts:

Implementation: Bad coding practices leading to poor legibility of code, making it difficult to understand and maintain.
Test: Problems found in implementations involving testing or monitoring subcomponents.
Defect: Identified defects in the system that should be addressed.
Design: Areas which violate good software design practices, causing poor flexibility to evolving business needs.
Documentation: Inadequate documentation that exists within the software system.

Choose and assign ONE label among: Implementation, Test, Defect, Design, or Documentation.

### Technical debt comment: """""" /**
     * Get value from current scope or one of its captured scopes.
     * 
     * FIXME: block variables are not getting primed to nil so we need to null check those
     *  until we prime them properly.  Also add assert back in.
     * 
     * @param offset zero-indexed value that represents where variable lives
     * @param depth how many captured scopes down this variable should be set
     * @return the value here
     */ """"""",DEFECT,DEFECT
"Self-admitted technical debt (SATD) is technical debt admitted by the developer through source code comments.
There are five types of software technical debts:

Implementation: Bad coding practices leading to poor legibility of code, making it difficult to understand and maintain.
Test: Problems found in implementations involving testing or monitoring subcomponents.
Defect: Identified defects in the system that should be addressed.
Design: Areas which violate good software design practices, causing poor flexibility to evolving business needs.
Documentation: Inadequate documentation that exists within the software system.

Choose and assign ONE label among: Implementation, Test, Defect, Design, or Documentation.

### Technical debt comment: """""" // Move me to classpath/ClassManagerImpl??? """"""",DESIGN,DESIGN
"Self-admitted technical debt (SATD) is technical debt admitted by the developer through source code comments.
There are five types of software technical debts:

Implementation: Bad coding practices leading to poor legibility of code, making it difficult to understand and maintain.
Test: Problems found in implementations involving testing or monitoring subcomponents.
Defect: Identified defects in the system that should be addressed.
Design: Areas which violate good software design practices, causing poor flexibility to evolving business needs.
Documentation: Inadequate documentation that exists within the software system.

Choose and assign ONE label among: Implementation, Test, Defect, Design, or Documentation.

### Technical debt comment: """""" // TODO: For JFreeChart 1.2.0, this method should go in the //       ShapeUtilities class """"""",DESIGN,DESIGN
"Self-admitted technical debt (SATD) is technical debt admitted by the developer through source code comments.
There are five types of software technical debts:

Implementation: Bad coding practices leading to poor legibility of code, making it difficult to understand and maintain.
Test: Problems found in implementations involving testing or monitoring subcomponents.
Defect: Identified defects in the system that should be addressed.
Design: Areas which violate good software design practices, causing poor flexibility to evolving business needs.
Documentation: Inadequate documentation that exists within the software system.

Choose and assign ONE label among: Implementation, Test, Defect, Design, or Documentation.

### Technical debt comment: """""" // TODO: Should we require a GraphModel in the constructor since // our implementations of setNamespace are going to try and set // the namespace on the graphmodel as well? """"""",IMPLEMENTATION,DESIGN
"Self-admitted technical debt (SATD) is technical debt admitted by the developer through source code comments.
There are five types of software technical debts:

Implementation: Bad coding practices leading to poor legibility of code, making it difficult to understand and maintain.
Test: Problems found in implementations involving testing or monitoring subcomponents.
Defect: Identified defects in the system that should be addressed.
Design: Areas which violate good software design practices, causing poor flexibility to evolving business needs.
Documentation: Inadequate documentation that exists within the software system.

Choose and assign ONE label among: Implementation, Test, Defect, Design, or Documentation.

### Technical debt comment: """""" // TODO: These 2 should be handled with an Iterator. """"""",DESIGN,DESIGN
"Self-admitted technical debt (SATD) is technical debt admitted by the developer through source code comments.
There are five types of software technical debts:

Implementation: Bad coding practices leading to poor legibility of code, making it difficult to understand and maintain.
Test: Problems found in implementations involving testing or monitoring subcomponents.
Defect: Identified defects in the system that should be addressed.
Design: Areas which violate good software design practices, causing poor flexibility to evolving business needs.
Documentation: Inadequate documentation that exists within the software system.

Choose and assign ONE label among: Implementation, Test, Defect, Design, or Documentation.

### Technical debt comment: """""" // TODO: We shouldn't need this reflection any more once we have // convinced ourselves that everything with a setItemUID method // is implementing IItemUID """"""",DESIGN,DESIGN
"Self-admitted technical debt (SATD) is technical debt admitted by the developer through source code comments.
There are five types of software technical debts:

Implementation: Bad coding practices leading to poor legibility of code, making it difficult to understand and maintain.
Test: Problems found in implementations involving testing or monitoring subcomponents.
Defect: Identified defects in the system that should be addressed.
Design: Areas which violate good software design practices, causing poor flexibility to evolving business needs.
Documentation: Inadequate documentation that exists within the software system.

Choose and assign ONE label among: Implementation, Test, Defect, Design, or Documentation.

### Technical debt comment: """""" // TODO: missing additional logic for dealing with conflicting protected fields. """"""",IMPLEMENTATION,IMPLEMENTATION
"Self-admitted technical debt (SATD) is technical debt admitted by the developer through source code comments.
There are five types of software technical debts:

Implementation: Bad coding practices leading to poor legibility of code, making it difficult to understand and maintain.
Test: Problems found in implementations involving testing or monitoring subcomponents.
Defect: Identified defects in the system that should be addressed.
Design: Areas which violate good software design practices, causing poor flexibility to evolving business needs.
Documentation: Inadequate documentation that exists within the software system.

Choose and assign ONE label among: Implementation, Test, Defect, Design, or Documentation.

### Technical debt comment: """""" // TODO: This error needs to be reported! """"""",DEFECT,IMPLEMENTATION
"Self-admitted technical debt (SATD) is technical debt admitted by the developer through source code comments.
There are five types of software technical debts:

Implementation: Bad coding practices leading to poor legibility of code, making it difficult to understand and maintain.
Test: Problems found in implementations involving testing or monitoring subcomponents.
Defect: Identified defects in the system that should be addressed.
Design: Areas which violate good software design practices, causing poor flexibility to evolving business needs.
Documentation: Inadequate documentation that exists within the software system.

Choose and assign ONE label among: Implementation, Test, Defect, Design, or Documentation.

### Technical debt comment: """""" // TODO: Considering all delete events to be valid like below // is going to cause lots of unecessary work and some problems """"""",DEFECT,DEFECT
"Self-admitted technical debt (SATD) is technical debt admitted by the developer through source code comments.
There are five types of software technical debts:

Implementation: Bad coding practices leading to poor legibility of code, making it difficult to understand and maintain.
Test: Problems found in implementations involving testing or monitoring subcomponents.
Defect: Identified defects in the system that should be addressed.
Design: Areas which violate good software design practices, causing poor flexibility to evolving business needs.
Documentation: Inadequate documentation that exists within the software system.

Choose and assign ONE label among: Implementation, Test, Defect, Design, or Documentation.

### Technical debt comment: """""" // won't work: writeErrorToClient(HttpReplyHdr.formInternalError()); // Generate result (if nec.) and populate it // hack to skip processing """"""",DESIGN,DESIGN
"Self-admitted technical debt (SATD) is technical debt admitted by the developer through source code comments.
There are five types of software technical debts:

Implementation: Bad coding practices leading to poor legibility of code, making it difficult to understand and maintain.
Test: Problems found in implementations involving testing or monitoring subcomponents.
Defect: Identified defects in the system that should be addressed.
Design: Areas which violate good software design practices, causing poor flexibility to evolving business needs.
Documentation: Inadequate documentation that exists within the software system.

Choose and assign ONE label among: Implementation, Test, Defect, Design, or Documentation.

### Technical debt comment: """""" /*
     * TODO: error counting needs to be sorted out.
     *
     * At present the Statistical Sampler tracks errors separately
     * It would make sense to move the error count here, but this would
     * mean lots of changes.
     * It's also tricky maintaining the count - it can't just be incremented/decremented
     * when the success flag is set as this may be done multiple times.
     * The work-round for now is to do the work in the StatisticalSampleResult,
     * which overrides this method.
     * Note that some JMS samplers also create samples with > 1 sample count
     * Also the Transaction Controller probably needs to be changed to do
     * proper sample and error accounting.
     * The purpose of this work-round is to allow at least minimal support for
     * errors in remote statistical batch mode.
     *
     */ """"""",DEFECT,DESIGN
"Self-admitted technical debt (SATD) is technical debt admitted by the developer through source code comments.
There are five types of software technical debts:

Implementation: Bad coding practices leading to poor legibility of code, making it difficult to understand and maintain.
Test: Problems found in implementations involving testing or monitoring subcomponents.
Defect: Identified defects in the system that should be addressed.
Design: Areas which violate good software design practices, causing poor flexibility to evolving business needs.
Documentation: Inadequate documentation that exists within the software system.

Choose and assign ONE label among: Implementation, Test, Defect, Design, or Documentation.

### Technical debt comment: """""" // If it exists, remove it and add it at the end (avoid memory leak) """"""",DEFECT,DEFECT
"Self-admitted technical debt (SATD) is technical debt admitted by the developer through source code comments.
There are five types of software technical debts:

Implementation: Bad coding practices leading to poor legibility of code, making it difficult to understand and maintain.
Test: Problems found in implementations involving testing or monitoring subcomponents.
Defect: Identified defects in the system that should be addressed.
Design: Areas which violate good software design practices, causing poor flexibility to evolving business needs.
Documentation: Inadequate documentation that exists within the software system.

Choose and assign ONE label among: Implementation, Test, Defect, Design, or Documentation.

### Technical debt comment: """""" /**
	 * **FIXME** This function needs documentation
	 * 
	 * @return String
	 * @param String
	 *            Name
	 *  
	 */ """"""",DOCUMENTATION,DOCUMENTATION
"Self-admitted technical debt (SATD) is technical debt admitted by the developer through source code comments.
There are five types of software technical debts:

Implementation: Bad coding practices leading to poor legibility of code, making it difficult to understand and maintain.
Test: Problems found in implementations involving testing or monitoring subcomponents.
Defect: Identified defects in the system that should be addressed.
Design: Areas which violate good software design practices, causing poor flexibility to evolving business needs.
Documentation: Inadequate documentation that exists within the software system.

Choose and assign ONE label among: Implementation, Test, Defect, Design, or Documentation.

### Technical debt comment: """""" //no need to take a snapshot - this is a  //performance optimization, but not really //important, except for entities with huge  //mutable property values """"""",DEFECT,DESIGN
"Self-admitted technical debt (SATD) is technical debt admitted by the developer through source code comments.
There are five types of software technical debts:

Implementation: Bad coding practices leading to poor legibility of code, making it difficult to understand and maintain.
Test: Problems found in implementations involving testing or monitoring subcomponents.
Defect: Identified defects in the system that should be addressed.
Design: Areas which violate good software design practices, causing poor flexibility to evolving business needs.
Documentation: Inadequate documentation that exists within the software system.

Choose and assign ONE label among: Implementation, Test, Defect, Design, or Documentation.

### Technical debt comment: """""" // TODO: I18N required """"""",IMPLEMENTATION,IMPLEMENTATION
"Self-admitted technical debt (SATD) is technical debt admitted by the developer through source code comments.
There are five types of software technical debts:

Implementation: Bad coding practices leading to poor legibility of code, making it difficult to understand and maintain.
Test: Problems found in implementations involving testing or monitoring subcomponents.
Defect: Identified defects in the system that should be addressed.
Design: Areas which violate good software design practices, causing poor flexibility to evolving business needs.
Documentation: Inadequate documentation that exists within the software system.

Choose and assign ONE label among: Implementation, Test, Defect, Design, or Documentation.

### Technical debt comment: """""" // TODO: this code should really check if a Ruby equals method is implemented or not. """"""",IMPLEMENTATION,DESIGN
"Self-admitted technical debt (SATD) is technical debt admitted by the developer through source code comments.
There are five types of software technical debts:

Implementation: Bad coding practices leading to poor legibility of code, making it difficult to understand and maintain.
Test: Problems found in implementations involving testing or monitoring subcomponents.
Defect: Identified defects in the system that should be addressed.
Design: Areas which violate good software design practices, causing poor flexibility to evolving business needs.
Documentation: Inadequate documentation that exists within the software system.

Choose and assign ONE label among: Implementation, Test, Defect, Design, or Documentation.

### Technical debt comment: """""" /**
    * Parse an element-content model.
    * [42] elements ::= (choice | seq) ('?' | '*' | '+')?
    * [44] cps ::= S? %cp S?
    * [45] choice ::= '(' S? %ctokplus (S? '|' S? %ctoks)* S? ')'
    * [46] ctokplus ::= cps ('|' cps)+
    * [47] ctoks ::= cps ('|' cps)*
    * [48] seq ::= '(' S? %stoks (S? ',' S? %stoks)* S? ')'
    * [49] stoks ::= cps (',' cps)*
    * *NOTE: the opening '(' and S have already been read.
    * *TODO: go over parameter entity boundaries more carefully.
    */ """"""",IMPLEMENTATION,IMPLEMENTATION
"Self-admitted technical debt (SATD) is technical debt admitted by the developer through source code comments.
There are five types of software technical debts:

Implementation: Bad coding practices leading to poor legibility of code, making it difficult to understand and maintain.
Test: Problems found in implementations involving testing or monitoring subcomponents.
Defect: Identified defects in the system that should be addressed.
Design: Areas which violate good software design practices, causing poor flexibility to evolving business needs.
Documentation: Inadequate documentation that exists within the software system.

Choose and assign ONE label among: Implementation, Test, Defect, Design, or Documentation.

### Technical debt comment: """""" // TODO: is this right??? """"""",DESIGN,DESIGN
"Self-admitted technical debt (SATD) is technical debt admitted by the developer through source code comments.
There are five types of software technical debts:

Implementation: Bad coding practices leading to poor legibility of code, making it difficult to understand and maintain.
Test: Problems found in implementations involving testing or monitoring subcomponents.
Defect: Identified defects in the system that should be addressed.
Design: Areas which violate good software design practices, causing poor flexibility to evolving business needs.
Documentation: Inadequate documentation that exists within the software system.

Choose and assign ONE label among: Implementation, Test, Defect, Design, or Documentation.

### Technical debt comment: """""" // none of the others are ever meant to be // removed. retarded, eh? this needs to be // fixed eventually, for plugins might // want to do weird stuff to jEdit's UI """"""",DESIGN,DESIGN
"Self-admitted technical debt (SATD) is technical debt admitted by the developer through source code comments.
There are five types of software technical debts:

Implementation: Bad coding practices leading to poor legibility of code, making it difficult to understand and maintain.
Test: Problems found in implementations involving testing or monitoring subcomponents.
Defect: Identified defects in the system that should be addressed.
Design: Areas which violate good software design practices, causing poor flexibility to evolving business needs.
Documentation: Inadequate documentation that exists within the software system.

Choose and assign ONE label among: Implementation, Test, Defect, Design, or Documentation.

### Technical debt comment: """""" // TODO: Remove the casting to DiagramFactoryInterface2 // as soon as DiagramFactoryInterface is removed. """"""",DESIGN,DESIGN
"Self-admitted technical debt (SATD) is technical debt admitted by the developer through source code comments.
There are five types of software technical debts:

Implementation: Bad coding practices leading to poor legibility of code, making it difficult to understand and maintain.
Test: Problems found in implementations involving testing or monitoring subcomponents.
Defect: Identified defects in the system that should be addressed.
Design: Areas which violate good software design practices, causing poor flexibility to evolving business needs.
Documentation: Inadequate documentation that exists within the software system.

Choose and assign ONE label among: Implementation, Test, Defect, Design, or Documentation.

### Technical debt comment: """""" /**
 * TODO: This whole class needs to be updated to remove use of deprecated
 * methods and (hopefully) test multi-root and multi-project methods.
 * 
 * @since Nov 17, 2002
 * @author jaap.branderhorst@xs4all.nl
 */ """"""",DESIGN,TEST
"Self-admitted technical debt (SATD) is technical debt admitted by the developer through source code comments.
There are five types of software technical debts:

Implementation: Bad coding practices leading to poor legibility of code, making it difficult to understand and maintain.
Test: Problems found in implementations involving testing or monitoring subcomponents.
Defect: Identified defects in the system that should be addressed.
Design: Areas which violate good software design practices, causing poor flexibility to evolving business needs.
Documentation: Inadequate documentation that exists within the software system.

Choose and assign ONE label among: Implementation, Test, Defect, Design, or Documentation.

### Technical debt comment: """""" // The following is specifically for Realizations // TODO: correction in GEF, it should use InterfaceRealization, not Abstraction """"""",DESIGN,DEFECT
"Self-admitted technical debt (SATD) is technical debt admitted by the developer through source code comments.
There are five types of software technical debts:

Implementation: Bad coding practices leading to poor legibility of code, making it difficult to understand and maintain.
Test: Problems found in implementations involving testing or monitoring subcomponents.
Defect: Identified defects in the system that should be addressed.
Design: Areas which violate good software design practices, causing poor flexibility to evolving business needs.
Documentation: Inadequate documentation that exists within the software system.

Choose and assign ONE label among: Implementation, Test, Defect, Design, or Documentation.

### Technical debt comment: """""" // TODO: This is in the wrong place.  It's not profile specific. // It needs to be moved to main XMI reading code. - tfm 20060326 """"""",DESIGN,DESIGN
"Self-admitted technical debt (SATD) is technical debt admitted by the developer through source code comments.
There are five types of software technical debts:

Implementation: Bad coding practices leading to poor legibility of code, making it difficult to understand and maintain.
Test: Problems found in implementations involving testing or monitoring subcomponents.
Defect: Identified defects in the system that should be addressed.
Design: Areas which violate good software design practices, causing poor flexibility to evolving business needs.
Documentation: Inadequate documentation that exists within the software system.

Choose and assign ONE label among: Implementation, Test, Defect, Design, or Documentation.

### Technical debt comment: """""" // defer argument checking """"""",DESIGN,DESIGN
"Self-admitted technical debt (SATD) is technical debt admitted by the developer through source code comments.
There are five types of software technical debts:

Implementation: Bad coding practices leading to poor legibility of code, making it difficult to understand and maintain.
Test: Problems found in implementations involving testing or monitoring subcomponents.
Defect: Identified defects in the system that should be addressed.
Design: Areas which violate good software design practices, causing poor flexibility to evolving business needs.
Documentation: Inadequate documentation that exists within the software system.

Choose and assign ONE label among: Implementation, Test, Defect, Design, or Documentation.

### Technical debt comment: """""" // TODO: NOT_ALLOCATABLE_ALLOCATOR may be ok here, but it's unclear how Structs // work with marshalling. Confirm behavior and ensure we're doing this correctly. JRUBY-415 """"""",DESIGN,DESIGN
"Self-admitted technical debt (SATD) is technical debt admitted by the developer through source code comments.
There are five types of software technical debts:

Implementation: Bad coding practices leading to poor legibility of code, making it difficult to understand and maintain.
Test: Problems found in implementations involving testing or monitoring subcomponents.
Defect: Identified defects in the system that should be addressed.
Design: Areas which violate good software design practices, causing poor flexibility to evolving business needs.
Documentation: Inadequate documentation that exists within the software system.

Choose and assign ONE label among: Implementation, Test, Defect, Design, or Documentation.

### Technical debt comment: """""" //TODO: if we support multiple fetch groups, we would need //      to clone the set of lazy properties! """"""",IMPLEMENTATION,DESIGN
"Self-admitted technical debt (SATD) is technical debt admitted by the developer through source code comments.
There are five types of software technical debts:

Implementation: Bad coding practices leading to poor legibility of code, making it difficult to understand and maintain.
Test: Problems found in implementations involving testing or monitoring subcomponents.
Defect: Identified defects in the system that should be addressed.
Design: Areas which violate good software design practices, causing poor flexibility to evolving business needs.
Documentation: Inadequate documentation that exists within the software system.

Choose and assign ONE label among: Implementation, Test, Defect, Design, or Documentation.

### Technical debt comment: """""" // Programming error: bail out. """"""",DESIGN,DESIGN
"Self-admitted technical debt (SATD) is technical debt admitted by the developer through source code comments.
There are five types of software technical debts:

Implementation: Bad coding practices leading to poor legibility of code, making it difficult to understand and maintain.
Test: Problems found in implementations involving testing or monitoring subcomponents.
Defect: Identified defects in the system that should be addressed.
Design: Areas which violate good software design practices, causing poor flexibility to evolving business needs.
Documentation: Inadequate documentation that exists within the software system.

Choose and assign ONE label among: Implementation, Test, Defect, Design, or Documentation.

### Technical debt comment: """""" /*
			 * TODO: When 1.4 is the earliest version supported, add the following line:
			*		setSurrendersFocusOnKeystroke(true);
			* This should help handle some problems with navigation using tab & return
			* to move through cells.
			*/ """"""",DESIGN,DEFECT
"Self-admitted technical debt (SATD) is technical debt admitted by the developer through source code comments.
There are five types of software technical debts:

Implementation: Bad coding practices leading to poor legibility of code, making it difficult to understand and maintain.
Test: Problems found in implementations involving testing or monitoring subcomponents.
Defect: Identified defects in the system that should be addressed.
Design: Areas which violate good software design practices, causing poor flexibility to evolving business needs.
Documentation: Inadequate documentation that exists within the software system.

Choose and assign ONE label among: Implementation, Test, Defect, Design, or Documentation.

### Technical debt comment: """""" // this is called by SessionFactory irregardless; we just disregard here; // could also add a check to SessionFactory to only conditionally call stop """"""",DESIGN,DESIGN
"Self-admitted technical debt (SATD) is technical debt admitted by the developer through source code comments.
There are five types of software technical debts:

Implementation: Bad coding practices leading to poor legibility of code, making it difficult to understand and maintain.
Test: Problems found in implementations involving testing or monitoring subcomponents.
Defect: Identified defects in the system that should be addressed.
Design: Areas which violate good software design practices, causing poor flexibility to evolving business needs.
Documentation: Inadequate documentation that exists within the software system.

Choose and assign ONE label among: Implementation, Test, Defect, Design, or Documentation.

### Technical debt comment: """""" //TODO: this is temporary in that the end result will probably not take a Property reference per-se. """"""",DESIGN,DESIGN
"Self-admitted technical debt (SATD) is technical debt admitted by the developer through source code comments.
There are five types of software technical debts:

Implementation: Bad coding practices leading to poor legibility of code, making it difficult to understand and maintain.
Test: Problems found in implementations involving testing or monitoring subcomponents.
Defect: Identified defects in the system that should be addressed.
Design: Areas which violate good software design practices, causing poor flexibility to evolving business needs.
Documentation: Inadequate documentation that exists within the software system.

Choose and assign ONE label among: Implementation, Test, Defect, Design, or Documentation.

### Technical debt comment: """""" // Method is broken anyway """"""",DESIGN,DESIGN
"Self-admitted technical debt (SATD) is technical debt admitted by the developer through source code comments.
There are five types of software technical debts:

Implementation: Bad coding practices leading to poor legibility of code, making it difficult to understand and maintain.
Test: Problems found in implementations involving testing or monitoring subcomponents.
Defect: Identified defects in the system that should be addressed.
Design: Areas which violate good software design practices, causing poor flexibility to evolving business needs.
Documentation: Inadequate documentation that exists within the software system.

Choose and assign ONE label among: Implementation, Test, Defect, Design, or Documentation.

### Technical debt comment: """""" // TODO: don't require pop """"""",DEFECT,DEFECT
"Self-admitted technical debt (SATD) is technical debt admitted by the developer through source code comments.
There are five types of software technical debts:

Implementation: Bad coding practices leading to poor legibility of code, making it difficult to understand and maintain.
Test: Problems found in implementations involving testing or monitoring subcomponents.
Defect: Identified defects in the system that should be addressed.
Design: Areas which violate good software design practices, causing poor flexibility to evolving business needs.
Documentation: Inadequate documentation that exists within the software system.

Choose and assign ONE label among: Implementation, Test, Defect, Design, or Documentation.

### Technical debt comment: """""" // defer argument checking """"""",DESIGN,DESIGN
"Self-admitted technical debt (SATD) is technical debt admitted by the developer through source code comments.
There are five types of software technical debts:

Implementation: Bad coding practices leading to poor legibility of code, making it difficult to understand and maintain.
Test: Problems found in implementations involving testing or monitoring subcomponents.
Defect: Identified defects in the system that should be addressed.
Design: Areas which violate good software design practices, causing poor flexibility to evolving business needs.
Documentation: Inadequate documentation that exists within the software system.

Choose and assign ONE label among: Implementation, Test, Defect, Design, or Documentation.

### Technical debt comment: """""" // TODO comments are not sent to recordValues """"""",IMPLEMENTATION,IMPLEMENTATION
"Self-admitted technical debt (SATD) is technical debt admitted by the developer through source code comments.
There are five types of software technical debts:

Implementation: Bad coding practices leading to poor legibility of code, making it difficult to understand and maintain.
Test: Problems found in implementations involving testing or monitoring subcomponents.
Defect: Identified defects in the system that should be addressed.
Design: Areas which violate good software design practices, causing poor flexibility to evolving business needs.
Documentation: Inadequate documentation that exists within the software system.

Choose and assign ONE label among: Implementation, Test, Defect, Design, or Documentation.

### Technical debt comment: """""" // TODO: It would be nice to throw a better error for this """"""",DESIGN,DESIGN
"Self-admitted technical debt (SATD) is technical debt admitted by the developer through source code comments.
There are five types of software technical debts:

Implementation: Bad coding practices leading to poor legibility of code, making it difficult to understand and maintain.
Test: Problems found in implementations involving testing or monitoring subcomponents.
Defect: Identified defects in the system that should be addressed.
Design: Areas which violate good software design practices, causing poor flexibility to evolving business needs.
Documentation: Inadequate documentation that exists within the software system.

Choose and assign ONE label among: Implementation, Test, Defect, Design, or Documentation.

### Technical debt comment: """""" //DMS Why not this? //new SubProgressMonitor(progressMonitor, 1)); """"""",DESIGN,DESIGN
"Self-admitted technical debt (SATD) is technical debt admitted by the developer through source code comments.
There are five types of software technical debts:

Implementation: Bad coding practices leading to poor legibility of code, making it difficult to understand and maintain.
Test: Problems found in implementations involving testing or monitoring subcomponents.
Defect: Identified defects in the system that should be addressed.
Design: Areas which violate good software design practices, causing poor flexibility to evolving business needs.
Documentation: Inadequate documentation that exists within the software system.

Choose and assign ONE label among: Implementation, Test, Defect, Design, or Documentation.

### Technical debt comment: """""" /**
 * A Mode to interpret user input while creating a permission edge.
 * The permission can connect any model elements including those represented
 * by edges as well as nodes.
 * <p>
 * TODO: In UML 2.x, Permission becomes PackageImport and the class hierarchy
 * has changed so that it is no longer a subtype of Dependency, so this may
 * need to be refactored to work correctly.
 */ """"""",DEFECT,DESIGN
"Self-admitted technical debt (SATD) is technical debt admitted by the developer through source code comments.
There are five types of software technical debts:

Implementation: Bad coding practices leading to poor legibility of code, making it difficult to understand and maintain.
Test: Problems found in implementations involving testing or monitoring subcomponents.
Defect: Identified defects in the system that should be addressed.
Design: Areas which violate good software design practices, causing poor flexibility to evolving business needs.
Documentation: Inadequate documentation that exists within the software system.

Choose and assign ONE label among: Implementation, Test, Defect, Design, or Documentation.

### Technical debt comment: """""" // This is a bit hard coded but if we use _scale here // some number displays go crazy. """"""",DESIGN,DESIGN
"Self-admitted technical debt (SATD) is technical debt admitted by the developer through source code comments.
There are five types of software technical debts:

Implementation: Bad coding practices leading to poor legibility of code, making it difficult to understand and maintain.
Test: Problems found in implementations involving testing or monitoring subcomponents.
Defect: Identified defects in the system that should be addressed.
Design: Areas which violate good software design practices, causing poor flexibility to evolving business needs.
Documentation: Inadequate documentation that exists within the software system.

Choose and assign ONE label among: Implementation, Test, Defect, Design, or Documentation.

### Technical debt comment: """""" // TODO: don't require pop """"""",DEFECT,DEFECT
"Self-admitted technical debt (SATD) is technical debt admitted by the developer through source code comments.
There are five types of software technical debts:

Implementation: Bad coding practices leading to poor legibility of code, making it difficult to understand and maintain.
Test: Problems found in implementations involving testing or monitoring subcomponents.
Defect: Identified defects in the system that should be addressed.
Design: Areas which violate good software design practices, causing poor flexibility to evolving business needs.
Documentation: Inadequate documentation that exists within the software system.

Choose and assign ONE label among: Implementation, Test, Defect, Design, or Documentation.

### Technical debt comment: """""" // NOTE: Source and line arguments are nonsense in a call(). //       Any way to make these arguments *sensible? """"""",DESIGN,DESIGN
"Self-admitted technical debt (SATD) is technical debt admitted by the developer through source code comments.
There are five types of software technical debts:

Implementation: Bad coding practices leading to poor legibility of code, making it difficult to understand and maintain.
Test: Problems found in implementations involving testing or monitoring subcomponents.
Defect: Identified defects in the system that should be addressed.
Design: Areas which violate good software design practices, causing poor flexibility to evolving business needs.
Documentation: Inadequate documentation that exists within the software system.

Choose and assign ONE label among: Implementation, Test, Defect, Design, or Documentation.

### Technical debt comment: """""" // do we need to update the crosshair values? """"""",DESIGN,DESIGN
"Self-admitted technical debt (SATD) is technical debt admitted by the developer through source code comments.
There are five types of software technical debts:

Implementation: Bad coding practices leading to poor legibility of code, making it difficult to understand and maintain.
Test: Problems found in implementations involving testing or monitoring subcomponents.
Defect: Identified defects in the system that should be addressed.
Design: Areas which violate good software design practices, causing poor flexibility to evolving business needs.
Documentation: Inadequate documentation that exists within the software system.

Choose and assign ONE label among: Implementation, Test, Defect, Design, or Documentation.

### Technical debt comment: """""" // TODO: make static? """"""",DESIGN,DESIGN
"Self-admitted technical debt (SATD) is technical debt admitted by the developer through source code comments.
There are five types of software technical debts:

Implementation: Bad coding practices leading to poor legibility of code, making it difficult to understand and maintain.
Test: Problems found in implementations involving testing or monitoring subcomponents.
Defect: Identified defects in the system that should be addressed.
Design: Areas which violate good software design practices, causing poor flexibility to evolving business needs.
Documentation: Inadequate documentation that exists within the software system.

Choose and assign ONE label among: Implementation, Test, Defect, Design, or Documentation.

### Technical debt comment: """""" /*TODO before inserting, find out if there's already a menu item
     * with the same action command. if so, replace it, otherwise insert new
     */ """"""",DESIGN,IMPLEMENTATION
"Self-admitted technical debt (SATD) is technical debt admitted by the developer through source code comments.
There are five types of software technical debts:

Implementation: Bad coding practices leading to poor legibility of code, making it difficult to understand and maintain.
Test: Problems found in implementations involving testing or monitoring subcomponents.
Defect: Identified defects in the system that should be addressed.
Design: Areas which violate good software design practices, causing poor flexibility to evolving business needs.
Documentation: Inadequate documentation that exists within the software system.

Choose and assign ONE label among: Implementation, Test, Defect, Design, or Documentation.

### Technical debt comment: """""" // TODO: We need some way of driving this from panel xml rather // than hard coded test """"""",TEST,DESIGN
"Self-admitted technical debt (SATD) is technical debt admitted by the developer through source code comments.
There are five types of software technical debts:

Implementation: Bad coding practices leading to poor legibility of code, making it difficult to understand and maintain.
Test: Problems found in implementations involving testing or monitoring subcomponents.
Defect: Identified defects in the system that should be addressed.
Design: Areas which violate good software design practices, causing poor flexibility to evolving business needs.
Documentation: Inadequate documentation that exists within the software system.

Choose and assign ONE label among: Implementation, Test, Defect, Design, or Documentation.

### Technical debt comment: """""" // Feb 4 2000 5:30 PM // Catch Throwable here rather than Exception. // Kaffe's implementation of Runtime.exec throws java.lang.InternalError. """"""",DEFECT,DEFECT
"Self-admitted technical debt (SATD) is technical debt admitted by the developer through source code comments.
There are five types of software technical debts:

Implementation: Bad coding practices leading to poor legibility of code, making it difficult to understand and maintain.
Test: Problems found in implementations involving testing or monitoring subcomponents.
Defect: Identified defects in the system that should be addressed.
Design: Areas which violate good software design practices, causing poor flexibility to evolving business needs.
Documentation: Inadequate documentation that exists within the software system.

Choose and assign ONE label among: Implementation, Test, Defect, Design, or Documentation.

### Technical debt comment: """""" // FIXME: this probably belongs in a different package. """"""",DESIGN,DESIGN
"Self-admitted technical debt (SATD) is technical debt admitted by the developer through source code comments.
There are five types of software technical debts:

Implementation: Bad coding practices leading to poor legibility of code, making it difficult to understand and maintain.
Test: Problems found in implementations involving testing or monitoring subcomponents.
Defect: Identified defects in the system that should be addressed.
Design: Areas which violate good software design practices, causing poor flexibility to evolving business needs.
Documentation: Inadequate documentation that exists within the software system.

Choose and assign ONE label among: Implementation, Test, Defect, Design, or Documentation.

### Technical debt comment: """""" //TODO: implement, won't do this now """"""",IMPLEMENTATION,IMPLEMENTATION
"Self-admitted technical debt (SATD) is technical debt admitted by the developer through source code comments.
There are five types of software technical debts:

Implementation: Bad coding practices leading to poor legibility of code, making it difficult to understand and maintain.
Test: Problems found in implementations involving testing or monitoring subcomponents.
Defect: Identified defects in the system that should be addressed.
Design: Areas which violate good software design practices, causing poor flexibility to evolving business needs.
Documentation: Inadequate documentation that exists within the software system.

Choose and assign ONE label among: Implementation, Test, Defect, Design, or Documentation.

### Technical debt comment: """""" // TODO (@author karlpeder): Implementation of undo/redo missing """"""",IMPLEMENTATION,IMPLEMENTATION
"Self-admitted technical debt (SATD) is technical debt admitted by the developer through source code comments.
There are five types of software technical debts:

Implementation: Bad coding practices leading to poor legibility of code, making it difficult to understand and maintain.
Test: Problems found in implementations involving testing or monitoring subcomponents.
Defect: Identified defects in the system that should be addressed.
Design: Areas which violate good software design practices, causing poor flexibility to evolving business needs.
Documentation: Inadequate documentation that exists within the software system.

Choose and assign ONE label among: Implementation, Test, Defect, Design, or Documentation.

### Technical debt comment: """""" /*TODO create javadocs for class */ """"""",DOCUMENTATION,DOCUMENTATION
"Self-admitted technical debt (SATD) is technical debt admitted by the developer through source code comments.
There are five types of software technical debts:

Implementation: Bad coding practices leading to poor legibility of code, making it difficult to understand and maintain.
Test: Problems found in implementations involving testing or monitoring subcomponents.
Defect: Identified defects in the system that should be addressed.
Design: Areas which violate good software design practices, causing poor flexibility to evolving business needs.
Documentation: Inadequate documentation that exists within the software system.

Choose and assign ONE label among: Implementation, Test, Defect, Design, or Documentation.

### Technical debt comment: """""" // TODO: don't require pop """"""",DEFECT,DEFECT
"Self-admitted technical debt (SATD) is technical debt admitted by the developer through source code comments.
There are five types of software technical debts:

Implementation: Bad coding practices leading to poor legibility of code, making it difficult to understand and maintain.
Test: Problems found in implementations involving testing or monitoring subcomponents.
Defect: Identified defects in the system that should be addressed.
Design: Areas which violate good software design practices, causing poor flexibility to evolving business needs.
Documentation: Inadequate documentation that exists within the software system.

Choose and assign ONE label among: Implementation, Test, Defect, Design, or Documentation.

### Technical debt comment: """""" /**
 * The Fig for a permission, which is a form of dependency.
 * <p>
 * TODO: In UML 2.x, the import and access Permissions have become
 * PackageImports with public visibility and non-public visibility respectively.
 * (ArgoUML only supports the <<import>> Permission currently). The friend
 * Permission has been dropped. Also the type hierarchy has been reorganized so
 * that PackageImport is not a subtype of Dependency.
 * 
 * @author Markus Klink
 */ """"""",DESIGN,DESIGN
"Self-admitted technical debt (SATD) is technical debt admitted by the developer through source code comments.
There are five types of software technical debts:

Implementation: Bad coding practices leading to poor legibility of code, making it difficult to understand and maintain.
Test: Problems found in implementations involving testing or monitoring subcomponents.
Defect: Identified defects in the system that should be addressed.
Design: Areas which violate good software design practices, causing poor flexibility to evolving business needs.
Documentation: Inadequate documentation that exists within the software system.

Choose and assign ONE label among: Implementation, Test, Defect, Design, or Documentation.

### Technical debt comment: """""" // TODO: consider inherited associations? // TODO: self loops are double counted """"""",DESIGN,IMPLEMENTATION
"Self-admitted technical debt (SATD) is technical debt admitted by the developer through source code comments.
There are five types of software technical debts:

Implementation: Bad coding practices leading to poor legibility of code, making it difficult to understand and maintain.
Test: Problems found in implementations involving testing or monitoring subcomponents.
Defect: Identified defects in the system that should be addressed.
Design: Areas which violate good software design practices, causing poor flexibility to evolving business needs.
Documentation: Inadequate documentation that exists within the software system.

Choose and assign ONE label among: Implementation, Test, Defect, Design, or Documentation.

### Technical debt comment: """""" // TODO: don't require pop """"""",DEFECT,DEFECT
"Self-admitted technical debt (SATD) is technical debt admitted by the developer through source code comments.
There are five types of software technical debts:

Implementation: Bad coding practices leading to poor legibility of code, making it difficult to understand and maintain.
Test: Problems found in implementations involving testing or monitoring subcomponents.
Defect: Identified defects in the system that should be addressed.
Design: Areas which violate good software design practices, causing poor flexibility to evolving business needs.
Documentation: Inadequate documentation that exists within the software system.

Choose and assign ONE label among: Implementation, Test, Defect, Design, or Documentation.

### Technical debt comment: """""" /**
     * Offset in x & y for depth perspective lines of cube.
     * TODO: This is the same value as the member 'D'in 
     * {@link org.tigris.gef.presentation.FigCube}, but there is
     * nothing enforcing that correspondence.  Things will probably
     * break if they don't match.
     */ """"""",DEFECT,DESIGN
"Self-admitted technical debt (SATD) is technical debt admitted by the developer through source code comments.
There are five types of software technical debts:

Implementation: Bad coding practices leading to poor legibility of code, making it difficult to understand and maintain.
Test: Problems found in implementations involving testing or monitoring subcomponents.
Defect: Identified defects in the system that should be addressed.
Design: Areas which violate good software design practices, causing poor flexibility to evolving business needs.
Documentation: Inadequate documentation that exists within the software system.

Choose and assign ONE label among: Implementation, Test, Defect, Design, or Documentation.

### Technical debt comment: """""" //  Empty implementation - not used. """"""",IMPLEMENTATION,DESIGN
"Self-admitted technical debt (SATD) is technical debt admitted by the developer through source code comments.
There are five types of software technical debts:

Implementation: Bad coding practices leading to poor legibility of code, making it difficult to understand and maintain.
Test: Problems found in implementations involving testing or monitoring subcomponents.
Defect: Identified defects in the system that should be addressed.
Design: Areas which violate good software design practices, causing poor flexibility to evolving business needs.
Documentation: Inadequate documentation that exists within the software system.

Choose and assign ONE label among: Implementation, Test, Defect, Design, or Documentation.

### Technical debt comment: """""" // TODO: We expect an association end here -  // check more carefully? - tfm """"""",IMPLEMENTATION,IMPLEMENTATION
"Self-admitted technical debt (SATD) is technical debt admitted by the developer through source code comments.
There are five types of software technical debts:

Implementation: Bad coding practices leading to poor legibility of code, making it difficult to understand and maintain.
Test: Problems found in implementations involving testing or monitoring subcomponents.
Defect: Identified defects in the system that should be addressed.
Design: Areas which violate good software design practices, causing poor flexibility to evolving business needs.
Documentation: Inadequate documentation that exists within the software system.

Choose and assign ONE label among: Implementation, Test, Defect, Design, or Documentation.

### Technical debt comment: """""" //cannot remove underscores due to protected visibility >:( """"""",DESIGN,DESIGN
"Self-admitted technical debt (SATD) is technical debt admitted by the developer through source code comments.
There are five types of software technical debts:

Implementation: Bad coding practices leading to poor legibility of code, making it difficult to understand and maintain.
Test: Problems found in implementations involving testing or monitoring subcomponents.
Defect: Identified defects in the system that should be addressed.
Design: Areas which violate good software design practices, causing poor flexibility to evolving business needs.
Documentation: Inadequate documentation that exists within the software system.

Choose and assign ONE label among: Implementation, Test, Defect, Design, or Documentation.

### Technical debt comment: """""" // TODO: Use stylesheet to convert or wait till we use Fig // factories in diagram subsystem. // What is the last version that used FigNote? """"""",DESIGN,DESIGN
"Self-admitted technical debt (SATD) is technical debt admitted by the developer through source code comments.
There are five types of software technical debts:

Implementation: Bad coding practices leading to poor legibility of code, making it difficult to understand and maintain.
Test: Problems found in implementations involving testing or monitoring subcomponents.
Defect: Identified defects in the system that should be addressed.
Design: Areas which violate good software design practices, causing poor flexibility to evolving business needs.
Documentation: Inadequate documentation that exists within the software system.

Choose and assign ONE label among: Implementation, Test, Defect, Design, or Documentation.

### Technical debt comment: """""" // modules are included with a shim class; we must find that shim to handle super() appropriately """"""",DESIGN,DESIGN
"Self-admitted technical debt (SATD) is technical debt admitted by the developer through source code comments.
There are five types of software technical debts:

Implementation: Bad coding practices leading to poor legibility of code, making it difficult to understand and maintain.
Test: Problems found in implementations involving testing or monitoring subcomponents.
Defect: Identified defects in the system that should be addressed.
Design: Areas which violate good software design practices, causing poor flexibility to evolving business needs.
Documentation: Inadequate documentation that exists within the software system.

Choose and assign ONE label among: Implementation, Test, Defect, Design, or Documentation.

### Technical debt comment: """""" // FIXME: the XYItemRenderer interface doesn't specify the // getAnnotations() method but it should """"""",DESIGN,DESIGN
"Self-admitted technical debt (SATD) is technical debt admitted by the developer through source code comments.
There are five types of software technical debts:

Implementation: Bad coding practices leading to poor legibility of code, making it difficult to understand and maintain.
Test: Problems found in implementations involving testing or monitoring subcomponents.
Defect: Identified defects in the system that should be addressed.
Design: Areas which violate good software design practices, causing poor flexibility to evolving business needs.
Documentation: Inadequate documentation that exists within the software system.

Choose and assign ONE label among: Implementation, Test, Defect, Design, or Documentation.

### Technical debt comment: """""" // TODO: Do we have any potential consumers of the unversioned name outside // of the notation subsystem? """"""",IMPLEMENTATION,DESIGN
"Self-admitted technical debt (SATD) is technical debt admitted by the developer through source code comments.
There are five types of software technical debts:

Implementation: Bad coding practices leading to poor legibility of code, making it difficult to understand and maintain.
Test: Problems found in implementations involving testing or monitoring subcomponents.
Defect: Identified defects in the system that should be addressed.
Design: Areas which violate good software design practices, causing poor flexibility to evolving business needs.
Documentation: Inadequate documentation that exists within the software system.

Choose and assign ONE label among: Implementation, Test, Defect, Design, or Documentation.

### Technical debt comment: """""" // This is GROSS, but Java API's aren't ISO 8601 compliant at all """"""",DESIGN,DESIGN
"Self-admitted technical debt (SATD) is technical debt admitted by the developer through source code comments.
There are five types of software technical debts:

Implementation: Bad coding practices leading to poor legibility of code, making it difficult to understand and maintain.
Test: Problems found in implementations involving testing or monitoring subcomponents.
Defect: Identified defects in the system that should be addressed.
Design: Areas which violate good software design practices, causing poor flexibility to evolving business needs.
Documentation: Inadequate documentation that exists within the software system.

Choose and assign ONE label among: Implementation, Test, Defect, Design, or Documentation.

### Technical debt comment: """""" /*
     * TODO consider removing this method, and providing method wrappers instead.
     * This would allow the Gui package to do any additional clearups if required,
     * as has been done with clearTestPlan()
    */ """"""",DESIGN,DESIGN
"Self-admitted technical debt (SATD) is technical debt admitted by the developer through source code comments.
There are five types of software technical debts:

Implementation: Bad coding practices leading to poor legibility of code, making it difficult to understand and maintain.
Test: Problems found in implementations involving testing or monitoring subcomponents.
Defect: Identified defects in the system that should be addressed.
Design: Areas which violate good software design practices, causing poor flexibility to evolving business needs.
Documentation: Inadequate documentation that exists within the software system.

Choose and assign ONE label among: Implementation, Test, Defect, Design, or Documentation.

### Technical debt comment: """""" // FIXME: what should these really be? Numeric?       assert x instanceof RubyComplex && y instanceof RubyComplex; """"""",DESIGN,DESIGN
"Self-admitted technical debt (SATD) is technical debt admitted by the developer through source code comments.
There are five types of software technical debts:

Implementation: Bad coding practices leading to poor legibility of code, making it difficult to understand and maintain.
Test: Problems found in implementations involving testing or monitoring subcomponents.
Defect: Identified defects in the system that should be addressed.
Design: Areas which violate good software design practices, causing poor flexibility to evolving business needs.
Documentation: Inadequate documentation that exists within the software system.

Choose and assign ONE label among: Implementation, Test, Defect, Design, or Documentation.

### Technical debt comment: """""" // TODO: Why do we clone the return value? This is the only reference // to it (right?) so we shouldn't need a separate copy. """"""",DEFECT,DESIGN
"Self-admitted technical debt (SATD) is technical debt admitted by the developer through source code comments.
There are five types of software technical debts:

Implementation: Bad coding practices leading to poor legibility of code, making it difficult to understand and maintain.
Test: Problems found in implementations involving testing or monitoring subcomponents.
Defect: Identified defects in the system that should be addressed.
Design: Areas which violate good software design practices, causing poor flexibility to evolving business needs.
Documentation: Inadequate documentation that exists within the software system.

Choose and assign ONE label among: Implementation, Test, Defect, Design, or Documentation.

### Technical debt comment: """""" // (should we cache info in not a class case too?) """"""",DESIGN,DESIGN
"Self-admitted technical debt (SATD) is technical debt admitted by the developer through source code comments.
There are five types of software technical debts:

Implementation: Bad coding practices leading to poor legibility of code, making it difficult to understand and maintain.
Test: Problems found in implementations involving testing or monitoring subcomponents.
Defect: Identified defects in the system that should be addressed.
Design: Areas which violate good software design practices, causing poor flexibility to evolving business needs.
Documentation: Inadequate documentation that exists within the software system.

Choose and assign ONE label among: Implementation, Test, Defect, Design, or Documentation.

### Technical debt comment: """""" // TODO: This should use a minimal update strategy instead of // removing everything and adding it again. - tfm """"""",DESIGN,DESIGN
"Self-admitted technical debt (SATD) is technical debt admitted by the developer through source code comments.
There are five types of software technical debts:

Implementation: Bad coding practices leading to poor legibility of code, making it difficult to understand and maintain.
Test: Problems found in implementations involving testing or monitoring subcomponents.
Defect: Identified defects in the system that should be addressed.
Design: Areas which violate good software design practices, causing poor flexibility to evolving business needs.
Documentation: Inadequate documentation that exists within the software system.

Choose and assign ONE label among: Implementation, Test, Defect, Design, or Documentation.

### Technical debt comment: """""" // Do not clone cached methods // FIXME: MRI copies all methods here """"""",IMPLEMENTATION,DESIGN
"Self-admitted technical debt (SATD) is technical debt admitted by the developer through source code comments.
There are five types of software technical debts:

Implementation: Bad coding practices leading to poor legibility of code, making it difficult to understand and maintain.
Test: Problems found in implementations involving testing or monitoring subcomponents.
Defect: Identified defects in the system that should be addressed.
Design: Areas which violate good software design practices, causing poor flexibility to evolving business needs.
Documentation: Inadequate documentation that exists within the software system.

Choose and assign ONE label among: Implementation, Test, Defect, Design, or Documentation.

### Technical debt comment: """""" // TODO: Make sure all appropriate open flags are added to this check. """"""",IMPLEMENTATION,IMPLEMENTATION
"Self-admitted technical debt (SATD) is technical debt admitted by the developer through source code comments.
There are five types of software technical debts:

Implementation: Bad coding practices leading to poor legibility of code, making it difficult to understand and maintain.
Test: Problems found in implementations involving testing or monitoring subcomponents.
Defect: Identified defects in the system that should be addressed.
Design: Areas which violate good software design practices, causing poor flexibility to evolving business needs.
Documentation: Inadequate documentation that exists within the software system.

Choose and assign ONE label among: Implementation, Test, Defect, Design, or Documentation.

### Technical debt comment: """""" /**
     * Actually instanciate the NetNode and FigNode objects and
     * set the global next mode to ModePlace
     * TODO: should call super, reduce code volume!
     *
     * @see org.tigris.gef.graph.GraphFactory#makeNode()
     */ """"""",DESIGN,DESIGN
"Self-admitted technical debt (SATD) is technical debt admitted by the developer through source code comments.
There are five types of software technical debts:

Implementation: Bad coding practices leading to poor legibility of code, making it difficult to understand and maintain.
Test: Problems found in implementations involving testing or monitoring subcomponents.
Defect: Identified defects in the system that should be addressed.
Design: Areas which violate good software design practices, causing poor flexibility to evolving business needs.
Documentation: Inadequate documentation that exists within the software system.

Choose and assign ONE label among: Implementation, Test, Defect, Design, or Documentation.

### Technical debt comment: """""" // TODO: Put in all the property accessors """"""",DESIGN,IMPLEMENTATION
"Self-admitted technical debt (SATD) is technical debt admitted by the developer through source code comments.
There are five types of software technical debts:

Implementation: Bad coding practices leading to poor legibility of code, making it difficult to understand and maintain.
Test: Problems found in implementations involving testing or monitoring subcomponents.
Defect: Identified defects in the system that should be addressed.
Design: Areas which violate good software design practices, causing poor flexibility to evolving business needs.
Documentation: Inadequate documentation that exists within the software system.

Choose and assign ONE label among: Implementation, Test, Defect, Design, or Documentation.

### Technical debt comment: """""" // TODO: how to merge multiple inheritance? Necessary? // This currently copies the common ancestors multiple times """"""",DESIGN,DESIGN
"Self-admitted technical debt (SATD) is technical debt admitted by the developer through source code comments.
There are five types of software technical debts:

Implementation: Bad coding practices leading to poor legibility of code, making it difficult to understand and maintain.
Test: Problems found in implementations involving testing or monitoring subcomponents.
Defect: Identified defects in the system that should be addressed.
Design: Areas which violate good software design practices, causing poor flexibility to evolving business needs.
Documentation: Inadequate documentation that exists within the software system.

Choose and assign ONE label among: Implementation, Test, Defect, Design, or Documentation.

### Technical debt comment: """""" // TODO: better error message since we actually support composites if names are explicitly listed. """"""",IMPLEMENTATION,IMPLEMENTATION
"Self-admitted technical debt (SATD) is technical debt admitted by the developer through source code comments.
There are five types of software technical debts:

Implementation: Bad coding practices leading to poor legibility of code, making it difficult to understand and maintain.
Test: Problems found in implementations involving testing or monitoring subcomponents.
Defect: Identified defects in the system that should be addressed.
Design: Areas which violate good software design practices, causing poor flexibility to evolving business needs.
Documentation: Inadequate documentation that exists within the software system.

Choose and assign ONE label among: Implementation, Test, Defect, Design, or Documentation.

### Technical debt comment: """""" /*
         * Ensure that the sample variables are correctly initialised for each run.
         * TODO is this the best way to do this? should it be done elsewhere ?
         */ """"""",DESIGN,DESIGN
"Self-admitted technical debt (SATD) is technical debt admitted by the developer through source code comments.
There are five types of software technical debts:

Implementation: Bad coding practices leading to poor legibility of code, making it difficult to understand and maintain.
Test: Problems found in implementations involving testing or monitoring subcomponents.
Defect: Identified defects in the system that should be addressed.
Design: Areas which violate good software design practices, causing poor flexibility to evolving business needs.
Documentation: Inadequate documentation that exists within the software system.

Choose and assign ONE label among: Implementation, Test, Defect, Design, or Documentation.

### Technical debt comment: """""" // Perhaps here we would want to guard with // a property for parallel backups or not. """"""",DESIGN,DESIGN
"Self-admitted technical debt (SATD) is technical debt admitted by the developer through source code comments.
There are five types of software technical debts:

Implementation: Bad coding practices leading to poor legibility of code, making it difficult to understand and maintain.
Test: Problems found in implementations involving testing or monitoring subcomponents.
Defect: Identified defects in the system that should be addressed.
Design: Areas which violate good software design practices, causing poor flexibility to evolving business needs.
Documentation: Inadequate documentation that exists within the software system.

Choose and assign ONE label among: Implementation, Test, Defect, Design, or Documentation.

### Technical debt comment: """""" // -------------------- Access to property tables  -------------------- // This is used to support ant call and similar tasks. It should be // deprecated, it is possible to use a better (more efficient) // mechanism to preserve the context. """"""",DESIGN,DESIGN
"Self-admitted technical debt (SATD) is technical debt admitted by the developer through source code comments.
There are five types of software technical debts:

Implementation: Bad coding practices leading to poor legibility of code, making it difficult to understand and maintain.
Test: Problems found in implementations involving testing or monitoring subcomponents.
Defect: Identified defects in the system that should be addressed.
Design: Areas which violate good software design practices, causing poor flexibility to evolving business needs.
Documentation: Inadequate documentation that exists within the software system.

Choose and assign ONE label among: Implementation, Test, Defect, Design, or Documentation.

### Technical debt comment: """""" // REVISIT: Remove this code. """"""",DESIGN,DESIGN
"Self-admitted technical debt (SATD) is technical debt admitted by the developer through source code comments.
There are five types of software technical debts:

Implementation: Bad coding practices leading to poor legibility of code, making it difficult to understand and maintain.
Test: Problems found in implementations involving testing or monitoring subcomponents.
Defect: Identified defects in the system that should be addressed.
Design: Areas which violate good software design practices, causing poor flexibility to evolving business needs.
Documentation: Inadequate documentation that exists within the software system.

Choose and assign ONE label among: Implementation, Test, Defect, Design, or Documentation.

### Technical debt comment: """""" // todo: this might really even be moved into the cfg package and used as the basis for all things which are configurable. """"""",DESIGN,DESIGN
"Self-admitted technical debt (SATD) is technical debt admitted by the developer through source code comments.
There are five types of software technical debts:

Implementation: Bad coding practices leading to poor legibility of code, making it difficult to understand and maintain.
Test: Problems found in implementations involving testing or monitoring subcomponents.
Defect: Identified defects in the system that should be addressed.
Design: Areas which violate good software design practices, causing poor flexibility to evolving business needs.
Documentation: Inadequate documentation that exists within the software system.

Choose and assign ONE label among: Implementation, Test, Defect, Design, or Documentation.

### Technical debt comment: """""" //TODO: temporary """"""",DESIGN,DESIGN
"Self-admitted technical debt (SATD) is technical debt admitted by the developer through source code comments.
There are five types of software technical debts:

Implementation: Bad coding practices leading to poor legibility of code, making it difficult to understand and maintain.
Test: Problems found in implementations involving testing or monitoring subcomponents.
Defect: Identified defects in the system that should be addressed.
Design: Areas which violate good software design practices, causing poor flexibility to evolving business needs.
Documentation: Inadequate documentation that exists within the software system.

Choose and assign ONE label among: Implementation, Test, Defect, Design, or Documentation.

### Technical debt comment: """""" // TODO Improve extensibility of this! """"""",DESIGN,DESIGN
"Self-admitted technical debt (SATD) is technical debt admitted by the developer through source code comments.
There are five types of software technical debts:

Implementation: Bad coding practices leading to poor legibility of code, making it difficult to understand and maintain.
Test: Problems found in implementations involving testing or monitoring subcomponents.
Defect: Identified defects in the system that should be addressed.
Design: Areas which violate good software design practices, causing poor flexibility to evolving business needs.
Documentation: Inadequate documentation that exists within the software system.

Choose and assign ONE label among: Implementation, Test, Defect, Design, or Documentation.

### Technical debt comment: """""" /**
	 * TODO: this is a bug in the code at the moment.  If table ""test"" isn't qualified then this test passes - 
	 * so we need to beef up qualified tablename handling.
	 */ """"""",DEFECT,DEFECT
"Self-admitted technical debt (SATD) is technical debt admitted by the developer through source code comments.
There are five types of software technical debts:

Implementation: Bad coding practices leading to poor legibility of code, making it difficult to understand and maintain.
Test: Problems found in implementations involving testing or monitoring subcomponents.
Defect: Identified defects in the system that should be addressed.
Design: Areas which violate good software design practices, causing poor flexibility to evolving business needs.
Documentation: Inadequate documentation that exists within the software system.

Choose and assign ONE label among: Implementation, Test, Defect, Design, or Documentation.

### Technical debt comment: """""" // TODO: This is a temporary crutch to use until all Figs are updated // to use the constructor that accepts a DiagramSettings object """"""",DESIGN,DESIGN
"Self-admitted technical debt (SATD) is technical debt admitted by the developer through source code comments.
There are five types of software technical debts:

Implementation: Bad coding practices leading to poor legibility of code, making it difficult to understand and maintain.
Test: Problems found in implementations involving testing or monitoring subcomponents.
Defect: Identified defects in the system that should be addressed.
Design: Areas which violate good software design practices, causing poor flexibility to evolving business needs.
Documentation: Inadequate documentation that exists within the software system.

Choose and assign ONE label among: Implementation, Test, Defect, Design, or Documentation.

### Technical debt comment: """""" // There is a better way to save the context. This shouldn't // delegate to next, it's for backward compatibility only. """"""",DESIGN,DESIGN
"Self-admitted technical debt (SATD) is technical debt admitted by the developer through source code comments.
There are five types of software technical debts:

Implementation: Bad coding practices leading to poor legibility of code, making it difficult to understand and maintain.
Test: Problems found in implementations involving testing or monitoring subcomponents.
Defect: Identified defects in the system that should be addressed.
Design: Areas which violate good software design practices, causing poor flexibility to evolving business needs.
Documentation: Inadequate documentation that exists within the software system.

Choose and assign ONE label among: Implementation, Test, Defect, Design, or Documentation.

### Technical debt comment: """""" // TODO: I18N required """"""",IMPLEMENTATION,IMPLEMENTATION
"Self-admitted technical debt (SATD) is technical debt admitted by the developer through source code comments.
There are five types of software technical debts:

Implementation: Bad coding practices leading to poor legibility of code, making it difficult to understand and maintain.
Test: Problems found in implementations involving testing or monitoring subcomponents.
Defect: Identified defects in the system that should be addressed.
Design: Areas which violate good software design practices, causing poor flexibility to evolving business needs.
Documentation: Inadequate documentation that exists within the software system.

Choose and assign ONE label among: Implementation, Test, Defect, Design, or Documentation.

### Technical debt comment: """""" /**
 * A window that displays an exception to the user if we can't handle it
 * in any other way.
 * 
 * TODO: This has been partly converted to be a generic error dialog 
 * rather than something specific to exceptions.  This should be renamed
 * when that process is complete.
 */ """"""",DESIGN,DESIGN
"Self-admitted technical debt (SATD) is technical debt admitted by the developer through source code comments.
There are five types of software technical debts:

Implementation: Bad coding practices leading to poor legibility of code, making it difficult to understand and maintain.
Test: Problems found in implementations involving testing or monitoring subcomponents.
Defect: Identified defects in the system that should be addressed.
Design: Areas which violate good software design practices, causing poor flexibility to evolving business needs.
Documentation: Inadequate documentation that exists within the software system.

Choose and assign ONE label among: Implementation, Test, Defect, Design, or Documentation.

### Technical debt comment: """""" /**
 * Models the designers goals in making this design.  Provides useful
 * control information to the Agency so that only critics relevant to
 * the designers goals are ever executed.
 *
 * TODO: Really this should be part of a domain extension
 * and not the kernel.  I have not developed this part of Argo very
 * much.
 *
 * @author Jason Robbins
 */ """"""",DESIGN,DESIGN
"Self-admitted technical debt (SATD) is technical debt admitted by the developer through source code comments.
There are five types of software technical debts:

Implementation: Bad coding practices leading to poor legibility of code, making it difficult to understand and maintain.
Test: Problems found in implementations involving testing or monitoring subcomponents.
Defect: Identified defects in the system that should be addressed.
Design: Areas which violate good software design practices, causing poor flexibility to evolving business needs.
Documentation: Inadequate documentation that exists within the software system.

Choose and assign ONE label among: Implementation, Test, Defect, Design, or Documentation.

### Technical debt comment: """""" // yick!  need this for proper serialization/deserialization handling... """"""",DESIGN,DESIGN
"Self-admitted technical debt (SATD) is technical debt admitted by the developer through source code comments.
There are five types of software technical debts:

Implementation: Bad coding practices leading to poor legibility of code, making it difficult to understand and maintain.
Test: Problems found in implementations involving testing or monitoring subcomponents.
Defect: Identified defects in the system that should be addressed.
Design: Areas which violate good software design practices, causing poor flexibility to evolving business needs.
Documentation: Inadequate documentation that exists within the software system.

Choose and assign ONE label among: Implementation, Test, Defect, Design, or Documentation.

### Technical debt comment: """""" // TODO: process warnings? Set Code and Message to success? """"""",DESIGN,IMPLEMENTATION
"Self-admitted technical debt (SATD) is technical debt admitted by the developer through source code comments.
There are five types of software technical debts:

Implementation: Bad coding practices leading to poor legibility of code, making it difficult to understand and maintain.
Test: Problems found in implementations involving testing or monitoring subcomponents.
Defect: Identified defects in the system that should be addressed.
Design: Areas which violate good software design practices, causing poor flexibility to evolving business needs.
Documentation: Inadequate documentation that exists within the software system.

Choose and assign ONE label among: Implementation, Test, Defect, Design, or Documentation.

### Technical debt comment: """""" // do we need to update the crosshair values? """"""",DESIGN,DESIGN
"Self-admitted technical debt (SATD) is technical debt admitted by the developer through source code comments.
There are five types of software technical debts:

Implementation: Bad coding practices leading to poor legibility of code, making it difficult to understand and maintain.
Test: Problems found in implementations involving testing or monitoring subcomponents.
Defect: Identified defects in the system that should be addressed.
Design: Areas which violate good software design practices, causing poor flexibility to evolving business needs.
Documentation: Inadequate documentation that exists within the software system.

Choose and assign ONE label among: Implementation, Test, Defect, Design, or Documentation.

### Technical debt comment: """""" // Don't try restoring the URL TODO: wy not? """"""",DEFECT,IMPLEMENTATION
"Self-admitted technical debt (SATD) is technical debt admitted by the developer through source code comments.
There are five types of software technical debts:

Implementation: Bad coding practices leading to poor legibility of code, making it difficult to understand and maintain.
Test: Problems found in implementations involving testing or monitoring subcomponents.
Defect: Identified defects in the system that should be addressed.
Design: Areas which violate good software design practices, causing poor flexibility to evolving business needs.
Documentation: Inadequate documentation that exists within the software system.

Choose and assign ONE label among: Implementation, Test, Defect, Design, or Documentation.

### Technical debt comment: """""" // TODO: Performance critical method """"""",DESIGN,IMPLEMENTATION
"Self-admitted technical debt (SATD) is technical debt admitted by the developer through source code comments.
There are five types of software technical debts:

Implementation: Bad coding practices leading to poor legibility of code, making it difficult to understand and maintain.
Test: Problems found in implementations involving testing or monitoring subcomponents.
Defect: Identified defects in the system that should be addressed.
Design: Areas which violate good software design practices, causing poor flexibility to evolving business needs.
Documentation: Inadequate documentation that exists within the software system.

Choose and assign ONE label among: Implementation, Test, Defect, Design, or Documentation.

### Technical debt comment: """""" /**
     * Initialize the ArgoUML application version, so that
     * {@link ApplicationVersion#getVersion()} doesn't return null.
     *
     * @throws Exception if something goes wrong...
     * TODO: move this to an helper class.
     */ """"""",DESIGN,DESIGN
"Self-admitted technical debt (SATD) is technical debt admitted by the developer through source code comments.
There are five types of software technical debts:

Implementation: Bad coding practices leading to poor legibility of code, making it difficult to understand and maintain.
Test: Problems found in implementations involving testing or monitoring subcomponents.
Defect: Identified defects in the system that should be addressed.
Design: Areas which violate good software design practices, causing poor flexibility to evolving business needs.
Documentation: Inadequate documentation that exists within the software system.

Choose and assign ONE label among: Implementation, Test, Defect, Design, or Documentation.

### Technical debt comment: """""" /**
	 * **FIXME** This function needs documentation
	 * 
	 * Constructor
	 *  
	 */ """"""",DOCUMENTATION,DOCUMENTATION
"Self-admitted technical debt (SATD) is technical debt admitted by the developer through source code comments.
There are five types of software technical debts:

Implementation: Bad coding practices leading to poor legibility of code, making it difficult to understand and maintain.
Test: Problems found in implementations involving testing or monitoring subcomponents.
Defect: Identified defects in the system that should be addressed.
Design: Areas which violate good software design practices, causing poor flexibility to evolving business needs.
Documentation: Inadequate documentation that exists within the software system.

Choose and assign ONE label among: Implementation, Test, Defect, Design, or Documentation.

### Technical debt comment: """""" // Since Columba is doing its own logging handlers, we should not // use handlers in the parent logger. """"""",DESIGN,DESIGN
"Self-admitted technical debt (SATD) is technical debt admitted by the developer through source code comments.
There are five types of software technical debts:

Implementation: Bad coding practices leading to poor legibility of code, making it difficult to understand and maintain.
Test: Problems found in implementations involving testing or monitoring subcomponents.
Defect: Identified defects in the system that should be addressed.
Design: Areas which violate good software design practices, causing poor flexibility to evolving business needs.
Documentation: Inadequate documentation that exists within the software system.

Choose and assign ONE label among: Implementation, Test, Defect, Design, or Documentation.

### Technical debt comment: """""" // TODO: Is this removed from UML2 ? """"""",DESIGN,DESIGN
"Self-admitted technical debt (SATD) is technical debt admitted by the developer through source code comments.
There are five types of software technical debts:

Implementation: Bad coding practices leading to poor legibility of code, making it difficult to understand and maintain.
Test: Problems found in implementations involving testing or monitoring subcomponents.
Defect: Identified defects in the system that should be addressed.
Design: Areas which violate good software design practices, causing poor flexibility to evolving business needs.
Documentation: Inadequate documentation that exists within the software system.

Choose and assign ONE label among: Implementation, Test, Defect, Design, or Documentation.

### Technical debt comment: """""" // TODO: I18N """"""",IMPLEMENTATION,IMPLEMENTATION
"Self-admitted technical debt (SATD) is technical debt admitted by the developer through source code comments.
There are five types of software technical debts:

Implementation: Bad coding practices leading to poor legibility of code, making it difficult to understand and maintain.
Test: Problems found in implementations involving testing or monitoring subcomponents.
Defect: Identified defects in the system that should be addressed.
Design: Areas which violate good software design practices, causing poor flexibility to evolving business needs.
Documentation: Inadequate documentation that exists within the software system.

Choose and assign ONE label among: Implementation, Test, Defect, Design, or Documentation.

### Technical debt comment: """""" // I hate to admit it, but we don't know what happened // here.  Throw the Exception. """"""",DEFECT,DESIGN
"Self-admitted technical debt (SATD) is technical debt admitted by the developer through source code comments.
There are five types of software technical debts:

Implementation: Bad coding practices leading to poor legibility of code, making it difficult to understand and maintain.
Test: Problems found in implementations involving testing or monitoring subcomponents.
Defect: Identified defects in the system that should be addressed.
Design: Areas which violate good software design practices, causing poor flexibility to evolving business needs.
Documentation: Inadequate documentation that exists within the software system.

Choose and assign ONE label among: Implementation, Test, Defect, Design, or Documentation.

### Technical debt comment: """""" // TODO - why use space? """"""",DESIGN,DESIGN
"Self-admitted technical debt (SATD) is technical debt admitted by the developer through source code comments.
There are five types of software technical debts:

Implementation: Bad coding practices leading to poor legibility of code, making it difficult to understand and maintain.
Test: Problems found in implementations involving testing or monitoring subcomponents.
Defect: Identified defects in the system that should be addressed.
Design: Areas which violate good software design practices, causing poor flexibility to evolving business needs.
Documentation: Inadequate documentation that exists within the software system.

Choose and assign ONE label among: Implementation, Test, Defect, Design, or Documentation.

### Technical debt comment: """""" /**
     * TODO: The code implementing this method is from 2003 (see issue 2171) -
     * mechanically integrated by tfmorris in May 2007. Needs to be
     * reviewed/updated.
     * 
     * @author Decki,Endi,Yayan, Politechnic of Bandung. Computer Departement
     * method for changing text of Message
     * @param newOwner model element which should now be listened to
     */ """"""",DEFECT,DEFECT
"Self-admitted technical debt (SATD) is technical debt admitted by the developer through source code comments.
There are five types of software technical debts:

Implementation: Bad coding practices leading to poor legibility of code, making it difficult to understand and maintain.
Test: Problems found in implementations involving testing or monitoring subcomponents.
Defect: Identified defects in the system that should be addressed.
Design: Areas which violate good software design practices, causing poor flexibility to evolving business needs.
Documentation: Inadequate documentation that exists within the software system.

Choose and assign ONE label among: Implementation, Test, Defect, Design, or Documentation.

### Technical debt comment: """""" // TODO: Move magic number 10 to descriptive constant """"""",DESIGN,DESIGN
"Self-admitted technical debt (SATD) is technical debt admitted by the developer through source code comments.
There are five types of software technical debts:

Implementation: Bad coding practices leading to poor legibility of code, making it difficult to understand and maintain.
Test: Problems found in implementations involving testing or monitoring subcomponents.
Defect: Identified defects in the system that should be addressed.
Design: Areas which violate good software design practices, causing poor flexibility to evolving business needs.
Documentation: Inadequate documentation that exists within the software system.

Choose and assign ONE label among: Implementation, Test, Defect, Design, or Documentation.

### Technical debt comment: """""" // TODO: must override in RubyModule to pick up constants """"""",IMPLEMENTATION,IMPLEMENTATION
"Self-admitted technical debt (SATD) is technical debt admitted by the developer through source code comments.
There are five types of software technical debts:

Implementation: Bad coding practices leading to poor legibility of code, making it difficult to understand and maintain.
Test: Problems found in implementations involving testing or monitoring subcomponents.
Defect: Identified defects in the system that should be addressed.
Design: Areas which violate good software design practices, causing poor flexibility to evolving business needs.
Documentation: Inadequate documentation that exists within the software system.

Choose and assign ONE label among: Implementation, Test, Defect, Design, or Documentation.

### Technical debt comment: """""" /**
     * We are getting events we don't want. Filter them out.
     * TODO: Can we instruct the model event pump not to send these in the
     * first place? See defect 5095.
     * @param event the event
     */ """"""",DESIGN,DEFECT
"Self-admitted technical debt (SATD) is technical debt admitted by the developer through source code comments.
There are five types of software technical debts:

Implementation: Bad coding practices leading to poor legibility of code, making it difficult to understand and maintain.
Test: Problems found in implementations involving testing or monitoring subcomponents.
Defect: Identified defects in the system that should be addressed.
Design: Areas which violate good software design practices, causing poor flexibility to evolving business needs.
Documentation: Inadequate documentation that exists within the software system.

Choose and assign ONE label among: Implementation, Test, Defect, Design, or Documentation.

### Technical debt comment: """""" // TODO factor up into GenBaseImpl? // """"""",DESIGN,DESIGN
"Self-admitted technical debt (SATD) is technical debt admitted by the developer through source code comments.
There are five types of software technical debts:

Implementation: Bad coding practices leading to poor legibility of code, making it difficult to understand and maintain.
Test: Problems found in implementations involving testing or monitoring subcomponents.
Defect: Identified defects in the system that should be addressed.
Design: Areas which violate good software design practices, causing poor flexibility to evolving business needs.
Documentation: Inadequate documentation that exists within the software system.

Choose and assign ONE label among: Implementation, Test, Defect, Design, or Documentation.

### Technical debt comment: """""" /*XXX this is not thread-safe, though luck. It isn't supposed to be. */ """"""",DESIGN,DEFECT
"Self-admitted technical debt (SATD) is technical debt admitted by the developer through source code comments.
There are five types of software technical debts:

Implementation: Bad coding practices leading to poor legibility of code, making it difficult to understand and maintain.
Test: Problems found in implementations involving testing or monitoring subcomponents.
Defect: Identified defects in the system that should be addressed.
Design: Areas which violate good software design practices, causing poor flexibility to evolving business needs.
Documentation: Inadequate documentation that exists within the software system.

Choose and assign ONE label among: Implementation, Test, Defect, Design, or Documentation.

### Technical debt comment: """""" /**
     * Return a list of gravity points around circle which is enclosed
     * in the bounding box.  Convenience method for use by FigInitialState
     * and FigFinalState.
     * TODO: As this method is not required by all sub classes,
     * it would seem sensible to extend FigStateVertex with FigCircleVertex
     * and only have the relevant concrete Figs extend that and gain this
     * functionality.
     * @return a List of Points
     */ """"""",DESIGN,DESIGN
"Self-admitted technical debt (SATD) is technical debt admitted by the developer through source code comments.
There are five types of software technical debts:

Implementation: Bad coding practices leading to poor legibility of code, making it difficult to understand and maintain.
Test: Problems found in implementations involving testing or monitoring subcomponents.
Defect: Identified defects in the system that should be addressed.
Design: Areas which violate good software design practices, causing poor flexibility to evolving business needs.
Documentation: Inadequate documentation that exists within the software system.

Choose and assign ONE label among: Implementation, Test, Defect, Design, or Documentation.

### Technical debt comment: """""" /**
 * @author jaap.branderhorst@xs4all.nl
 * @since Jan 29, 2003
 * 
 * TODO: For UML 2.x this needs to be changed to just a toggle which 
 * represents ReadOnly (frozen) or not (changeable).
 */ """"""",DESIGN,DESIGN
"Self-admitted technical debt (SATD) is technical debt admitted by the developer through source code comments.
There are five types of software technical debts:

Implementation: Bad coding practices leading to poor legibility of code, making it difficult to understand and maintain.
Test: Problems found in implementations involving testing or monitoring subcomponents.
Defect: Identified defects in the system that should be addressed.
Design: Areas which violate good software design practices, causing poor flexibility to evolving business needs.
Documentation: Inadequate documentation that exists within the software system.

Choose and assign ONE label among: Implementation, Test, Defect, Design, or Documentation.

### Technical debt comment: """""" // fucking GTK look and feel """"""",DESIGN,DESIGN
"Self-admitted technical debt (SATD) is technical debt admitted by the developer through source code comments.
There are five types of software technical debts:

Implementation: Bad coding practices leading to poor legibility of code, making it difficult to understand and maintain.
Test: Problems found in implementations involving testing or monitoring subcomponents.
Defect: Identified defects in the system that should be addressed.
Design: Areas which violate good software design practices, causing poor flexibility to evolving business needs.
Documentation: Inadequate documentation that exists within the software system.

Choose and assign ONE label among: Implementation, Test, Defect, Design, or Documentation.

### Technical debt comment: """""" // Don't allow connections to be created from a read only // model element to any other // TODO: This should be considered a workaround.  It only works // because, by default, we place newly created relationships in // the namespace of the fromElement.  The correct behavior in // the presence of read-only elements really depends on the type of // connection as well as the writeability of both ends. """"""",DESIGN,DESIGN
"Self-admitted technical debt (SATD) is technical debt admitted by the developer through source code comments.
There are five types of software technical debts:

Implementation: Bad coding practices leading to poor legibility of code, making it difficult to understand and maintain.
Test: Problems found in implementations involving testing or monitoring subcomponents.
Defect: Identified defects in the system that should be addressed.
Design: Areas which violate good software design practices, causing poor flexibility to evolving business needs.
Documentation: Inadequate documentation that exists within the software system.

Choose and assign ONE label among: Implementation, Test, Defect, Design, or Documentation.

### Technical debt comment: """""" /**
         * TODO: Bob says - This is a really nasty horrible hack.
         * ShadowFig should not extend FigNodeModelElement. Instead
         * we require a base class FigNode with common behaviour of ALL
         * nodes in ArgoUML. ShadowFig should extend that and
         * FigNodeModelElement should extend that same base class adding
         * common functionality for FigNode that represent model element.
         * @see org.argouml.uml.diagram.ui.FigNodeModelElement#setShadowSize(int)
         */ """"""",DESIGN,DESIGN
"Self-admitted technical debt (SATD) is technical debt admitted by the developer through source code comments.
There are five types of software technical debts:

Implementation: Bad coding practices leading to poor legibility of code, making it difficult to understand and maintain.
Test: Problems found in implementations involving testing or monitoring subcomponents.
Defect: Identified defects in the system that should be addressed.
Design: Areas which violate good software design practices, causing poor flexibility to evolving business needs.
Documentation: Inadequate documentation that exists within the software system.

Choose and assign ONE label among: Implementation, Test, Defect, Design, or Documentation.

### Technical debt comment: """""" //HSQL has no Blob/Clob support .... but just put these here for now! """"""",DESIGN,DESIGN
"Self-admitted technical debt (SATD) is technical debt admitted by the developer through source code comments.
There are five types of software technical debts:

Implementation: Bad coding practices leading to poor legibility of code, making it difficult to understand and maintain.
Test: Problems found in implementations involving testing or monitoring subcomponents.
Defect: Identified defects in the system that should be addressed.
Design: Areas which violate good software design practices, causing poor flexibility to evolving business needs.
Documentation: Inadequate documentation that exists within the software system.

Choose and assign ONE label among: Implementation, Test, Defect, Design, or Documentation.

### Technical debt comment: """""" // TODO: This appears unused.  If it's needed, the Model API should // be enhanced to provide a method that does this directly. """"""",DESIGN,DESIGN
"Self-admitted technical debt (SATD) is technical debt admitted by the developer through source code comments.
There are five types of software technical debts:

Implementation: Bad coding practices leading to poor legibility of code, making it difficult to understand and maintain.
Test: Problems found in implementations involving testing or monitoring subcomponents.
Defect: Identified defects in the system that should be addressed.
Design: Areas which violate good software design practices, causing poor flexibility to evolving business needs.
Documentation: Inadequate documentation that exists within the software system.

Choose and assign ONE label among: Implementation, Test, Defect, Design, or Documentation.

### Technical debt comment: """""" // not needed """"""",IMPLEMENTATION,IMPLEMENTATION
"Self-admitted technical debt (SATD) is technical debt admitted by the developer through source code comments.
There are five types of software technical debts:

Implementation: Bad coding practices leading to poor legibility of code, making it difficult to understand and maintain.
Test: Problems found in implementations involving testing or monitoring subcomponents.
Defect: Identified defects in the system that should be addressed.
Design: Areas which violate good software design practices, causing poor flexibility to evolving business needs.
Documentation: Inadequate documentation that exists within the software system.

Choose and assign ONE label among: Implementation, Test, Defect, Design, or Documentation.

### Technical debt comment: """""" // TODO: TabToDo should listen for an event that this fires so that we // can decouple from the ProjectBrowser. - tfm """"""",DESIGN,DESIGN
"Self-admitted technical debt (SATD) is technical debt admitted by the developer through source code comments.
There are five types of software technical debts:

Implementation: Bad coding practices leading to poor legibility of code, making it difficult to understand and maintain.
Test: Problems found in implementations involving testing or monitoring subcomponents.
Defect: Identified defects in the system that should be addressed.
Design: Areas which violate good software design practices, causing poor flexibility to evolving business needs.
Documentation: Inadequate documentation that exists within the software system.

Choose and assign ONE label among: Implementation, Test, Defect, Design, or Documentation.

### Technical debt comment: """""" // ruby constants for strings (should this be moved somewhere else?) """"""",DESIGN,DESIGN
"Self-admitted technical debt (SATD) is technical debt admitted by the developer through source code comments.
There are five types of software technical debts:

Implementation: Bad coding practices leading to poor legibility of code, making it difficult to understand and maintain.
Test: Problems found in implementations involving testing or monitoring subcomponents.
Defect: Identified defects in the system that should be addressed.
Design: Areas which violate good software design practices, causing poor flexibility to evolving business needs.
Documentation: Inadequate documentation that exists within the software system.

Choose and assign ONE label among: Implementation, Test, Defect, Design, or Documentation.

### Technical debt comment: """""" //TODO: *two* hashmap lookups here is one too many... """"""",DESIGN,DESIGN
"Self-admitted technical debt (SATD) is technical debt admitted by the developer through source code comments.
There are five types of software technical debts:

Implementation: Bad coding practices leading to poor legibility of code, making it difficult to understand and maintain.
Test: Problems found in implementations involving testing or monitoring subcomponents.
Defect: Identified defects in the system that should be addressed.
Design: Areas which violate good software design practices, causing poor flexibility to evolving business needs.
Documentation: Inadequate documentation that exists within the software system.

Choose and assign ONE label among: Implementation, Test, Defect, Design, or Documentation.

### Technical debt comment: """""" // TODO: No test coverage for this or createPropPanel? - tfm """"""",TEST,TEST
"Self-admitted technical debt (SATD) is technical debt admitted by the developer through source code comments.
There are five types of software technical debts:

Implementation: Bad coding practices leading to poor legibility of code, making it difficult to understand and maintain.
Test: Problems found in implementations involving testing or monitoring subcomponents.
Defect: Identified defects in the system that should be addressed.
Design: Areas which violate good software design practices, causing poor flexibility to evolving business needs.
Documentation: Inadequate documentation that exists within the software system.

Choose and assign ONE label among: Implementation, Test, Defect, Design, or Documentation.

### Technical debt comment: """""" // These may not actually make any difference at present (the code // behind addTrigger needs more work). """"""",DESIGN,DESIGN
"Self-admitted technical debt (SATD) is technical debt admitted by the developer through source code comments.
There are five types of software technical debts:

Implementation: Bad coding practices leading to poor legibility of code, making it difficult to understand and maintain.
Test: Problems found in implementations involving testing or monitoring subcomponents.
Defect: Identified defects in the system that should be addressed.
Design: Areas which violate good software design practices, causing poor flexibility to evolving business needs.
Documentation: Inadequate documentation that exists within the software system.

Choose and assign ONE label among: Implementation, Test, Defect, Design, or Documentation.

### Technical debt comment: """""" // Hack!!! hopefully the FK name will always be the last token! """"""",DESIGN,DESIGN
"Self-admitted technical debt (SATD) is technical debt admitted by the developer through source code comments.
There are five types of software technical debts:

Implementation: Bad coding practices leading to poor legibility of code, making it difficult to understand and maintain.
Test: Problems found in implementations involving testing or monitoring subcomponents.
Defect: Identified defects in the system that should be addressed.
Design: Areas which violate good software design practices, causing poor flexibility to evolving business needs.
Documentation: Inadequate documentation that exists within the software system.

Choose and assign ONE label among: Implementation, Test, Defect, Design, or Documentation.

### Technical debt comment: """""" // grrr, arghh, want to subclass sun.misc.FloatingDecimal, but can't, // so we must do all this (the next 70 lines of code), which has already // been done by FloatingDecimal. """"""",DESIGN,DESIGN
"Self-admitted technical debt (SATD) is technical debt admitted by the developer through source code comments.
There are five types of software technical debts:

Implementation: Bad coding practices leading to poor legibility of code, making it difficult to understand and maintain.
Test: Problems found in implementations involving testing or monitoring subcomponents.
Defect: Identified defects in the system that should be addressed.
Design: Areas which violate good software design practices, causing poor flexibility to evolving business needs.
Documentation: Inadequate documentation that exists within the software system.

Choose and assign ONE label among: Implementation, Test, Defect, Design, or Documentation.

### Technical debt comment: """""" // H2 uses Java classes that implement the ""Trigger"" interface to operate // on database tables rows when an action triggers them. Therefore, there // is currently no way to access the source for a trigger. Hopefully this // will change at some point in the future. // _treeAPI.addDetailTab(DatabaseObjectType.TRIGGER, new TriggerSourceTab(""The source of the trigger"")); """"""",DESIGN,DESIGN
"Self-admitted technical debt (SATD) is technical debt admitted by the developer through source code comments.
There are five types of software technical debts:

Implementation: Bad coding practices leading to poor legibility of code, making it difficult to understand and maintain.
Test: Problems found in implementations involving testing or monitoring subcomponents.
Defect: Identified defects in the system that should be addressed.
Design: Areas which violate good software design practices, causing poor flexibility to evolving business needs.
Documentation: Inadequate documentation that exists within the software system.

Choose and assign ONE label among: Implementation, Test, Defect, Design, or Documentation.

### Technical debt comment: """""" // TODO: ProjectBrowser doesn't need to mediate this conversation // Use an event listener in the ToDoPane to communicate instead. - tfm """"""",DESIGN,DESIGN
"Self-admitted technical debt (SATD) is technical debt admitted by the developer through source code comments.
There are five types of software technical debts:

Implementation: Bad coding practices leading to poor legibility of code, making it difficult to understand and maintain.
Test: Problems found in implementations involving testing or monitoring subcomponents.
Defect: Identified defects in the system that should be addressed.
Design: Areas which violate good software design practices, causing poor flexibility to evolving business needs.
Documentation: Inadequate documentation that exists within the software system.

Choose and assign ONE label among: Implementation, Test, Defect, Design, or Documentation.

### Technical debt comment: """""" // TODO: This method doesn't appear to be used. """"""",DESIGN,DESIGN
"Self-admitted technical debt (SATD) is technical debt admitted by the developer through source code comments.
There are five types of software technical debts:

Implementation: Bad coding practices leading to poor legibility of code, making it difficult to understand and maintain.
Test: Problems found in implementations involving testing or monitoring subcomponents.
Defect: Identified defects in the system that should be addressed.
Design: Areas which violate good software design practices, causing poor flexibility to evolving business needs.
Documentation: Inadequate documentation that exists within the software system.

Choose and assign ONE label among: Implementation, Test, Defect, Design, or Documentation.

### Technical debt comment: """""" // TODO: number formatting here, MRI uses ""%-.10g"", 1.4 API is a must? """"""",DESIGN,DEFECT
"Self-admitted technical debt (SATD) is technical debt admitted by the developer through source code comments.
There are five types of software technical debts:

Implementation: Bad coding practices leading to poor legibility of code, making it difficult to understand and maintain.
Test: Problems found in implementations involving testing or monitoring subcomponents.
Defect: Identified defects in the system that should be addressed.
Design: Areas which violate good software design practices, causing poor flexibility to evolving business needs.
Documentation: Inadequate documentation that exists within the software system.

Choose and assign ONE label among: Implementation, Test, Defect, Design, or Documentation.

### Technical debt comment: """""" // TODO: ActionState, CallState, and SubactivityState have been replaced // in UML 2.0 by explicitly modeled Actions """"""",DESIGN,DESIGN
"Self-admitted technical debt (SATD) is technical debt admitted by the developer through source code comments.
There are five types of software technical debts:

Implementation: Bad coding practices leading to poor legibility of code, making it difficult to understand and maintain.
Test: Problems found in implementations involving testing or monitoring subcomponents.
Defect: Identified defects in the system that should be addressed.
Design: Areas which violate good software design practices, causing poor flexibility to evolving business needs.
Documentation: Inadequate documentation that exists within the software system.

Choose and assign ONE label among: Implementation, Test, Defect, Design, or Documentation.

### Technical debt comment: """""" // TODO: Also check REG_ANCHORINDEX vs. anchor """"""",IMPLEMENTATION,IMPLEMENTATION
"Self-admitted technical debt (SATD) is technical debt admitted by the developer through source code comments.
There are five types of software technical debts:

Implementation: Bad coding practices leading to poor legibility of code, making it difficult to understand and maintain.
Test: Problems found in implementations involving testing or monitoring subcomponents.
Defect: Identified defects in the system that should be addressed.
Design: Areas which violate good software design practices, causing poor flexibility to evolving business needs.
Documentation: Inadequate documentation that exists within the software system.

Choose and assign ONE label among: Implementation, Test, Defect, Design, or Documentation.

### Technical debt comment: """""" // if we get here, we found a matching method, use it // TODO: choose narrowest method by continuing to search """"""",DESIGN,DESIGN
"Self-admitted technical debt (SATD) is technical debt admitted by the developer through source code comments.
There are five types of software technical debts:

Implementation: Bad coding practices leading to poor legibility of code, making it difficult to understand and maintain.
Test: Problems found in implementations involving testing or monitoring subcomponents.
Defect: Identified defects in the system that should be addressed.
Design: Areas which violate good software design practices, causing poor flexibility to evolving business needs.
Documentation: Inadequate documentation that exists within the software system.

Choose and assign ONE label among: Implementation, Test, Defect, Design, or Documentation.

### Technical debt comment: """""" // TODO @author hubms have this flags, until the speed of the entitymanager // is improved """"""",DESIGN,DESIGN
"Self-admitted technical debt (SATD) is technical debt admitted by the developer through source code comments.
There are five types of software technical debts:

Implementation: Bad coding practices leading to poor legibility of code, making it difficult to understand and maintain.
Test: Problems found in implementations involving testing or monitoring subcomponents.
Defect: Identified defects in the system that should be addressed.
Design: Areas which violate good software design practices, causing poor flexibility to evolving business needs.
Documentation: Inadequate documentation that exists within the software system.

Choose and assign ONE label among: Implementation, Test, Defect, Design, or Documentation.

### Technical debt comment: """""" // TODO: Once the default constructor is deleted we only set dirty flag """"""",IMPLEMENTATION,DESIGN
"Self-admitted technical debt (SATD) is technical debt admitted by the developer through source code comments.
There are five types of software technical debts:

Implementation: Bad coding practices leading to poor legibility of code, making it difficult to understand and maintain.
Test: Problems found in implementations involving testing or monitoring subcomponents.
Defect: Identified defects in the system that should be addressed.
Design: Areas which violate good software design practices, causing poor flexibility to evolving business needs.
Documentation: Inadequate documentation that exists within the software system.

Choose and assign ONE label among: Implementation, Test, Defect, Design, or Documentation.

### Technical debt comment: """""" // TODO: Some elements such as Generalization are // no longer named.  For a transitional period we'll // return a String so debug can continue, but the // calling code should probably be fixed. - tfm 20070607 // Bob says - these are the comments that were in // FacadeEUMLImpl.getName. Same trick is needed here // for now. """"""",DESIGN,DESIGN
"Self-admitted technical debt (SATD) is technical debt admitted by the developer through source code comments.
There are five types of software technical debts:

Implementation: Bad coding practices leading to poor legibility of code, making it difficult to understand and maintain.
Test: Problems found in implementations involving testing or monitoring subcomponents.
Defect: Identified defects in the system that should be addressed.
Design: Areas which violate good software design practices, causing poor flexibility to evolving business needs.
Documentation: Inadequate documentation that exists within the software system.

Choose and assign ONE label among: Implementation, Test, Defect, Design, or Documentation.

### Technical debt comment: """""" //put() has nowait semantics, is this really appropriate? //note that it needs to be async replication, never local or sync """"""",DESIGN,DESIGN
"Self-admitted technical debt (SATD) is technical debt admitted by the developer through source code comments.
There are five types of software technical debts:

Implementation: Bad coding practices leading to poor legibility of code, making it difficult to understand and maintain.
Test: Problems found in implementations involving testing or monitoring subcomponents.
Defect: Identified defects in the system that should be addressed.
Design: Areas which violate good software design practices, causing poor flexibility to evolving business needs.
Documentation: Inadequate documentation that exists within the software system.

Choose and assign ONE label among: Implementation, Test, Defect, Design, or Documentation.

### Technical debt comment: """""" // Need to calculate this... just fudging here for now. """"""",IMPLEMENTATION,IMPLEMENTATION
"Self-admitted technical debt (SATD) is technical debt admitted by the developer through source code comments.
There are five types of software technical debts:

Implementation: Bad coding practices leading to poor legibility of code, making it difficult to understand and maintain.
Test: Problems found in implementations involving testing or monitoring subcomponents.
Defect: Identified defects in the system that should be addressed.
Design: Areas which violate good software design practices, causing poor flexibility to evolving business needs.
Documentation: Inadequate documentation that exists within the software system.

Choose and assign ONE label among: Implementation, Test, Defect, Design, or Documentation.

### Technical debt comment: """""" // TODO : make this the factory for ""entity mode related"" sessions; // also means making this the target of transaction-synch and the // thing that knows how to cascade things between related sessions // // At that point, perhaps this thing is a ""SessionContext"", and // ConnectionManager is a ""JDBCContext""?  A ""SessionContext"" should // live in the impl package... """"""",DESIGN,DESIGN
"Self-admitted technical debt (SATD) is technical debt admitted by the developer through source code comments.
There are five types of software technical debts:

Implementation: Bad coding practices leading to poor legibility of code, making it difficult to understand and maintain.
Test: Problems found in implementations involving testing or monitoring subcomponents.
Defect: Identified defects in the system that should be addressed.
Design: Areas which violate good software design practices, causing poor flexibility to evolving business needs.
Documentation: Inadequate documentation that exists within the software system.

Choose and assign ONE label among: Implementation, Test, Defect, Design, or Documentation.

### Technical debt comment: """""" //TODO: proxies! """"""",IMPLEMENTATION,IMPLEMENTATION
"Self-admitted technical debt (SATD) is technical debt admitted by the developer through source code comments.
There are five types of software technical debts:

Implementation: Bad coding practices leading to poor legibility of code, making it difficult to understand and maintain.
Test: Problems found in implementations involving testing or monitoring subcomponents.
Defect: Identified defects in the system that should be addressed.
Design: Areas which violate good software design practices, causing poor flexibility to evolving business needs.
Documentation: Inadequate documentation that exists within the software system.

Choose and assign ONE label among: Implementation, Test, Defect, Design, or Documentation.

### Technical debt comment: """""" // SSS FIXME: These should get normally compiled or initialized some other way ...  // SSS FIXME: Parent/super-type info is incorrect! // These are just placeholders for now .. this needs to be updated with *real* class objects later! """"""",DESIGN,DESIGN
"Self-admitted technical debt (SATD) is technical debt admitted by the developer through source code comments.
There are five types of software technical debts:

Implementation: Bad coding practices leading to poor legibility of code, making it difficult to understand and maintain.
Test: Problems found in implementations involving testing or monitoring subcomponents.
Defect: Identified defects in the system that should be addressed.
Design: Areas which violate good software design practices, causing poor flexibility to evolving business needs.
Documentation: Inadequate documentation that exists within the software system.

Choose and assign ONE label among: Implementation, Test, Defect, Design, or Documentation.

### Technical debt comment: """""" // worrying about proxies is perhaps a little bit of overkill here... """"""",DESIGN,DESIGN
"Self-admitted technical debt (SATD) is technical debt admitted by the developer through source code comments.
There are five types of software technical debts:

Implementation: Bad coding practices leading to poor legibility of code, making it difficult to understand and maintain.
Test: Problems found in implementations involving testing or monitoring subcomponents.
Defect: Identified defects in the system that should be addressed.
Design: Areas which violate good software design practices, causing poor flexibility to evolving business needs.
Documentation: Inadequate documentation that exists within the software system.

Choose and assign ONE label among: Implementation, Test, Defect, Design, or Documentation.

### Technical debt comment: """""" // TODO : not so sure this is needed... """"""",DESIGN,DESIGN
"Self-admitted technical debt (SATD) is technical debt admitted by the developer through source code comments.
There are five types of software technical debts:

Implementation: Bad coding practices leading to poor legibility of code, making it difficult to understand and maintain.
Test: Problems found in implementations involving testing or monitoring subcomponents.
Defect: Identified defects in the system that should be addressed.
Design: Areas which violate good software design practices, causing poor flexibility to evolving business needs.
Documentation: Inadequate documentation that exists within the software system.

Choose and assign ONE label among: Implementation, Test, Defect, Design, or Documentation.

### Technical debt comment: """""" // TODO Method with 0 reference, really useful ? """"""",DESIGN,DESIGN
"Self-admitted technical debt (SATD) is technical debt admitted by the developer through source code comments.
There are five types of software technical debts:

Implementation: Bad coding practices leading to poor legibility of code, making it difficult to understand and maintain.
Test: Problems found in implementations involving testing or monitoring subcomponents.
Defect: Identified defects in the system that should be addressed.
Design: Areas which violate good software design practices, causing poor flexibility to evolving business needs.
Documentation: Inadequate documentation that exists within the software system.

Choose and assign ONE label among: Implementation, Test, Defect, Design, or Documentation.

### Technical debt comment: """""" // TODO: move this to components -- the only reason why it's in core is because // it's used as a guinea pig by a couple of tests. """"""",DESIGN,DESIGN
"Self-admitted technical debt (SATD) is technical debt admitted by the developer through source code comments.
There are five types of software technical debts:

Implementation: Bad coding practices leading to poor legibility of code, making it difficult to understand and maintain.
Test: Problems found in implementations involving testing or monitoring subcomponents.
Defect: Identified defects in the system that should be addressed.
Design: Areas which violate good software design practices, causing poor flexibility to evolving business needs.
Documentation: Inadequate documentation that exists within the software system.

Choose and assign ONE label among: Implementation, Test, Defect, Design, or Documentation.

### Technical debt comment: """""" /**
     * Create an EnumerationLiteral.
     * @return Object new Enumeration
     * @since UML 1.4
     * TODO: This needs an extra parameter to specify the model/extent where
     * the new element should be created.
     */ """"""",DESIGN,DESIGN
"Self-admitted technical debt (SATD) is technical debt admitted by the developer through source code comments.
There are five types of software technical debts:

Implementation: Bad coding practices leading to poor legibility of code, making it difficult to understand and maintain.
Test: Problems found in implementations involving testing or monitoring subcomponents.
Defect: Identified defects in the system that should be addressed.
Design: Areas which violate good software design practices, causing poor flexibility to evolving business needs.
Documentation: Inadequate documentation that exists within the software system.

Choose and assign ONE label among: Implementation, Test, Defect, Design, or Documentation.

### Technical debt comment: """""" /**
     * Builds a method with a given name.
     *
     * @param name is the given name
     * @return method
     * TODO: This needs an extra parameter to specify the model/extent where
     * the new element should be created.
     */ """"""",DESIGN,DESIGN
"Self-admitted technical debt (SATD) is technical debt admitted by the developer through source code comments.
There are five types of software technical debts:

Implementation: Bad coding practices leading to poor legibility of code, making it difficult to understand and maintain.
Test: Problems found in implementations involving testing or monitoring subcomponents.
Defect: Identified defects in the system that should be addressed.
Design: Areas which violate good software design practices, causing poor flexibility to evolving business needs.
Documentation: Inadequate documentation that exists within the software system.

Choose and assign ONE label among: Implementation, Test, Defect, Design, or Documentation.

### Technical debt comment: """""" // JASON: Should be part of status bar? """"""",DESIGN,DESIGN
"Self-admitted technical debt (SATD) is technical debt admitted by the developer through source code comments.
There are five types of software technical debts:

Implementation: Bad coding practices leading to poor legibility of code, making it difficult to understand and maintain.
Test: Problems found in implementations involving testing or monitoring subcomponents.
Defect: Identified defects in the system that should be addressed.
Design: Areas which violate good software design practices, causing poor flexibility to evolving business needs.
Documentation: Inadequate documentation that exists within the software system.

Choose and assign ONE label among: Implementation, Test, Defect, Design, or Documentation.

### Technical debt comment: """""" // context is null, wipe out the SoftReference (this could be done with a reference queue) """"""",DESIGN,DESIGN
"Self-admitted technical debt (SATD) is technical debt admitted by the developer through source code comments.
There are five types of software technical debts:

Implementation: Bad coding practices leading to poor legibility of code, making it difficult to understand and maintain.
Test: Problems found in implementations involving testing or monitoring subcomponents.
Defect: Identified defects in the system that should be addressed.
Design: Areas which violate good software design practices, causing poor flexibility to evolving business needs.
Documentation: Inadequate documentation that exists within the software system.

Choose and assign ONE label among: Implementation, Test, Defect, Design, or Documentation.

### Technical debt comment: """""" /* TODO: Not all namespaces are useful here - any WFRs? */ """"""",IMPLEMENTATION,DESIGN
"Self-admitted technical debt (SATD) is technical debt admitted by the developer through source code comments.
There are five types of software technical debts:

Implementation: Bad coding practices leading to poor legibility of code, making it difficult to understand and maintain.
Test: Problems found in implementations involving testing or monitoring subcomponents.
Defect: Identified defects in the system that should be addressed.
Design: Areas which violate good software design practices, causing poor flexibility to evolving business needs.
Documentation: Inadequate documentation that exists within the software system.

Choose and assign ONE label among: Implementation, Test, Defect, Design, or Documentation.

### Technical debt comment: """""" // Check if labels etc have been hit // Apparently GEF does require PathItems to be ""annotations"" // which ours aren't, so until that is resolved... """"""",DESIGN,DESIGN
"Self-admitted technical debt (SATD) is technical debt admitted by the developer through source code comments.
There are five types of software technical debts:

Implementation: Bad coding practices leading to poor legibility of code, making it difficult to understand and maintain.
Test: Problems found in implementations involving testing or monitoring subcomponents.
Defect: Identified defects in the system that should be addressed.
Design: Areas which violate good software design practices, causing poor flexibility to evolving business needs.
Documentation: Inadequate documentation that exists within the software system.

Choose and assign ONE label among: Implementation, Test, Defect, Design, or Documentation.

### Technical debt comment: """""" // not needed """"""",IMPLEMENTATION,IMPLEMENTATION
"Self-admitted technical debt (SATD) is technical debt admitted by the developer through source code comments.
There are five types of software technical debts:

Implementation: Bad coding practices leading to poor legibility of code, making it difficult to understand and maintain.
Test: Problems found in implementations involving testing or monitoring subcomponents.
Defect: Identified defects in the system that should be addressed.
Design: Areas which violate good software design practices, causing poor flexibility to evolving business needs.
Documentation: Inadequate documentation that exists within the software system.

Choose and assign ONE label among: Implementation, Test, Defect, Design, or Documentation.

### Technical debt comment: """""" // TODO: don't require pop """"""",DEFECT,DEFECT
"Self-admitted technical debt (SATD) is technical debt admitted by the developer through source code comments.
There are five types of software technical debts:

Implementation: Bad coding practices leading to poor legibility of code, making it difficult to understand and maintain.
Test: Problems found in implementations involving testing or monitoring subcomponents.
Defect: Identified defects in the system that should be addressed.
Design: Areas which violate good software design practices, causing poor flexibility to evolving business needs.
Documentation: Inadequate documentation that exists within the software system.

Choose and assign ONE label among: Implementation, Test, Defect, Design, or Documentation.

### Technical debt comment: """""" // TODO: Make into an assert once I get things like blockbodynodes to be implicit nil """"""",TEST,IMPLEMENTATION
"Self-admitted technical debt (SATD) is technical debt admitted by the developer through source code comments.
There are five types of software technical debts:

Implementation: Bad coding practices leading to poor legibility of code, making it difficult to understand and maintain.
Test: Problems found in implementations involving testing or monitoring subcomponents.
Defect: Identified defects in the system that should be addressed.
Design: Areas which violate good software design practices, causing poor flexibility to evolving business needs.
Documentation: Inadequate documentation that exists within the software system.

Choose and assign ONE label among: Implementation, Test, Defect, Design, or Documentation.

### Technical debt comment: """""" // Not used, as the <testResult> element is generated by the // ResultCollector class """"""",DESIGN,DESIGN
"Self-admitted technical debt (SATD) is technical debt admitted by the developer through source code comments.
There are five types of software technical debts:

Implementation: Bad coding practices leading to poor legibility of code, making it difficult to understand and maintain.
Test: Problems found in implementations involving testing or monitoring subcomponents.
Defect: Identified defects in the system that should be addressed.
Design: Areas which violate good software design practices, causing poor flexibility to evolving business needs.
Documentation: Inadequate documentation that exists within the software system.

Choose and assign ONE label among: Implementation, Test, Defect, Design, or Documentation.

### Technical debt comment: """""" /* MVW: for this case, I had to move the
                     * call to setSelectedItem() outside the ""buildingModel"",
                     * otherwise the combo does not update
                     * with the new selection. See issue 5418.
                     **/ """"""",DESIGN,DESIGN
"Self-admitted technical debt (SATD) is technical debt admitted by the developer through source code comments.
There are five types of software technical debts:

Implementation: Bad coding practices leading to poor legibility of code, making it difficult to understand and maintain.
Test: Problems found in implementations involving testing or monitoring subcomponents.
Defect: Identified defects in the system that should be addressed.
Design: Areas which violate good software design practices, causing poor flexibility to evolving business needs.
Documentation: Inadequate documentation that exists within the software system.

Choose and assign ONE label among: Implementation, Test, Defect, Design, or Documentation.

### Technical debt comment: """""" // table=null -> an association - fill // it in later //TODO fill in the mappings for table == null """"""",IMPLEMENTATION,IMPLEMENTATION
"Self-admitted technical debt (SATD) is technical debt admitted by the developer through source code comments.
There are five types of software technical debts:

Implementation: Bad coding practices leading to poor legibility of code, making it difficult to understand and maintain.
Test: Problems found in implementations involving testing or monitoring subcomponents.
Defect: Identified defects in the system that should be addressed.
Design: Areas which violate good software design practices, causing poor flexibility to evolving business needs.
Documentation: Inadequate documentation that exists within the software system.

Choose and assign ONE label among: Implementation, Test, Defect, Design, or Documentation.

### Technical debt comment: """""" /**
     * Create an empty but initialized instance of a UML Abstraction.
     * 
     * @return an initialized UML Abstraction instance.
     * TODO: This needs an extra parameter to specify the model/extent where
     * the new element should be created.
     */ """"""",DESIGN,DESIGN
"Self-admitted technical debt (SATD) is technical debt admitted by the developer through source code comments.
There are five types of software technical debts:

Implementation: Bad coding practices leading to poor legibility of code, making it difficult to understand and maintain.
Test: Problems found in implementations involving testing or monitoring subcomponents.
Defect: Identified defects in the system that should be addressed.
Design: Areas which violate good software design practices, causing poor flexibility to evolving business needs.
Documentation: Inadequate documentation that exists within the software system.

Choose and assign ONE label among: Implementation, Test, Defect, Design, or Documentation.

### Technical debt comment: """""" // TODO improve this """"""",DESIGN,DESIGN
"Self-admitted technical debt (SATD) is technical debt admitted by the developer through source code comments.
There are five types of software technical debts:

Implementation: Bad coding practices leading to poor legibility of code, making it difficult to understand and maintain.
Test: Problems found in implementations involving testing or monitoring subcomponents.
Defect: Identified defects in the system that should be addressed.
Design: Areas which violate good software design practices, causing poor flexibility to evolving business needs.
Documentation: Inadequate documentation that exists within the software system.

Choose and assign ONE label among: Implementation, Test, Defect, Design, or Documentation.

### Technical debt comment: """""" //DMS Why not this? //new SubProgressMonitor(progressMonitor, 1)); """"""",DESIGN,DESIGN
"Self-admitted technical debt (SATD) is technical debt admitted by the developer through source code comments.
There are five types of software technical debts:

Implementation: Bad coding practices leading to poor legibility of code, making it difficult to understand and maintain.
Test: Problems found in implementations involving testing or monitoring subcomponents.
Defect: Identified defects in the system that should be addressed.
Design: Areas which violate good software design practices, causing poor flexibility to evolving business needs.
Documentation: Inadequate documentation that exists within the software system.

Choose and assign ONE label among: Implementation, Test, Defect, Design, or Documentation.

### Technical debt comment: """""" /* FIXME: Consider fixing node_assign itself rather than single case*/ """"""",DESIGN,DESIGN
"Self-admitted technical debt (SATD) is technical debt admitted by the developer through source code comments.
There are five types of software technical debts:

Implementation: Bad coding practices leading to poor legibility of code, making it difficult to understand and maintain.
Test: Problems found in implementations involving testing or monitoring subcomponents.
Defect: Identified defects in the system that should be addressed.
Design: Areas which violate good software design practices, causing poor flexibility to evolving business needs.
Documentation: Inadequate documentation that exists within the software system.

Choose and assign ONE label among: Implementation, Test, Defect, Design, or Documentation.

### Technical debt comment: """""" //FIXME: get the PersistentClass """"""",DESIGN,DESIGN
"Self-admitted technical debt (SATD) is technical debt admitted by the developer through source code comments.
There are five types of software technical debts:

Implementation: Bad coding practices leading to poor legibility of code, making it difficult to understand and maintain.
Test: Problems found in implementations involving testing or monitoring subcomponents.
Defect: Identified defects in the system that should be addressed.
Design: Areas which violate good software design practices, causing poor flexibility to evolving business needs.
Documentation: Inadequate documentation that exists within the software system.

Choose and assign ONE label among: Implementation, Test, Defect, Design, or Documentation.

### Technical debt comment: """""" // FIXME: this attribute is not used - deprecate? """"""",DESIGN,DESIGN
"Self-admitted technical debt (SATD) is technical debt admitted by the developer through source code comments.
There are five types of software technical debts:

Implementation: Bad coding practices leading to poor legibility of code, making it difficult to understand and maintain.
Test: Problems found in implementations involving testing or monitoring subcomponents.
Defect: Identified defects in the system that should be addressed.
Design: Areas which violate good software design practices, causing poor flexibility to evolving business needs.
Documentation: Inadequate documentation that exists within the software system.

Choose and assign ONE label among: Implementation, Test, Defect, Design, or Documentation.

### Technical debt comment: """""" // needed? """"""",DESIGN,DESIGN
"Self-admitted technical debt (SATD) is technical debt admitted by the developer through source code comments.
There are five types of software technical debts:

Implementation: Bad coding practices leading to poor legibility of code, making it difficult to understand and maintain.
Test: Problems found in implementations involving testing or monitoring subcomponents.
Defect: Identified defects in the system that should be addressed.
Design: Areas which violate good software design practices, causing poor flexibility to evolving business needs.
Documentation: Inadequate documentation that exists within the software system.

Choose and assign ONE label among: Implementation, Test, Defect, Design, or Documentation.

### Technical debt comment: """""" // TODO: It would be better to defer this initialization until the panel // actually needs to be displayed. Perhaps optimistically always return // true and figure out later if we've got something to display - tfm - // 20070110 """"""",IMPLEMENTATION,DESIGN
"Self-admitted technical debt (SATD) is technical debt admitted by the developer through source code comments.
There are five types of software technical debts:

Implementation: Bad coding practices leading to poor legibility of code, making it difficult to understand and maintain.
Test: Problems found in implementations involving testing or monitoring subcomponents.
Defect: Identified defects in the system that should be addressed.
Design: Areas which violate good software design practices, causing poor flexibility to evolving business needs.
Documentation: Inadequate documentation that exists within the software system.

Choose and assign ONE label among: Implementation, Test, Defect, Design, or Documentation.

### Technical debt comment: """""" // here's a quirk - the API has been defined in terms of a plain // TimePeriod, which cannot make use of the timezone and locale // specified in the constructor...so we only do the time zone // pegging if the period is an instanceof RegularTimePeriod """"""",DESIGN,DESIGN
"Self-admitted technical debt (SATD) is technical debt admitted by the developer through source code comments.
There are five types of software technical debts:

Implementation: Bad coding practices leading to poor legibility of code, making it difficult to understand and maintain.
Test: Problems found in implementations involving testing or monitoring subcomponents.
Defect: Identified defects in the system that should be addressed.
Design: Areas which violate good software design practices, causing poor flexibility to evolving business needs.
Documentation: Inadequate documentation that exists within the software system.

Choose and assign ONE label among: Implementation, Test, Defect, Design, or Documentation.

### Technical debt comment: """""" // TODO: Won't our use of PathComparator take care of uniqueness? """"""",DESIGN,DESIGN
"Self-admitted technical debt (SATD) is technical debt admitted by the developer through source code comments.
There are five types of software technical debts:

Implementation: Bad coding practices leading to poor legibility of code, making it difficult to understand and maintain.
Test: Problems found in implementations involving testing or monitoring subcomponents.
Defect: Identified defects in the system that should be addressed.
Design: Areas which violate good software design practices, causing poor flexibility to evolving business needs.
Documentation: Inadequate documentation that exists within the software system.

Choose and assign ONE label among: Implementation, Test, Defect, Design, or Documentation.

### Technical debt comment: """""" // TODO: must override in RubyModule to pick up constants """"""",IMPLEMENTATION,IMPLEMENTATION
"Self-admitted technical debt (SATD) is technical debt admitted by the developer through source code comments.
There are five types of software technical debts:

Implementation: Bad coding practices leading to poor legibility of code, making it difficult to understand and maintain.
Test: Problems found in implementations involving testing or monitoring subcomponents.
Defect: Identified defects in the system that should be addressed.
Design: Areas which violate good software design practices, causing poor flexibility to evolving business needs.
Documentation: Inadequate documentation that exists within the software system.

Choose and assign ONE label among: Implementation, Test, Defect, Design, or Documentation.

### Technical debt comment: """""" /**
     * FigMyCircle is a FigCircle with corrected connectionPoint method:
     *   this methods calculates where a connected edge ends.<p>
     *   
     *   TODO: Once we are at GEF version 0.13.1M4, this whole class can be 
     *   removed, since it was taken over by GEF.
     */ """"""",DESIGN,DESIGN
"Self-admitted technical debt (SATD) is technical debt admitted by the developer through source code comments.
There are five types of software technical debts:

Implementation: Bad coding practices leading to poor legibility of code, making it difficult to understand and maintain.
Test: Problems found in implementations involving testing or monitoring subcomponents.
Defect: Identified defects in the system that should be addressed.
Design: Areas which violate good software design practices, causing poor flexibility to evolving business needs.
Documentation: Inadequate documentation that exists within the software system.

Choose and assign ONE label among: Implementation, Test, Defect, Design, or Documentation.

### Technical debt comment: """""" /**
     * Creates a new OCL critic
     * 
     * @param oclConstraint ocl expression
     * @param headline headline
     * @param description description
     * @param moreInfoURL the info url
     * @param knowledgeTypes the knowledge types
     * @param supportedDecisions the decisions
     * @param priority the priority
     * @throws InvalidOclException if the ocl is not valid
     * 
     * TODO: Do these need to be Lists or can they be simple Collections?
     */ """"""",DESIGN,IMPLEMENTATION
"Self-admitted technical debt (SATD) is technical debt admitted by the developer through source code comments.
There are five types of software technical debts:

Implementation: Bad coding practices leading to poor legibility of code, making it difficult to understand and maintain.
Test: Problems found in implementations involving testing or monitoring subcomponents.
Defect: Identified defects in the system that should be addressed.
Design: Areas which violate good software design practices, causing poor flexibility to evolving business needs.
Documentation: Inadequate documentation that exists within the software system.

Choose and assign ONE label among: Implementation, Test, Defect, Design, or Documentation.

### Technical debt comment: """""" //TODO: would be nice to handle proxy classes elegantly! """"""",DESIGN,DESIGN
"Self-admitted technical debt (SATD) is technical debt admitted by the developer through source code comments.
There are five types of software technical debts:

Implementation: Bad coding practices leading to poor legibility of code, making it difficult to understand and maintain.
Test: Problems found in implementations involving testing or monitoring subcomponents.
Defect: Identified defects in the system that should be addressed.
Design: Areas which violate good software design practices, causing poor flexibility to evolving business needs.
Documentation: Inadequate documentation that exists within the software system.

Choose and assign ONE label among: Implementation, Test, Defect, Design, or Documentation.

### Technical debt comment: """""" /**
     * Find a model element in modelElements which name is equal to name.
     *
     * @param name the name of the model element to find. It can't be null.
     * @param modelElements the {@link Collection} of model elements in which
     * to find a model element with name.
     * @return the model element if found or null.
     *
     * TODO: maybe should be moved to a helper class that deals with Model
     * related stuff.
     */ """"""",DESIGN,DESIGN
"Self-admitted technical debt (SATD) is technical debt admitted by the developer through source code comments.
There are five types of software technical debts:

Implementation: Bad coding practices leading to poor legibility of code, making it difficult to understand and maintain.
Test: Problems found in implementations involving testing or monitoring subcomponents.
Defect: Identified defects in the system that should be addressed.
Design: Areas which violate good software design practices, causing poor flexibility to evolving business needs.
Documentation: Inadequate documentation that exists within the software system.

Choose and assign ONE label among: Implementation, Test, Defect, Design, or Documentation.

### Technical debt comment: """""" /**
     * Execute this action from the command line.
     *
     * TODO: The underlying GEF library relies on Acme that doesn't allow
     * us to create these files unless there is a window showing. For this
     * reason I have had to split the performing of commands in
     * {@link org.argouml.application.Main#main(String[])} so that we can,
     * by not supplying the -batch option, run these commands
     * with the window showing. Hopefully this can eventually be fixed.
     *
     * @see org.argouml.application.api.CommandLineInterface#doCommand(String)
     * @param argument is the file name that we save to.
     * @return true if it is OK.
     */ """"""",DESIGN,DESIGN
"Self-admitted technical debt (SATD) is technical debt admitted by the developer through source code comments.
There are five types of software technical debts:

Implementation: Bad coding practices leading to poor legibility of code, making it difficult to understand and maintain.
Test: Problems found in implementations involving testing or monitoring subcomponents.
Defect: Identified defects in the system that should be addressed.
Design: Areas which violate good software design practices, causing poor flexibility to evolving business needs.
Documentation: Inadequate documentation that exists within the software system.

Choose and assign ONE label among: Implementation, Test, Defect, Design, or Documentation.

### Technical debt comment: """""" // TODO: Huge side effect.  Hoist out of parse - tfm // let's load the project """"""",DEFECT,DESIGN
"Self-admitted technical debt (SATD) is technical debt admitted by the developer through source code comments.
There are five types of software technical debts:

Implementation: Bad coding practices leading to poor legibility of code, making it difficult to understand and maintain.
Test: Problems found in implementations involving testing or monitoring subcomponents.
Defect: Identified defects in the system that should be addressed.
Design: Areas which violate good software design practices, causing poor flexibility to evolving business needs.
Documentation: Inadequate documentation that exists within the software system.

Choose and assign ONE label among: Implementation, Test, Defect, Design, or Documentation.

### Technical debt comment: """""" // This works only on JDK 1.5 // With JDK 1.4.x fonts will be bold for all SwingSet themes. // See also SwingSet2 demos in JDK 1.4 and JDK 1.5 """"""",DEFECT,DEFECT
"Self-admitted technical debt (SATD) is technical debt admitted by the developer through source code comments.
There are five types of software technical debts:

Implementation: Bad coding practices leading to poor legibility of code, making it difficult to understand and maintain.
Test: Problems found in implementations involving testing or monitoring subcomponents.
Defect: Identified defects in the system that should be addressed.
Design: Areas which violate good software design practices, causing poor flexibility to evolving business needs.
Documentation: Inadequate documentation that exists within the software system.

Choose and assign ONE label among: Implementation, Test, Defect, Design, or Documentation.

### Technical debt comment: """""" // TODO: not visible to the user! """"""",IMPLEMENTATION,DESIGN
"Self-admitted technical debt (SATD) is technical debt admitted by the developer through source code comments.
There are five types of software technical debts:

Implementation: Bad coding practices leading to poor legibility of code, making it difficult to understand and maintain.
Test: Problems found in implementations involving testing or monitoring subcomponents.
Defect: Identified defects in the system that should be addressed.
Design: Areas which violate good software design practices, causing poor flexibility to evolving business needs.
Documentation: Inadequate documentation that exists within the software system.

Choose and assign ONE label among: Implementation, Test, Defect, Design, or Documentation.

### Technical debt comment: """""" // defer argument checking... """"""",DESIGN,DESIGN
"Self-admitted technical debt (SATD) is technical debt admitted by the developer through source code comments.
There are five types of software technical debts:

Implementation: Bad coding practices leading to poor legibility of code, making it difficult to understand and maintain.
Test: Problems found in implementations involving testing or monitoring subcomponents.
Defect: Identified defects in the system that should be addressed.
Design: Areas which violate good software design practices, causing poor flexibility to evolving business needs.
Documentation: Inadequate documentation that exists within the software system.

Choose and assign ONE label among: Implementation, Test, Defect, Design, or Documentation.

### Technical debt comment: """""" // not needed """"""",IMPLEMENTATION,IMPLEMENTATION
"Self-admitted technical debt (SATD) is technical debt admitted by the developer through source code comments.
There are five types of software technical debts:

Implementation: Bad coding practices leading to poor legibility of code, making it difficult to understand and maintain.
Test: Problems found in implementations involving testing or monitoring subcomponents.
Defect: Identified defects in the system that should be addressed.
Design: Areas which violate good software design practices, causing poor flexibility to evolving business needs.
Documentation: Inadequate documentation that exists within the software system.

Choose and assign ONE label among: Implementation, Test, Defect, Design, or Documentation.

### Technical debt comment: """""" // TODO is this sensible? """"""",DESIGN,DESIGN
"Self-admitted technical debt (SATD) is technical debt admitted by the developer through source code comments.
There are five types of software technical debts:

Implementation: Bad coding practices leading to poor legibility of code, making it difficult to understand and maintain.
Test: Problems found in implementations involving testing or monitoring subcomponents.
Defect: Identified defects in the system that should be addressed.
Design: Areas which violate good software design practices, causing poor flexibility to evolving business needs.
Documentation: Inadequate documentation that exists within the software system.

Choose and assign ONE label among: Implementation, Test, Defect, Design, or Documentation.

### Technical debt comment: """""" // TODO: Mark diagram/project as dirty? """"""",IMPLEMENTATION,IMPLEMENTATION
"Self-admitted technical debt (SATD) is technical debt admitted by the developer through source code comments.
There are five types of software technical debts:

Implementation: Bad coding practices leading to poor legibility of code, making it difficult to understand and maintain.
Test: Problems found in implementations involving testing or monitoring subcomponents.
Defect: Identified defects in the system that should be addressed.
Design: Areas which violate good software design practices, causing poor flexibility to evolving business needs.
Documentation: Inadequate documentation that exists within the software system.

Choose and assign ONE label among: Implementation, Test, Defect, Design, or Documentation.

### Technical debt comment: """""" // Sometimes the value can be retrieved at ""compile time"".  If we succeed, nothing like it!   // We might not .. for the following reasons: // 1. The constant is missing, // 2. The reference is a forward-reference, // 3. The constant's value is only known at run-time on first-access (but, this is runtime, isn't it??) // 4. Our compiler isn't able to right away infer that this is a constant. // // SSS FIXME: // 1. The operand can be a literal array, range, or hash -- hence Operand //    because Array, Range, and Hash derive from Operand and not Constant ... //    Is there a way to fix this impedance mismatch? // 2. It should be possible to handle the forward-reference case by creating a new //    ForwardReference operand and then inform the scope of the forward reference //    which the scope can fix up when the reference gets defined.  At code-gen time, //    if the reference is unresolved, when a value is retrieved for the forward-ref //    and we get a null, we can throw a ConstMissing exception!  Not sure! // """"""",DESIGN,DESIGN
"Self-admitted technical debt (SATD) is technical debt admitted by the developer through source code comments.
There are five types of software technical debts:

Implementation: Bad coding practices leading to poor legibility of code, making it difficult to understand and maintain.
Test: Problems found in implementations involving testing or monitoring subcomponents.
Defect: Identified defects in the system that should be addressed.
Design: Areas which violate good software design practices, causing poor flexibility to evolving business needs.
Documentation: Inadequate documentation that exists within the software system.

Choose and assign ONE label among: Implementation, Test, Defect, Design, or Documentation.

### Technical debt comment: """""" // this is wrongly called with a null handle, // as a workaround we return an empty collection """"""",DESIGN,DESIGN
"Self-admitted technical debt (SATD) is technical debt admitted by the developer through source code comments.
There are five types of software technical debts:

Implementation: Bad coding practices leading to poor legibility of code, making it difficult to understand and maintain.
Test: Problems found in implementations involving testing or monitoring subcomponents.
Defect: Identified defects in the system that should be addressed.
Design: Areas which violate good software design practices, causing poor flexibility to evolving business needs.
Documentation: Inadequate documentation that exists within the software system.

Choose and assign ONE label among: Implementation, Test, Defect, Design, or Documentation.

### Technical debt comment: """""" // lame generics issues: making Segment class static and manually // inserting cache reference to work around various problems generically // referencing methods/vars across classes. """"""",DESIGN,DESIGN
"Self-admitted technical debt (SATD) is technical debt admitted by the developer through source code comments.
There are five types of software technical debts:

Implementation: Bad coding practices leading to poor legibility of code, making it difficult to understand and maintain.
Test: Problems found in implementations involving testing or monitoring subcomponents.
Defect: Identified defects in the system that should be addressed.
Design: Areas which violate good software design practices, causing poor flexibility to evolving business needs.
Documentation: Inadequate documentation that exists within the software system.

Choose and assign ONE label among: Implementation, Test, Defect, Design, or Documentation.

### Technical debt comment: """""" /**
     * Set the number of milliseconds leeway to give before deciding a
     * target is out of date.
     * TODO: This is not yet used.
     * @param granularity the granularity used to decide if a target is out of
     *                    date.
     */ """"""",DESIGN,DESIGN
"Self-admitted technical debt (SATD) is technical debt admitted by the developer through source code comments.
There are five types of software technical debts:

Implementation: Bad coding practices leading to poor legibility of code, making it difficult to understand and maintain.
Test: Problems found in implementations involving testing or monitoring subcomponents.
Defect: Identified defects in the system that should be addressed.
Design: Areas which violate good software design practices, causing poor flexibility to evolving business needs.
Documentation: Inadequate documentation that exists within the software system.

Choose and assign ONE label among: Implementation, Test, Defect, Design, or Documentation.

### Technical debt comment: """""" // FIXME: Remove this from grammars. """"""",DESIGN,DESIGN
"Self-admitted technical debt (SATD) is technical debt admitted by the developer through source code comments.
There are five types of software technical debts:

Implementation: Bad coding practices leading to poor legibility of code, making it difficult to understand and maintain.
Test: Problems found in implementations involving testing or monitoring subcomponents.
Defect: Identified defects in the system that should be addressed.
Design: Areas which violate good software design practices, causing poor flexibility to evolving business needs.
Documentation: Inadequate documentation that exists within the software system.

Choose and assign ONE label among: Implementation, Test, Defect, Design, or Documentation.

### Technical debt comment: """""" /**
 * Jakarta Commons Logging listener.
 * Note: do not use the SimpleLog as your logger implementation as it
 * causes an infinite loop since it writes to System.err, which Ant traps
 * and reroutes to the logger/listener layer.
 *
 * The following names are used for the log:
 *  org.apache.tools.ant.Project.PROJECT_NAME  - for project events
 *  org.apache.tools.ant.Target.TARGET_NAME - for target events
 *  TASK_CLASS_NAME.TARGET_NAME - for events in individual targets.
 *
 * In all target and project names we replace ""."" and "" "" with ""-"".
 *
 * TODO: we should use the advanced context logging features (and expose them
 * in c-l first :-)
 * TODO: this is _very_ inefficient. Switching the out and tracking the logs
 * can be optimized a lot - but may require few more changes to the core.
 *
 * @since Ant 1.5
 */ """"""",DESIGN,DESIGN
"Self-admitted technical debt (SATD) is technical debt admitted by the developer through source code comments.
There are five types of software technical debts:

Implementation: Bad coding practices leading to poor legibility of code, making it difficult to understand and maintain.
Test: Problems found in implementations involving testing or monitoring subcomponents.
Defect: Identified defects in the system that should be addressed.
Design: Areas which violate good software design practices, causing poor flexibility to evolving business needs.
Documentation: Inadequate documentation that exists within the software system.

Choose and assign ONE label among: Implementation, Test, Defect, Design, or Documentation.

### Technical debt comment: """""" // TODO: This can't depend on ProjectBrowser.  Alternate below """"""",DESIGN,DESIGN
"Self-admitted technical debt (SATD) is technical debt admitted by the developer through source code comments.
There are five types of software technical debts:

Implementation: Bad coding practices leading to poor legibility of code, making it difficult to understand and maintain.
Test: Problems found in implementations involving testing or monitoring subcomponents.
Defect: Identified defects in the system that should be addressed.
Design: Areas which violate good software design practices, causing poor flexibility to evolving business needs.
Documentation: Inadequate documentation that exists within the software system.

Choose and assign ONE label among: Implementation, Test, Defect, Design, or Documentation.

### Technical debt comment: """""" // Not yet ready // DataImportGlobalPreferencesTab tab = new DataImportGlobalPreferencesTab(); // return new IGlobalPreferencesPanel[] { tab }; """"""",IMPLEMENTATION,IMPLEMENTATION
"Self-admitted technical debt (SATD) is technical debt admitted by the developer through source code comments.
There are five types of software technical debts:

Implementation: Bad coding practices leading to poor legibility of code, making it difficult to understand and maintain.
Test: Problems found in implementations involving testing or monitoring subcomponents.
Defect: Identified defects in the system that should be addressed.
Design: Areas which violate good software design practices, causing poor flexibility to evolving business needs.
Documentation: Inadequate documentation that exists within the software system.

Choose and assign ONE label among: Implementation, Test, Defect, Design, or Documentation.

### Technical debt comment: """""" // TODO: should this be restored? """"""",DESIGN,DESIGN
"Self-admitted technical debt (SATD) is technical debt admitted by the developer through source code comments.
There are five types of software technical debts:

Implementation: Bad coding practices leading to poor legibility of code, making it difficult to understand and maintain.
Test: Problems found in implementations involving testing or monitoring subcomponents.
Defect: Identified defects in the system that should be addressed.
Design: Areas which violate good software design practices, causing poor flexibility to evolving business needs.
Documentation: Inadequate documentation that exists within the software system.

Choose and assign ONE label among: Implementation, Test, Defect, Design, or Documentation.

### Technical debt comment: """""" // todo : what else to do here? """"""",DESIGN,DESIGN
"Self-admitted technical debt (SATD) is technical debt admitted by the developer through source code comments.
There are five types of software technical debts:

Implementation: Bad coding practices leading to poor legibility of code, making it difficult to understand and maintain.
Test: Problems found in implementations involving testing or monitoring subcomponents.
Defect: Identified defects in the system that should be addressed.
Design: Areas which violate good software design practices, causing poor flexibility to evolving business needs.
Documentation: Inadequate documentation that exists within the software system.

Choose and assign ONE label among: Implementation, Test, Defect, Design, or Documentation.

### Technical debt comment: """""" // todo : we can actually just determine this from the incoming EntityEntry-s """"""",DESIGN,DESIGN
"Self-admitted technical debt (SATD) is technical debt admitted by the developer through source code comments.
There are five types of software technical debts:

Implementation: Bad coding practices leading to poor legibility of code, making it difficult to understand and maintain.
Test: Problems found in implementations involving testing or monitoring subcomponents.
Defect: Identified defects in the system that should be addressed.
Design: Areas which violate good software design practices, causing poor flexibility to evolving business needs.
Documentation: Inadequate documentation that exists within the software system.

Choose and assign ONE label among: Implementation, Test, Defect, Design, or Documentation.

### Technical debt comment: """""" // todo : this call will not work for anything other than pojos! """"""",DEFECT,DEFECT
"Self-admitted technical debt (SATD) is technical debt admitted by the developer through source code comments.
There are five types of software technical debts:

Implementation: Bad coding practices leading to poor legibility of code, making it difficult to understand and maintain.
Test: Problems found in implementations involving testing or monitoring subcomponents.
Defect: Identified defects in the system that should be addressed.
Design: Areas which violate good software design practices, causing poor flexibility to evolving business needs.
Documentation: Inadequate documentation that exists within the software system.

Choose and assign ONE label among: Implementation, Test, Defect, Design, or Documentation.

### Technical debt comment: """""" // TODO: Make sure this shouldn't go into a previous // condition -tml """"""",DESIGN,DESIGN
"Self-admitted technical debt (SATD) is technical debt admitted by the developer through source code comments.
There are five types of software technical debts:

Implementation: Bad coding practices leading to poor legibility of code, making it difficult to understand and maintain.
Test: Problems found in implementations involving testing or monitoring subcomponents.
Defect: Identified defects in the system that should be addressed.
Design: Areas which violate good software design practices, causing poor flexibility to evolving business needs.
Documentation: Inadequate documentation that exists within the software system.

Choose and assign ONE label among: Implementation, Test, Defect, Design, or Documentation.

### Technical debt comment: """""" // TODO: I18N """"""",IMPLEMENTATION,IMPLEMENTATION
"Self-admitted technical debt (SATD) is technical debt admitted by the developer through source code comments.
There are five types of software technical debts:

Implementation: Bad coding practices leading to poor legibility of code, making it difficult to understand and maintain.
Test: Problems found in implementations involving testing or monitoring subcomponents.
Defect: Identified defects in the system that should be addressed.
Design: Areas which violate good software design practices, causing poor flexibility to evolving business needs.
Documentation: Inadequate documentation that exists within the software system.

Choose and assign ONE label among: Implementation, Test, Defect, Design, or Documentation.

### Technical debt comment: """""" // TODO: Something might go wrong during processing. We don't really // want to create the model element until the user releases the mouse // in the place expected. """"""",DEFECT,DESIGN
"Self-admitted technical debt (SATD) is technical debt admitted by the developer through source code comments.
There are five types of software technical debts:

Implementation: Bad coding practices leading to poor legibility of code, making it difficult to understand and maintain.
Test: Problems found in implementations involving testing or monitoring subcomponents.
Defect: Identified defects in the system that should be addressed.
Design: Areas which violate good software design practices, causing poor flexibility to evolving business needs.
Documentation: Inadequate documentation that exists within the software system.

Choose and assign ONE label among: Implementation, Test, Defect, Design, or Documentation.

### Technical debt comment: """""" //TODO: if we are using identity columns, fetch the identifier """"""",IMPLEMENTATION,DESIGN
"Self-admitted technical debt (SATD) is technical debt admitted by the developer through source code comments.
There are five types of software technical debts:

Implementation: Bad coding practices leading to poor legibility of code, making it difficult to understand and maintain.
Test: Problems found in implementations involving testing or monitoring subcomponents.
Defect: Identified defects in the system that should be addressed.
Design: Areas which violate good software design practices, causing poor flexibility to evolving business needs.
Documentation: Inadequate documentation that exists within the software system.

Choose and assign ONE label among: Implementation, Test, Defect, Design, or Documentation.

### Technical debt comment: """""" /* MVW: for this case, I have to move the
             * call to setSelectedItem() outside the ""buildingModel"", otherwise
             * the combo does not update with the new selection.
             * The same does probably apply to the cases above! */ """"""",DESIGN,DESIGN
"Self-admitted technical debt (SATD) is technical debt admitted by the developer through source code comments.
There are five types of software technical debts:

Implementation: Bad coding practices leading to poor legibility of code, making it difficult to understand and maintain.
Test: Problems found in implementations involving testing or monitoring subcomponents.
Defect: Identified defects in the system that should be addressed.
Design: Areas which violate good software design practices, causing poor flexibility to evolving business needs.
Documentation: Inadequate documentation that exists within the software system.

Choose and assign ONE label among: Implementation, Test, Defect, Design, or Documentation.

### Technical debt comment: """""" // TODO: Get rid of magic numbers!  Figure out which represent line // widths vs padding vs offsets """"""",DESIGN,DESIGN
"Self-admitted technical debt (SATD) is technical debt admitted by the developer through source code comments.
There are five types of software technical debts:

Implementation: Bad coding practices leading to poor legibility of code, making it difficult to understand and maintain.
Test: Problems found in implementations involving testing or monitoring subcomponents.
Defect: Identified defects in the system that should be addressed.
Design: Areas which violate good software design practices, causing poor flexibility to evolving business needs.
Documentation: Inadequate documentation that exists within the software system.

Choose and assign ONE label among: Implementation, Test, Defect, Design, or Documentation.

### Technical debt comment: """""" // Showing large strings can be VERY costly, so we will avoid // doing so if the response // data is larger than 200K. TODO: instead, we could delay doing // the result.setText // call until the user chooses the ""Response data"" tab. Plus we // could warn the user // if this happens and revert the choice if he doesn't confirm // he's ready to wait. """"""",DESIGN,DESIGN
"Self-admitted technical debt (SATD) is technical debt admitted by the developer through source code comments.
There are five types of software technical debts:

Implementation: Bad coding practices leading to poor legibility of code, making it difficult to understand and maintain.
Test: Problems found in implementations involving testing or monitoring subcomponents.
Defect: Identified defects in the system that should be addressed.
Design: Areas which violate good software design practices, causing poor flexibility to evolving business needs.
Documentation: Inadequate documentation that exists within the software system.

Choose and assign ONE label among: Implementation, Test, Defect, Design, or Documentation.

### Technical debt comment: """""" // TODO: What type of validation can we do here on tagType? """"""",DESIGN,DESIGN
"Self-admitted technical debt (SATD) is technical debt admitted by the developer through source code comments.
There are five types of software technical debts:

Implementation: Bad coding practices leading to poor legibility of code, making it difficult to understand and maintain.
Test: Problems found in implementations involving testing or monitoring subcomponents.
Defect: Identified defects in the system that should be addressed.
Design: Areas which violate good software design practices, causing poor flexibility to evolving business needs.
Documentation: Inadequate documentation that exists within the software system.

Choose and assign ONE label among: Implementation, Test, Defect, Design, or Documentation.

### Technical debt comment: """""" // TODO need to implement or change the message """"""",IMPLEMENTATION,IMPLEMENTATION
"Self-admitted technical debt (SATD) is technical debt admitted by the developer through source code comments.
There are five types of software technical debts:

Implementation: Bad coding practices leading to poor legibility of code, making it difficult to understand and maintain.
Test: Problems found in implementations involving testing or monitoring subcomponents.
Defect: Identified defects in the system that should be addressed.
Design: Areas which violate good software design practices, causing poor flexibility to evolving business needs.
Documentation: Inadequate documentation that exists within the software system.

Choose and assign ONE label among: Implementation, Test, Defect, Design, or Documentation.

### Technical debt comment: """""" //?? Split these 4 functions off into a subclass of BaseFavouriteAction """"""",DESIGN,DESIGN
"Self-admitted technical debt (SATD) is technical debt admitted by the developer through source code comments.
There are five types of software technical debts:

Implementation: Bad coding practices leading to poor legibility of code, making it difficult to understand and maintain.
Test: Problems found in implementations involving testing or monitoring subcomponents.
Defect: Identified defects in the system that should be addressed.
Design: Areas which violate good software design practices, causing poor flexibility to evolving business needs.
Documentation: Inadequate documentation that exists within the software system.

Choose and assign ONE label among: Implementation, Test, Defect, Design, or Documentation.

### Technical debt comment: """""" // UML 1.4 spec is ambiguous - English says no Association or  // Generalization, but OCL only includes Association //                || Model.getFacade().isAGeneralization(dm) """"""",DOCUMENTATION,DOCUMENTATION
"Self-admitted technical debt (SATD) is technical debt admitted by the developer through source code comments.
There are five types of software technical debts:

Implementation: Bad coding practices leading to poor legibility of code, making it difficult to understand and maintain.
Test: Problems found in implementations involving testing or monitoring subcomponents.
Defect: Identified defects in the system that should be addressed.
Design: Areas which violate good software design practices, causing poor flexibility to evolving business needs.
Documentation: Inadequate documentation that exists within the software system.

Choose and assign ONE label among: Implementation, Test, Defect, Design, or Documentation.

### Technical debt comment: """""" // TODO: Hard coded -. JDBC/ODBC bridge JDK1.4 // brings back -9 for nvarchar columns in // MS SQL Server tables. """"""",DESIGN,DESIGN
"Self-admitted technical debt (SATD) is technical debt admitted by the developer through source code comments.
There are five types of software technical debts:

Implementation: Bad coding practices leading to poor legibility of code, making it difficult to understand and maintain.
Test: Problems found in implementations involving testing or monitoring subcomponents.
Defect: Identified defects in the system that should be addressed.
Design: Areas which violate good software design practices, causing poor flexibility to evolving business needs.
Documentation: Inadequate documentation that exists within the software system.

Choose and assign ONE label among: Implementation, Test, Defect, Design, or Documentation.

### Technical debt comment: """""" // FIXME: This is almost entirely duplicated from Main.java """"""",DESIGN,DESIGN
"Self-admitted technical debt (SATD) is technical debt admitted by the developer through source code comments.
There are five types of software technical debts:

Implementation: Bad coding practices leading to poor legibility of code, making it difficult to understand and maintain.
Test: Problems found in implementations involving testing or monitoring subcomponents.
Defect: Identified defects in the system that should be addressed.
Design: Areas which violate good software design practices, causing poor flexibility to evolving business needs.
Documentation: Inadequate documentation that exists within the software system.

Choose and assign ONE label among: Implementation, Test, Defect, Design, or Documentation.

### Technical debt comment: """""" // TODO is it possible to use more than one variable? """"""",IMPLEMENTATION,IMPLEMENTATION
"Self-admitted technical debt (SATD) is technical debt admitted by the developer through source code comments.
There are five types of software technical debts:

Implementation: Bad coding practices leading to poor legibility of code, making it difficult to understand and maintain.
Test: Problems found in implementations involving testing or monitoring subcomponents.
Defect: Identified defects in the system that should be addressed.
Design: Areas which violate good software design practices, causing poor flexibility to evolving business needs.
Documentation: Inadequate documentation that exists within the software system.

Choose and assign ONE label among: Implementation, Test, Defect, Design, or Documentation.

### Technical debt comment: """""" /**
     * Set the URI for this project. <p>
     * 
     * Don't use this directly! Use instead:
     * {@link org.argouml.persistence.PersistenceManager
     * #setProjectURI(URI, Project)}
     * <p>
     * TODO: Why isn't this deprecated or private if it is not to be used?
     * 
     * @param theUri The URI to set.
     */ """"""",DESIGN,DESIGN
"Self-admitted technical debt (SATD) is technical debt admitted by the developer through source code comments.
There are five types of software technical debts:

Implementation: Bad coding practices leading to poor legibility of code, making it difficult to understand and maintain.
Test: Problems found in implementations involving testing or monitoring subcomponents.
Defect: Identified defects in the system that should be addressed.
Design: Areas which violate good software design practices, causing poor flexibility to evolving business needs.
Documentation: Inadequate documentation that exists within the software system.

Choose and assign ONE label among: Implementation, Test, Defect, Design, or Documentation.

### Technical debt comment: """""" //TODO: is this really necessary???? """"""",DESIGN,DESIGN
"Self-admitted technical debt (SATD) is technical debt admitted by the developer through source code comments.
There are five types of software technical debts:

Implementation: Bad coding practices leading to poor legibility of code, making it difficult to understand and maintain.
Test: Problems found in implementations involving testing or monitoring subcomponents.
Defect: Identified defects in the system that should be addressed.
Design: Areas which violate good software design practices, causing poor flexibility to evolving business needs.
Documentation: Inadequate documentation that exists within the software system.

Choose and assign ONE label among: Implementation, Test, Defect, Design, or Documentation.

### Technical debt comment: """""" //TODO - move to JOrphanUtils? """"""",DESIGN,DESIGN
"Self-admitted technical debt (SATD) is technical debt admitted by the developer through source code comments.
There are five types of software technical debts:

Implementation: Bad coding practices leading to poor legibility of code, making it difficult to understand and maintain.
Test: Problems found in implementations involving testing or monitoring subcomponents.
Defect: Identified defects in the system that should be addressed.
Design: Areas which violate good software design practices, causing poor flexibility to evolving business needs.
Documentation: Inadequate documentation that exists within the software system.

Choose and assign ONE label among: Implementation, Test, Defect, Design, or Documentation.

### Technical debt comment: """""" /* xxx shouldn't check if valid option variable */ """"""",IMPLEMENTATION,DESIGN
"Self-admitted technical debt (SATD) is technical debt admitted by the developer through source code comments.
There are five types of software technical debts:

Implementation: Bad coding practices leading to poor legibility of code, making it difficult to understand and maintain.
Test: Problems found in implementations involving testing or monitoring subcomponents.
Defect: Identified defects in the system that should be addressed.
Design: Areas which violate good software design practices, causing poor flexibility to evolving business needs.
Documentation: Inadequate documentation that exists within the software system.

Choose and assign ONE label among: Implementation, Test, Defect, Design, or Documentation.

### Technical debt comment: """""" // TODO: Add ""unnamed"" or ""new"" or something? (Localized, of course) """"""",IMPLEMENTATION,DESIGN
"Self-admitted technical debt (SATD) is technical debt admitted by the developer through source code comments.
There are five types of software technical debts:

Implementation: Bad coding practices leading to poor legibility of code, making it difficult to understand and maintain.
Test: Problems found in implementations involving testing or monitoring subcomponents.
Defect: Identified defects in the system that should be addressed.
Design: Areas which violate good software design practices, causing poor flexibility to evolving business needs.
Documentation: Inadequate documentation that exists within the software system.

Choose and assign ONE label among: Implementation, Test, Defect, Design, or Documentation.

### Technical debt comment: """""" // not implemented yet """"""",IMPLEMENTATION,IMPLEMENTATION
"Self-admitted technical debt (SATD) is technical debt admitted by the developer through source code comments.
There are five types of software technical debts:

Implementation: Bad coding practices leading to poor legibility of code, making it difficult to understand and maintain.
Test: Problems found in implementations involving testing or monitoring subcomponents.
Defect: Identified defects in the system that should be addressed.
Design: Areas which violate good software design practices, causing poor flexibility to evolving business needs.
Documentation: Inadequate documentation that exists within the software system.

Choose and assign ONE label among: Implementation, Test, Defect, Design, or Documentation.

### Technical debt comment: """""" // FIXME: use other fields too """"""",DESIGN,IMPLEMENTATION
"Self-admitted technical debt (SATD) is technical debt admitted by the developer through source code comments.
There are five types of software technical debts:

Implementation: Bad coding practices leading to poor legibility of code, making it difficult to understand and maintain.
Test: Problems found in implementations involving testing or monitoring subcomponents.
Defect: Identified defects in the system that should be addressed.
Design: Areas which violate good software design practices, causing poor flexibility to evolving business needs.
Documentation: Inadequate documentation that exists within the software system.

Choose and assign ONE label among: Implementation, Test, Defect, Design, or Documentation.

### Technical debt comment: """""" // TODO Update this after old tests pass and then update the old tests to reflect this change. // """"""",TEST,TEST
"Self-admitted technical debt (SATD) is technical debt admitted by the developer through source code comments.
There are five types of software technical debts:

Implementation: Bad coding practices leading to poor legibility of code, making it difficult to understand and maintain.
Test: Problems found in implementations involving testing or monitoring subcomponents.
Defect: Identified defects in the system that should be addressed.
Design: Areas which violate good software design practices, causing poor flexibility to evolving business needs.
Documentation: Inadequate documentation that exists within the software system.

Choose and assign ONE label among: Implementation, Test, Defect, Design, or Documentation.

### Technical debt comment: """""" // These may not actually make any difference at present (the code // behind addTrigger needs more work). """"""",DESIGN,DESIGN
"Self-admitted technical debt (SATD) is technical debt admitted by the developer through source code comments.
There are five types of software technical debts:

Implementation: Bad coding practices leading to poor legibility of code, making it difficult to understand and maintain.
Test: Problems found in implementations involving testing or monitoring subcomponents.
Defect: Identified defects in the system that should be addressed.
Design: Areas which violate good software design practices, causing poor flexibility to evolving business needs.
Documentation: Inadequate documentation that exists within the software system.

Choose and assign ONE label among: Implementation, Test, Defect, Design, or Documentation.

### Technical debt comment: """""" // TODO Method with 0 reference, really useful ? """"""",DESIGN,DESIGN
"Self-admitted technical debt (SATD) is technical debt admitted by the developer through source code comments.
There are five types of software technical debts:

Implementation: Bad coding practices leading to poor legibility of code, making it difficult to understand and maintain.
Test: Problems found in implementations involving testing or monitoring subcomponents.
Defect: Identified defects in the system that should be addressed.
Design: Areas which violate good software design practices, causing poor flexibility to evolving business needs.
Documentation: Inadequate documentation that exists within the software system.

Choose and assign ONE label among: Implementation, Test, Defect, Design, or Documentation.

### Technical debt comment: """""" // not needed """"""",IMPLEMENTATION,IMPLEMENTATION
"Self-admitted technical debt (SATD) is technical debt admitted by the developer through source code comments.
There are five types of software technical debts:

Implementation: Bad coding practices leading to poor legibility of code, making it difficult to understand and maintain.
Test: Problems found in implementations involving testing or monitoring subcomponents.
Defect: Identified defects in the system that should be addressed.
Design: Areas which violate good software design practices, causing poor flexibility to evolving business needs.
Documentation: Inadequate documentation that exists within the software system.

Choose and assign ONE label among: Implementation, Test, Defect, Design, or Documentation.

### Technical debt comment: """""" // this will probably not get used // Object type """"""",DESIGN,DESIGN
"Self-admitted technical debt (SATD) is technical debt admitted by the developer through source code comments.
There are five types of software technical debts:

Implementation: Bad coding practices leading to poor legibility of code, making it difficult to understand and maintain.
Test: Problems found in implementations involving testing or monitoring subcomponents.
Defect: Identified defects in the system that should be addressed.
Design: Areas which violate good software design practices, causing poor flexibility to evolving business needs.
Documentation: Inadequate documentation that exists within the software system.

Choose and assign ONE label among: Implementation, Test, Defect, Design, or Documentation.

### Technical debt comment: """""" // TODO: validate port as numeric """"""",IMPLEMENTATION,DESIGN
"Self-admitted technical debt (SATD) is technical debt admitted by the developer through source code comments.
There are five types of software technical debts:

Implementation: Bad coding practices leading to poor legibility of code, making it difficult to understand and maintain.
Test: Problems found in implementations involving testing or monitoring subcomponents.
Defect: Identified defects in the system that should be addressed.
Design: Areas which violate good software design practices, causing poor flexibility to evolving business needs.
Documentation: Inadequate documentation that exists within the software system.

Choose and assign ONE label among: Implementation, Test, Defect, Design, or Documentation.

### Technical debt comment: """""" /**
     * Remove this diagram from existence.
     * 
     * TODO: Move to GEF
     */ """"""",DESIGN,DESIGN
"Self-admitted technical debt (SATD) is technical debt admitted by the developer through source code comments.
There are five types of software technical debts:

Implementation: Bad coding practices leading to poor legibility of code, making it difficult to understand and maintain.
Test: Problems found in implementations involving testing or monitoring subcomponents.
Defect: Identified defects in the system that should be addressed.
Design: Areas which violate good software design practices, causing poor flexibility to evolving business needs.
Documentation: Inadequate documentation that exists within the software system.

Choose and assign ONE label among: Implementation, Test, Defect, Design, or Documentation.

### Technical debt comment: """""" /*
				 * END-KLUDGE
				 */ """"""",DESIGN,DESIGN
"Self-admitted technical debt (SATD) is technical debt admitted by the developer through source code comments.
There are five types of software technical debts:

Implementation: Bad coding practices leading to poor legibility of code, making it difficult to understand and maintain.
Test: Problems found in implementations involving testing or monitoring subcomponents.
Defect: Identified defects in the system that should be addressed.
Design: Areas which violate good software design practices, causing poor flexibility to evolving business needs.
Documentation: Inadequate documentation that exists within the software system.

Choose and assign ONE label among: Implementation, Test, Defect, Design, or Documentation.

### Technical debt comment: """""" // This is faintly ridiculous: """"""",DESIGN,DESIGN
"Self-admitted technical debt (SATD) is technical debt admitted by the developer through source code comments.
There are five types of software technical debts:

Implementation: Bad coding practices leading to poor legibility of code, making it difficult to understand and maintain.
Test: Problems found in implementations involving testing or monitoring subcomponents.
Defect: Identified defects in the system that should be addressed.
Design: Areas which violate good software design practices, causing poor flexibility to evolving business needs.
Documentation: Inadequate documentation that exists within the software system.

Choose and assign ONE label among: Implementation, Test, Defect, Design, or Documentation.

### Technical debt comment: """""" // XXX: const lookup can trigger const_missing; is that enough to warrant it always being executed? """"""",DESIGN,DESIGN
"Self-admitted technical debt (SATD) is technical debt admitted by the developer through source code comments.
There are five types of software technical debts:

Implementation: Bad coding practices leading to poor legibility of code, making it difficult to understand and maintain.
Test: Problems found in implementations involving testing or monitoring subcomponents.
Defect: Identified defects in the system that should be addressed.
Design: Areas which violate good software design practices, causing poor flexibility to evolving business needs.
Documentation: Inadequate documentation that exists within the software system.

Choose and assign ONE label among: Implementation, Test, Defect, Design, or Documentation.

### Technical debt comment: """""" // Object#to_a is obsolete.  We match Ruby's hack until to_a goes away.  Then we can  // remove this hack too. """"""",DESIGN,DESIGN
"Self-admitted technical debt (SATD) is technical debt admitted by the developer through source code comments.
There are five types of software technical debts:

Implementation: Bad coding practices leading to poor legibility of code, making it difficult to understand and maintain.
Test: Problems found in implementations involving testing or monitoring subcomponents.
Defect: Identified defects in the system that should be addressed.
Design: Areas which violate good software design practices, causing poor flexibility to evolving business needs.
Documentation: Inadequate documentation that exists within the software system.

Choose and assign ONE label among: Implementation, Test, Defect, Design, or Documentation.

### Technical debt comment: """""" // TODO: BooleanExpresion is removed from UML2.x, is it OK to use // ValueSpecification? """"""",DESIGN,DESIGN
"Self-admitted technical debt (SATD) is technical debt admitted by the developer through source code comments.
There are five types of software technical debts:

Implementation: Bad coding practices leading to poor legibility of code, making it difficult to understand and maintain.
Test: Problems found in implementations involving testing or monitoring subcomponents.
Defect: Identified defects in the system that should be addressed.
Design: Areas which violate good software design practices, causing poor flexibility to evolving business needs.
Documentation: Inadequate documentation that exists within the software system.

Choose and assign ONE label among: Implementation, Test, Defect, Design, or Documentation.

### Technical debt comment: """""" //set the property values // Note: this may have already been done by another instance of // this DataType created to handle a different column. """"""",DESIGN,DESIGN
"Self-admitted technical debt (SATD) is technical debt admitted by the developer through source code comments.
There are five types of software technical debts:

Implementation: Bad coding practices leading to poor legibility of code, making it difficult to understand and maintain.
Test: Problems found in implementations involving testing or monitoring subcomponents.
Defect: Identified defects in the system that should be addressed.
Design: Areas which violate good software design practices, causing poor flexibility to evolving business needs.
Documentation: Inadequate documentation that exists within the software system.

Choose and assign ONE label among: Implementation, Test, Defect, Design, or Documentation.

### Technical debt comment: """""" // XXX what is the following doing? //     should it run if !javadoc4 && executable != null? """"""",DESIGN,DESIGN
"Self-admitted technical debt (SATD) is technical debt admitted by the developer through source code comments.
There are five types of software technical debts:

Implementation: Bad coding practices leading to poor legibility of code, making it difficult to understand and maintain.
Test: Problems found in implementations involving testing or monitoring subcomponents.
Defect: Identified defects in the system that should be addressed.
Design: Areas which violate good software design practices, causing poor flexibility to evolving business needs.
Documentation: Inadequate documentation that exists within the software system.

Choose and assign ONE label among: Implementation, Test, Defect, Design, or Documentation.

### Technical debt comment: """""" /**
     * Returns all substates some composite state contains.
     * <p>
     * TODO: {@link #getAllPossibleSubvertices(Object)} and
     * {@link #getAllSubStates(Object)} are duplicates as implemented for MDR.
     * It isn't clear from the Javadoc or usage whether they should do different
     * things or this just happened because no one noticed we already had
     * another method.
     * 
     * @param compState
     *                the given compositestate
     * @return all substates
     */ """"""",DOCUMENTATION,DESIGN
"Self-admitted technical debt (SATD) is technical debt admitted by the developer through source code comments.
There are five types of software technical debts:

Implementation: Bad coding practices leading to poor legibility of code, making it difficult to understand and maintain.
Test: Problems found in implementations involving testing or monitoring subcomponents.
Defect: Identified defects in the system that should be addressed.
Design: Areas which violate good software design practices, causing poor flexibility to evolving business needs.
Documentation: Inadequate documentation that exists within the software system.

Choose and assign ONE label among: Implementation, Test, Defect, Design, or Documentation.

### Technical debt comment: """""" //FIXME we don't have the associated entity table name here, has to be done in a second pass """"""",DEFECT,DESIGN
"Self-admitted technical debt (SATD) is technical debt admitted by the developer through source code comments.
There are five types of software technical debts:

Implementation: Bad coding practices leading to poor legibility of code, making it difficult to understand and maintain.
Test: Problems found in implementations involving testing or monitoring subcomponents.
Defect: Identified defects in the system that should be addressed.
Design: Areas which violate good software design practices, causing poor flexibility to evolving business needs.
Documentation: Inadequate documentation that exists within the software system.

Choose and assign ONE label among: Implementation, Test, Defect, Design, or Documentation.

### Technical debt comment: """""" // todo: is this comment still relevant ?? // FIXME: need to use a SAXSource as the source for the transform // so we can plug in our own entity resolver """"""",DEFECT,DESIGN
"Self-admitted technical debt (SATD) is technical debt admitted by the developer through source code comments.
There are five types of software technical debts:

Implementation: Bad coding practices leading to poor legibility of code, making it difficult to understand and maintain.
Test: Problems found in implementations involving testing or monitoring subcomponents.
Defect: Identified defects in the system that should be addressed.
Design: Areas which violate good software design practices, causing poor flexibility to evolving business needs.
Documentation: Inadequate documentation that exists within the software system.

Choose and assign ONE label among: Implementation, Test, Defect, Design, or Documentation.

### Technical debt comment: """""" // TODO find a better localization key """"""",DESIGN,DESIGN
"Self-admitted technical debt (SATD) is technical debt admitted by the developer through source code comments.
There are five types of software technical debts:

Implementation: Bad coding practices leading to poor legibility of code, making it difficult to understand and maintain.
Test: Problems found in implementations involving testing or monitoring subcomponents.
Defect: Identified defects in the system that should be addressed.
Design: Areas which violate good software design practices, causing poor flexibility to evolving business needs.
Documentation: Inadequate documentation that exists within the software system.

Choose and assign ONE label among: Implementation, Test, Defect, Design, or Documentation.

### Technical debt comment: """""" // FIXME: depends on internal behavior of XmiReaderImpl. // Needed for solving issue 5017. """"""",DEFECT,DEFECT
"Self-admitted technical debt (SATD) is technical debt admitted by the developer through source code comments.
There are five types of software technical debts:

Implementation: Bad coding practices leading to poor legibility of code, making it difficult to understand and maintain.
Test: Problems found in implementations involving testing or monitoring subcomponents.
Defect: Identified defects in the system that should be addressed.
Design: Areas which violate good software design practices, causing poor flexibility to evolving business needs.
Documentation: Inadequate documentation that exists within the software system.

Choose and assign ONE label among: Implementation, Test, Defect, Design, or Documentation.

### Technical debt comment: """""" //?? Split these 4 functions off into a subclass of BaseFavouriteAction """"""",DESIGN,DESIGN
"Self-admitted technical debt (SATD) is technical debt admitted by the developer through source code comments.
There are five types of software technical debts:

Implementation: Bad coding practices leading to poor legibility of code, making it difficult to understand and maintain.
Test: Problems found in implementations involving testing or monitoring subcomponents.
Defect: Identified defects in the system that should be addressed.
Design: Areas which violate good software design practices, causing poor flexibility to evolving business needs.
Documentation: Inadequate documentation that exists within the software system.

Choose and assign ONE label among: Implementation, Test, Defect, Design, or Documentation.

### Technical debt comment: """""" // FIXME: I think we need these pushed somewhere? """"""",DESIGN,DESIGN
"Self-admitted technical debt (SATD) is technical debt admitted by the developer through source code comments.
There are five types of software technical debts:

Implementation: Bad coding practices leading to poor legibility of code, making it difficult to understand and maintain.
Test: Problems found in implementations involving testing or monitoring subcomponents.
Defect: Identified defects in the system that should be addressed.
Design: Areas which violate good software design practices, causing poor flexibility to evolving business needs.
Documentation: Inadequate documentation that exists within the software system.

Choose and assign ONE label among: Implementation, Test, Defect, Design, or Documentation.

### Technical debt comment: """""" // Should we add the ""_"" separator? """"""",DESIGN,DESIGN
"Self-admitted technical debt (SATD) is technical debt admitted by the developer through source code comments.
There are five types of software technical debts:

Implementation: Bad coding practices leading to poor legibility of code, making it difficult to understand and maintain.
Test: Problems found in implementations involving testing or monitoring subcomponents.
Defect: Identified defects in the system that should be addressed.
Design: Areas which violate good software design practices, causing poor flexibility to evolving business needs.
Documentation: Inadequate documentation that exists within the software system.

Choose and assign ONE label among: Implementation, Test, Defect, Design, or Documentation.

### Technical debt comment: """""" // TODO: If ActionCopy is no longer a singleton, how shall //       this work? """"""",DEFECT,DESIGN
"Self-admitted technical debt (SATD) is technical debt admitted by the developer through source code comments.
There are five types of software technical debts:

Implementation: Bad coding practices leading to poor legibility of code, making it difficult to understand and maintain.
Test: Problems found in implementations involving testing or monitoring subcomponents.
Defect: Identified defects in the system that should be addressed.
Design: Areas which violate good software design practices, causing poor flexibility to evolving business needs.
Documentation: Inadequate documentation that exists within the software system.

Choose and assign ONE label among: Implementation, Test, Defect, Design, or Documentation.

### Technical debt comment: """""" // TODO (@author fdietz): i18n """"""",DESIGN,DESIGN
"Self-admitted technical debt (SATD) is technical debt admitted by the developer through source code comments.
There are five types of software technical debts:

Implementation: Bad coding practices leading to poor legibility of code, making it difficult to understand and maintain.
Test: Problems found in implementations involving testing or monitoring subcomponents.
Defect: Identified defects in the system that should be addressed.
Design: Areas which violate good software design practices, causing poor flexibility to evolving business needs.
Documentation: Inadequate documentation that exists within the software system.

Choose and assign ONE label among: Implementation, Test, Defect, Design, or Documentation.

### Technical debt comment: """""" /*
         * TODO (@author karlpeder): Guess that right thing to do is to get height as getDrawingSize().getHeight(),
         * since this should take top- and bottom margin of this print
         * object into account. But the height seems not to be set
         * correctly in computePositionAndSize() (*20030604, karlpeder*)
         */ """"""",DESIGN,DESIGN
"Self-admitted technical debt (SATD) is technical debt admitted by the developer through source code comments.
There are five types of software technical debts:

Implementation: Bad coding practices leading to poor legibility of code, making it difficult to understand and maintain.
Test: Problems found in implementations involving testing or monitoring subcomponents.
Defect: Identified defects in the system that should be addressed.
Design: Areas which violate good software design practices, causing poor flexibility to evolving business needs.
Documentation: Inadequate documentation that exists within the software system.

Choose and assign ONE label among: Implementation, Test, Defect, Design, or Documentation.

### Technical debt comment: """""" // TODO implement """"""",IMPLEMENTATION,IMPLEMENTATION
"Self-admitted technical debt (SATD) is technical debt admitted by the developer through source code comments.
There are five types of software technical debts:

Implementation: Bad coding practices leading to poor legibility of code, making it difficult to understand and maintain.
Test: Problems found in implementations involving testing or monitoring subcomponents.
Defect: Identified defects in the system that should be addressed.
Design: Areas which violate good software design practices, causing poor flexibility to evolving business needs.
Documentation: Inadequate documentation that exists within the software system.

Choose and assign ONE label among: Implementation, Test, Defect, Design, or Documentation.

### Technical debt comment: """""" // TODO : would be great to have a Mapping#hasNonIdentifierPropertyNamedId method // I don't believe that Mapping#getReferencedPropertyType accounts for the identifier property; so // if it returns for a property named 'id', then we should have a non-id field named id """"""",DESIGN,DESIGN
"Self-admitted technical debt (SATD) is technical debt admitted by the developer through source code comments.
There are five types of software technical debts:

Implementation: Bad coding practices leading to poor legibility of code, making it difficult to understand and maintain.
Test: Problems found in implementations involving testing or monitoring subcomponents.
Defect: Identified defects in the system that should be addressed.
Design: Areas which violate good software design practices, causing poor flexibility to evolving business needs.
Documentation: Inadequate documentation that exists within the software system.

Choose and assign ONE label among: Implementation, Test, Defect, Design, or Documentation.

### Technical debt comment: """""" /* TODO: Delete this class
 * Copyright (C) 2001 Colin Bell
 * colbell@users.sourceforge.net
 *
 * This library is free software; you can redistribute it and/or
 * modify it under the terms of the GNU Lesser General Public
 * License as published by the Free Software Foundation; either
 * version 2.1 of the License, or (at your option) any later version.
 *
 * This library is distributed in the hope that it will be useful,
 * but WITHOUT ANY WARRANTY; without even the implied warranty of
 * MERCHANTABILITY or FITNESS FOR A PARTICULAR PURPOSE.  See the GNU
 * Lesser General Public License for more details.
 *
 * You should have received a copy of the GNU Lesser General Public
 * License along with this library; if not, write to the Free Software
 * Foundation, Inc., 59 Temple Place, Suite 330, Boston, MA  02111-1307  USA
 */ """"""",DESIGN,DESIGN
"Self-admitted technical debt (SATD) is technical debt admitted by the developer through source code comments.
There are five types of software technical debts:

Implementation: Bad coding practices leading to poor legibility of code, making it difficult to understand and maintain.
Test: Problems found in implementations involving testing or monitoring subcomponents.
Defect: Identified defects in the system that should be addressed.
Design: Areas which violate good software design practices, causing poor flexibility to evolving business needs.
Documentation: Inadequate documentation that exists within the software system.

Choose and assign ONE label among: Implementation, Test, Defect, Design, or Documentation.

### Technical debt comment: """""" // defer argument checking """"""",DESIGN,DESIGN
"Self-admitted technical debt (SATD) is technical debt admitted by the developer through source code comments.
There are five types of software technical debts:

Implementation: Bad coding practices leading to poor legibility of code, making it difficult to understand and maintain.
Test: Problems found in implementations involving testing or monitoring subcomponents.
Defect: Identified defects in the system that should be addressed.
Design: Areas which violate good software design practices, causing poor flexibility to evolving business needs.
Documentation: Inadequate documentation that exists within the software system.

Choose and assign ONE label among: Implementation, Test, Defect, Design, or Documentation.

### Technical debt comment: """""" // The following is a work-around for the problem on Mac OS X where // the Apple LAF delegates to the Swing Popup factory but then // tries to set a 90% alpha on the underlying Cocoa window, which // will always be null if you're using JGoodies L&F // see http://www.caimito.net/pebble/2005/07/26/1122392314480.html#comment1127522262179 // This has no effect on Linux/Windows """"""",DESIGN,DESIGN
"Self-admitted technical debt (SATD) is technical debt admitted by the developer through source code comments.
There are five types of software technical debts:

Implementation: Bad coding practices leading to poor legibility of code, making it difficult to understand and maintain.
Test: Problems found in implementations involving testing or monitoring subcomponents.
Defect: Identified defects in the system that should be addressed.
Design: Areas which violate good software design practices, causing poor flexibility to evolving business needs.
Documentation: Inadequate documentation that exists within the software system.

Choose and assign ONE label among: Implementation, Test, Defect, Design, or Documentation.

### Technical debt comment: """""" // XXX: does this really belong here? """"""",DESIGN,DESIGN
"Self-admitted technical debt (SATD) is technical debt admitted by the developer through source code comments.
There are five types of software technical debts:

Implementation: Bad coding practices leading to poor legibility of code, making it difficult to understand and maintain.
Test: Problems found in implementations involving testing or monitoring subcomponents.
Defect: Identified defects in the system that should be addressed.
Design: Areas which violate good software design practices, causing poor flexibility to evolving business needs.
Documentation: Inadequate documentation that exists within the software system.

Choose and assign ONE label among: Implementation, Test, Defect, Design, or Documentation.

### Technical debt comment: """""" /*
     * TODO this assumes that the redirected response will always immediately follow the original response.
     * This may not always be true.
     * Is there a better way to do this?
     */ """"""",DESIGN,DESIGN
"Self-admitted technical debt (SATD) is technical debt admitted by the developer through source code comments.
There are five types of software technical debts:

Implementation: Bad coding practices leading to poor legibility of code, making it difficult to understand and maintain.
Test: Problems found in implementations involving testing or monitoring subcomponents.
Defect: Identified defects in the system that should be addressed.
Design: Areas which violate good software design practices, causing poor flexibility to evolving business needs.
Documentation: Inadequate documentation that exists within the software system.

Choose and assign ONE label among: Implementation, Test, Defect, Design, or Documentation.

### Technical debt comment: """""" //TODO (@author fdietz): i18n """"""",DESIGN,DESIGN
"Self-admitted technical debt (SATD) is technical debt admitted by the developer through source code comments.
There are five types of software technical debts:

Implementation: Bad coding practices leading to poor legibility of code, making it difficult to understand and maintain.
Test: Problems found in implementations involving testing or monitoring subcomponents.
Defect: Identified defects in the system that should be addressed.
Design: Areas which violate good software design practices, causing poor flexibility to evolving business needs.
Documentation: Inadequate documentation that exists within the software system.

Choose and assign ONE label among: Implementation, Test, Defect, Design, or Documentation.

### Technical debt comment: """""" // todo : remove """"""",DESIGN,DESIGN
"Self-admitted technical debt (SATD) is technical debt admitted by the developer through source code comments.
There are five types of software technical debts:

Implementation: Bad coding practices leading to poor legibility of code, making it difficult to understand and maintain.
Test: Problems found in implementations involving testing or monitoring subcomponents.
Defect: Identified defects in the system that should be addressed.
Design: Areas which violate good software design practices, causing poor flexibility to evolving business needs.
Documentation: Inadequate documentation that exists within the software system.

Choose and assign ONE label among: Implementation, Test, Defect, Design, or Documentation.

### Technical debt comment: """""" // Warning: Null callstack here.  Don't think we need // a stack trace to indicate how we sourced the method. """"""",DEFECT,DEFECT
"Self-admitted technical debt (SATD) is technical debt admitted by the developer through source code comments.
There are five types of software technical debts:

Implementation: Bad coding practices leading to poor legibility of code, making it difficult to understand and maintain.
Test: Problems found in implementations involving testing or monitoring subcomponents.
Defect: Identified defects in the system that should be addressed.
Design: Areas which violate good software design practices, causing poor flexibility to evolving business needs.
Documentation: Inadequate documentation that exists within the software system.

Choose and assign ONE label among: Implementation, Test, Defect, Design, or Documentation.

### Technical debt comment: """""" /*
     * TODO: As currently implemented, this expects a list of
     * MultiplicityRanges. Is this an interface change from the NSUML
     * implementation? I suspect it used to accept a list of Integers. - tfm
     *
     * @see org.argouml.model.DataTypesFactory#createMultiplicity(java.util.List)
     */ """"""",DESIGN,DESIGN
"Self-admitted technical debt (SATD) is technical debt admitted by the developer through source code comments.
There are five types of software technical debts:

Implementation: Bad coding practices leading to poor legibility of code, making it difficult to understand and maintain.
Test: Problems found in implementations involving testing or monitoring subcomponents.
Defect: Identified defects in the system that should be addressed.
Design: Areas which violate good software design practices, causing poor flexibility to evolving business needs.
Documentation: Inadequate documentation that exists within the software system.

Choose and assign ONE label among: Implementation, Test, Defect, Design, or Documentation.

### Technical debt comment: """""" // TODO: This shouldn't know the internal form of type names, // but I'm not sure what GEF's PredicateType does, so I'm fixing it // here - tfm """"""",DESIGN,DESIGN
"Self-admitted technical debt (SATD) is technical debt admitted by the developer through source code comments.
There are five types of software technical debts:

Implementation: Bad coding practices leading to poor legibility of code, making it difficult to understand and maintain.
Test: Problems found in implementations involving testing or monitoring subcomponents.
Defect: Identified defects in the system that should be addressed.
Design: Areas which violate good software design practices, causing poor flexibility to evolving business needs.
Documentation: Inadequate documentation that exists within the software system.

Choose and assign ONE label among: Implementation, Test, Defect, Design, or Documentation.

### Technical debt comment: """""" // TODO: Count/report unresolved references """"""",IMPLEMENTATION,IMPLEMENTATION
"Self-admitted technical debt (SATD) is technical debt admitted by the developer through source code comments.
There are five types of software technical debts:

Implementation: Bad coding practices leading to poor legibility of code, making it difficult to understand and maintain.
Test: Problems found in implementations involving testing or monitoring subcomponents.
Defect: Identified defects in the system that should be addressed.
Design: Areas which violate good software design practices, causing poor flexibility to evolving business needs.
Documentation: Inadequate documentation that exists within the software system.

Choose and assign ONE label among: Implementation, Test, Defect, Design, or Documentation.

### Technical debt comment: """""" // TODO: @author hubms check what is neccessary // remove old filters // searchFolder.getFilter().getFilterRule().removeAll(); // add filter criteria // searchFolder.getFilter().getFilterRule().add(c); """"""",DESIGN,IMPLEMENTATION
"Self-admitted technical debt (SATD) is technical debt admitted by the developer through source code comments.
There are five types of software technical debts:

Implementation: Bad coding practices leading to poor legibility of code, making it difficult to understand and maintain.
Test: Problems found in implementations involving testing or monitoring subcomponents.
Defect: Identified defects in the system that should be addressed.
Design: Areas which violate good software design practices, causing poor flexibility to evolving business needs.
Documentation: Inadequate documentation that exists within the software system.

Choose and assign ONE label among: Implementation, Test, Defect, Design, or Documentation.

### Technical debt comment: """""" /**
     * Returns all states that can be recursively contained by the given State.
     * <p>
     * TODO: {@link #getAllPossibleSubvertices(Object)} and
     * {@link #getAllSubStates(Object)} are duplicates as implemented for MDR.
     * It isn't clear from the Javadoc or usage whether they should do different
     * things or this just happened because no one noticed we already had
     * another method.
     * 
     * @param oState
     *                the Composite state we are searching the states for,
     * @return Collection the collection with found states
     */ """"""",DESIGN,DESIGN
"Self-admitted technical debt (SATD) is technical debt admitted by the developer through source code comments.
There are five types of software technical debts:

Implementation: Bad coding practices leading to poor legibility of code, making it difficult to understand and maintain.
Test: Problems found in implementations involving testing or monitoring subcomponents.
Defect: Identified defects in the system that should be addressed.
Design: Areas which violate good software design practices, causing poor flexibility to evolving business needs.
Documentation: Inadequate documentation that exists within the software system.

Choose and assign ONE label among: Implementation, Test, Defect, Design, or Documentation.

### Technical debt comment: """""" // TODO: Really should be Element/ModelElement, but we don't // have a type which is portable for this """"""",DESIGN,DESIGN
"Self-admitted technical debt (SATD) is technical debt admitted by the developer through source code comments.
There are five types of software technical debts:

Implementation: Bad coding practices leading to poor legibility of code, making it difficult to understand and maintain.
Test: Problems found in implementations involving testing or monitoring subcomponents.
Defect: Identified defects in the system that should be addressed.
Design: Areas which violate good software design practices, causing poor flexibility to evolving business needs.
Documentation: Inadequate documentation that exists within the software system.

Choose and assign ONE label among: Implementation, Test, Defect, Design, or Documentation.

### Technical debt comment: """""" // TODO: People extending GzipWriter/reader will break.  Find better way here. """"""",DESIGN,IMPLEMENTATION
"Self-admitted technical debt (SATD) is technical debt admitted by the developer through source code comments.
There are five types of software technical debts:

Implementation: Bad coding practices leading to poor legibility of code, making it difficult to understand and maintain.
Test: Problems found in implementations involving testing or monitoring subcomponents.
Defect: Identified defects in the system that should be addressed.
Design: Areas which violate good software design practices, causing poor flexibility to evolving business needs.
Documentation: Inadequate documentation that exists within the software system.

Choose and assign ONE label among: Implementation, Test, Defect, Design, or Documentation.

### Technical debt comment: """""" // update status message // TODO (@author fdietz): i18n """"""",IMPLEMENTATION,IMPLEMENTATION
"Self-admitted technical debt (SATD) is technical debt admitted by the developer through source code comments.
There are five types of software technical debts:

Implementation: Bad coding practices leading to poor legibility of code, making it difficult to understand and maintain.
Test: Problems found in implementations involving testing or monitoring subcomponents.
Defect: Identified defects in the system that should be addressed.
Design: Areas which violate good software design practices, causing poor flexibility to evolving business needs.
Documentation: Inadequate documentation that exists within the software system.

Choose and assign ONE label among: Implementation, Test, Defect, Design, or Documentation.

### Technical debt comment: """""" // only: the developer knows what (s)he is doing """"""",DESIGN,DESIGN
"Self-admitted technical debt (SATD) is technical debt admitted by the developer through source code comments.
There are five types of software technical debts:

Implementation: Bad coding practices leading to poor legibility of code, making it difficult to understand and maintain.
Test: Problems found in implementations involving testing or monitoring subcomponents.
Defect: Identified defects in the system that should be addressed.
Design: Areas which violate good software design practices, causing poor flexibility to evolving business needs.
Documentation: Inadequate documentation that exists within the software system.

Choose and assign ONE label among: Implementation, Test, Defect, Design, or Documentation.

### Technical debt comment: """""" // FIXME: not very efficient """"""",DESIGN,DESIGN
"Self-admitted technical debt (SATD) is technical debt admitted by the developer through source code comments.
There are five types of software technical debts:

Implementation: Bad coding practices leading to poor legibility of code, making it difficult to understand and maintain.
Test: Problems found in implementations involving testing or monitoring subcomponents.
Defect: Identified defects in the system that should be addressed.
Design: Areas which violate good software design practices, causing poor flexibility to evolving business needs.
Documentation: Inadequate documentation that exists within the software system.

Choose and assign ONE label among: Implementation, Test, Defect, Design, or Documentation.

### Technical debt comment: """""" // implicit joins are always(?) ok to reuse """"""",DESIGN,DESIGN
"Self-admitted technical debt (SATD) is technical debt admitted by the developer through source code comments.
There are five types of software technical debts:

Implementation: Bad coding practices leading to poor legibility of code, making it difficult to understand and maintain.
Test: Problems found in implementations involving testing or monitoring subcomponents.
Defect: Identified defects in the system that should be addressed.
Design: Areas which violate good software design practices, causing poor flexibility to evolving business needs.
Documentation: Inadequate documentation that exists within the software system.

Choose and assign ONE label among: Implementation, Test, Defect, Design, or Documentation.

### Technical debt comment: """""" // TODO: It is a performance drain to load all classes at startup time. // They should be lazy loaded when needed.  Instead of scanning all // classes for ones which implement our loadable module interface, we // should use a manifest entry or a special name/name pattern that we // look for to find the single main module class to load here.  - tfm """"""",IMPLEMENTATION,DESIGN
"Self-admitted technical debt (SATD) is technical debt admitted by the developer through source code comments.
There are five types of software technical debts:

Implementation: Bad coding practices leading to poor legibility of code, making it difficult to understand and maintain.
Test: Problems found in implementations involving testing or monitoring subcomponents.
Defect: Identified defects in the system that should be addressed.
Design: Areas which violate good software design practices, causing poor flexibility to evolving business needs.
Documentation: Inadequate documentation that exists within the software system.

Choose and assign ONE label among: Implementation, Test, Defect, Design, or Documentation.

### Technical debt comment: """""" /**
     * Searches for a stereotype just like the given stereotype in all
     * given models (and their sub-namespaces).
     * The given stereotype can not have its namespace set yet;
     * otherwise it will be returned itself!
     *
     * TODO: This function should not take a stereotype object as parameter,
     * but a name and a baseclass. <p>
     * TODO: Currently only works for stereotypes with only one baseclass. <p>
     * TODO: Should it only search for stereotypes owned by the Model object? 
     *
     * @param models a collection of models
     * @param stereo is the given stereotype
     * @return Stereotype
     */ """"""",DESIGN,DESIGN
"Self-admitted technical debt (SATD) is technical debt admitted by the developer through source code comments.
There are five types of software technical debts:

Implementation: Bad coding practices leading to poor legibility of code, making it difficult to understand and maintain.
Test: Problems found in implementations involving testing or monitoring subcomponents.
Defect: Identified defects in the system that should be addressed.
Design: Areas which violate good software design practices, causing poor flexibility to evolving business needs.
Documentation: Inadequate documentation that exists within the software system.

Choose and assign ONE label among: Implementation, Test, Defect, Design, or Documentation.

### Technical debt comment: """""" // FIXME:  need a locale as well as a timezone """"""",DESIGN,DESIGN
"Self-admitted technical debt (SATD) is technical debt admitted by the developer through source code comments.
There are five types of software technical debts:

Implementation: Bad coding practices leading to poor legibility of code, making it difficult to understand and maintain.
Test: Problems found in implementations involving testing or monitoring subcomponents.
Defect: Identified defects in the system that should be addressed.
Design: Areas which violate good software design practices, causing poor flexibility to evolving business needs.
Documentation: Inadequate documentation that exists within the software system.

Choose and assign ONE label among: Implementation, Test, Defect, Design, or Documentation.

### Technical debt comment: """""" // do we need to update the crosshair values? """"""",DESIGN,DESIGN
"Self-admitted technical debt (SATD) is technical debt admitted by the developer through source code comments.
There are five types of software technical debts:

Implementation: Bad coding practices leading to poor legibility of code, making it difficult to understand and maintain.
Test: Problems found in implementations involving testing or monitoring subcomponents.
Defect: Identified defects in the system that should be addressed.
Design: Areas which violate good software design practices, causing poor flexibility to evolving business needs.
Documentation: Inadequate documentation that exists within the software system.

Choose and assign ONE label among: Implementation, Test, Defect, Design, or Documentation.

### Technical debt comment: """""" // TODO - fix so that this is only called once per test, instead of at every clone // Perhaps save previous filename, and only load if it has changed? """"""",DEFECT,DESIGN
"Self-admitted technical debt (SATD) is technical debt admitted by the developer through source code comments.
There are five types of software technical debts:

Implementation: Bad coding practices leading to poor legibility of code, making it difficult to understand and maintain.
Test: Problems found in implementations involving testing or monitoring subcomponents.
Defect: Identified defects in the system that should be addressed.
Design: Areas which violate good software design practices, causing poor flexibility to evolving business needs.
Documentation: Inadequate documentation that exists within the software system.

Choose and assign ONE label among: Implementation, Test, Defect, Design, or Documentation.

### Technical debt comment: """""" // Have to think about lazy initialization here...  JHM // comparator = new java.text.RuleBasedCollator(); """"""",IMPLEMENTATION,DESIGN
"Self-admitted technical debt (SATD) is technical debt admitted by the developer through source code comments.
There are five types of software technical debts:

Implementation: Bad coding practices leading to poor legibility of code, making it difficult to understand and maintain.
Test: Problems found in implementations involving testing or monitoring subcomponents.
Defect: Identified defects in the system that should be addressed.
Design: Areas which violate good software design practices, causing poor flexibility to evolving business needs.
Documentation: Inadequate documentation that exists within the software system.

Choose and assign ONE label among: Implementation, Test, Defect, Design, or Documentation.

### Technical debt comment: """""" // A FigNodeModelElement with no owner should match here // TODO: This is a temporary solution due to FigPool // extending // FigNodeModelElement when in fact it should not do so. """"""",DESIGN,DESIGN
"Self-admitted technical debt (SATD) is technical debt admitted by the developer through source code comments.
There are five types of software technical debts:

Implementation: Bad coding practices leading to poor legibility of code, making it difficult to understand and maintain.
Test: Problems found in implementations involving testing or monitoring subcomponents.
Defect: Identified defects in the system that should be addressed.
Design: Areas which violate good software design practices, causing poor flexibility to evolving business needs.
Documentation: Inadequate documentation that exists within the software system.

Choose and assign ONE label among: Implementation, Test, Defect, Design, or Documentation.

### Technical debt comment: """""" // TODO: Allow the user to specify the sequence name for dialects that don't natively support  // auto-increment columns without using sequence/trigger combo. """"""",IMPLEMENTATION,IMPLEMENTATION
"Self-admitted technical debt (SATD) is technical debt admitted by the developer through source code comments.
There are five types of software technical debts:

Implementation: Bad coding practices leading to poor legibility of code, making it difficult to understand and maintain.
Test: Problems found in implementations involving testing or monitoring subcomponents.
Defect: Identified defects in the system that should be addressed.
Design: Areas which violate good software design practices, causing poor flexibility to evolving business needs.
Documentation: Inadequate documentation that exists within the software system.

Choose and assign ONE label among: Implementation, Test, Defect, Design, or Documentation.

### Technical debt comment: """""" //TODO: get SQL rendering out of this package! """"""",DESIGN,DESIGN
"Self-admitted technical debt (SATD) is technical debt admitted by the developer through source code comments.
There are five types of software technical debts:

Implementation: Bad coding practices leading to poor legibility of code, making it difficult to understand and maintain.
Test: Problems found in implementations involving testing or monitoring subcomponents.
Defect: Identified defects in the system that should be addressed.
Design: Areas which violate good software design practices, causing poor flexibility to evolving business needs.
Documentation: Inadequate documentation that exists within the software system.

Choose and assign ONE label among: Implementation, Test, Defect, Design, or Documentation.

### Technical debt comment: """""" // TODO only clear the relevant entry - if possible... """"""",DESIGN,DESIGN
"Self-admitted technical debt (SATD) is technical debt admitted by the developer through source code comments.
There are five types of software technical debts:

Implementation: Bad coding practices leading to poor legibility of code, making it difficult to understand and maintain.
Test: Problems found in implementations involving testing or monitoring subcomponents.
Defect: Identified defects in the system that should be addressed.
Design: Areas which violate good software design practices, causing poor flexibility to evolving business needs.
Documentation: Inadequate documentation that exists within the software system.

Choose and assign ONE label among: Implementation, Test, Defect, Design, or Documentation.

### Technical debt comment: """""" /**
     * Utility function to localize the given string with help text, and show it
     * in the status bar of the ArgoUML window. This function is used in favour
     * of the inline call to enable later improvements; e.g. it would be
     * possible to show a help-balloon.
     * <p>
     * TODO: Work this out. One matter to possibly improve: show multiple lines.
     *
     * @param s the given string to be localized and shown
     */ """"""",DEFECT,DESIGN
"Self-admitted technical debt (SATD) is technical debt admitted by the developer through source code comments.
There are five types of software technical debts:

Implementation: Bad coding practices leading to poor legibility of code, making it difficult to understand and maintain.
Test: Problems found in implementations involving testing or monitoring subcomponents.
Defect: Identified defects in the system that should be addressed.
Design: Areas which violate good software design practices, causing poor flexibility to evolving business needs.
Documentation: Inadequate documentation that exists within the software system.

Choose and assign ONE label among: Implementation, Test, Defect, Design, or Documentation.

### Technical debt comment: """""" // This should probably be in Reflect.java """"""",DESIGN,DESIGN
"Self-admitted technical debt (SATD) is technical debt admitted by the developer through source code comments.
There are five types of software technical debts:

Implementation: Bad coding practices leading to poor legibility of code, making it difficult to understand and maintain.
Test: Problems found in implementations involving testing or monitoring subcomponents.
Defect: Identified defects in the system that should be addressed.
Design: Areas which violate good software design practices, causing poor flexibility to evolving business needs.
Documentation: Inadequate documentation that exists within the software system.

Choose and assign ONE label among: Implementation, Test, Defect, Design, or Documentation.

### Technical debt comment: """""" // Does this dialect support the Oracle-style FOR UPDATE NOWAIT syntax? """"""",DESIGN,DESIGN
"Self-admitted technical debt (SATD) is technical debt admitted by the developer through source code comments.
There are five types of software technical debts:

Implementation: Bad coding practices leading to poor legibility of code, making it difficult to understand and maintain.
Test: Problems found in implementations involving testing or monitoring subcomponents.
Defect: Identified defects in the system that should be addressed.
Design: Areas which violate good software design practices, causing poor flexibility to evolving business needs.
Documentation: Inadequate documentation that exists within the software system.

Choose and assign ONE label among: Implementation, Test, Defect, Design, or Documentation.

### Technical debt comment: """""" /**
     * Create an empty but initialized instance of a UML Constraint.
     *
     * @return an initialized UML Constraint instance.
     * TODO: This needs an extra parameter to specify the model/extent where
     * the new element should be created.
     */ """"""",DESIGN,DESIGN
"Self-admitted technical debt (SATD) is technical debt admitted by the developer through source code comments.
There are five types of software technical debts:

Implementation: Bad coding practices leading to poor legibility of code, making it difficult to understand and maintain.
Test: Problems found in implementations involving testing or monitoring subcomponents.
Defect: Identified defects in the system that should be addressed.
Design: Areas which violate good software design practices, causing poor flexibility to evolving business needs.
Documentation: Inadequate documentation that exists within the software system.

Choose and assign ONE label among: Implementation, Test, Defect, Design, or Documentation.

### Technical debt comment: """""" // todo : we can remove this once the deprecated ctor can be made private... """"""",DESIGN,DESIGN
"Self-admitted technical debt (SATD) is technical debt admitted by the developer through source code comments.
There are five types of software technical debts:

Implementation: Bad coding practices leading to poor legibility of code, making it difficult to understand and maintain.
Test: Problems found in implementations involving testing or monitoring subcomponents.
Defect: Identified defects in the system that should be addressed.
Design: Areas which violate good software design practices, causing poor flexibility to evolving business needs.
Documentation: Inadequate documentation that exists within the software system.

Choose and assign ONE label among: Implementation, Test, Defect, Design, or Documentation.

### Technical debt comment: """""" /**
     * @param project the ArgoUML {@link Project} to save in file.
     * @param file the {@link File} in which an ArgoUML {@link Project} will
     * be persisted.
     * @return the persister used and usable for file.
     * @throws SaveException if saving the file goes wrong.
     * @throws InterruptedException if an interrupt occurs while saving.
     * TODO: move this to an helper class.
     */ """"""",DESIGN,DESIGN
"Self-admitted technical debt (SATD) is technical debt admitted by the developer through source code comments.
There are five types of software technical debts:

Implementation: Bad coding practices leading to poor legibility of code, making it difficult to understand and maintain.
Test: Problems found in implementations involving testing or monitoring subcomponents.
Defect: Identified defects in the system that should be addressed.
Design: Areas which violate good software design practices, causing poor flexibility to evolving business needs.
Documentation: Inadequate documentation that exists within the software system.

Choose and assign ONE label among: Implementation, Test, Defect, Design, or Documentation.

### Technical debt comment: """""" // Technically incorrect here - we need to wrap null values // as bsh.Primitive.NULL.  However the This.invokeMethod() // will do that much for us. // We need to generate a conditional here to test for null // and return Primitive.NULL """"""",DEFECT,DEFECT
"Self-admitted technical debt (SATD) is technical debt admitted by the developer through source code comments.
There are five types of software technical debts:

Implementation: Bad coding practices leading to poor legibility of code, making it difficult to understand and maintain.
Test: Problems found in implementations involving testing or monitoring subcomponents.
Defect: Identified defects in the system that should be addressed.
Design: Areas which violate good software design practices, causing poor flexibility to evolving business needs.
Documentation: Inadequate documentation that exists within the software system.

Choose and assign ONE label among: Implementation, Test, Defect, Design, or Documentation.

### Technical debt comment: """""" // MAC OS 9 and previous //TODO: I have no idea how to get it, someone must fix it """"""",DESIGN,DESIGN
"Self-admitted technical debt (SATD) is technical debt admitted by the developer through source code comments.
There are five types of software technical debts:

Implementation: Bad coding practices leading to poor legibility of code, making it difficult to understand and maintain.
Test: Problems found in implementations involving testing or monitoring subcomponents.
Defect: Identified defects in the system that should be addressed.
Design: Areas which violate good software design practices, causing poor flexibility to evolving business needs.
Documentation: Inadequate documentation that exists within the software system.

Choose and assign ONE label among: Implementation, Test, Defect, Design, or Documentation.

### Technical debt comment: """""" // Unused? """"""",DESIGN,DESIGN
"Self-admitted technical debt (SATD) is technical debt admitted by the developer through source code comments.
There are five types of software technical debts:

Implementation: Bad coding practices leading to poor legibility of code, making it difficult to understand and maintain.
Test: Problems found in implementations involving testing or monitoring subcomponents.
Defect: Identified defects in the system that should be addressed.
Design: Areas which violate good software design practices, causing poor flexibility to evolving business needs.
Documentation: Inadequate documentation that exists within the software system.

Choose and assign ONE label among: Implementation, Test, Defect, Design, or Documentation.

### Technical debt comment: """""" // // @author: fdietz // using shutdown-manager is wrong here, because this // automatically also calls the FrameManager, which  // also starts a second shutdown thread // -> This leads into two parallel shutdown thread which // -> is why sometimes config-files, etc. get messed up //         """"""",DESIGN,DESIGN
"Self-admitted technical debt (SATD) is technical debt admitted by the developer through source code comments.
There are five types of software technical debts:

Implementation: Bad coding practices leading to poor legibility of code, making it difficult to understand and maintain.
Test: Problems found in implementations involving testing or monitoring subcomponents.
Defect: Identified defects in the system that should be addressed.
Design: Areas which violate good software design practices, causing poor flexibility to evolving business needs.
Documentation: Inadequate documentation that exists within the software system.

Choose and assign ONE label among: Implementation, Test, Defect, Design, or Documentation.

### Technical debt comment: """""" /**
     * Searches for a type/classifier with name s. If defineNew is
     * true, a new type is defined if the type/classifier is not
     * found. The newly created type is added to the currentNamespace
     * and given the name s.
     * <p>
     * TODO: Move to Model subsystem - tfm 20070307
     * 
     * @param s the name of the type/classifier to be found
     * @param defineNew if true, define a new one
     * @return Classifier the found classifier
     */ """"""",DESIGN,DESIGN
"Self-admitted technical debt (SATD) is technical debt admitted by the developer through source code comments.
There are five types of software technical debts:

Implementation: Bad coding practices leading to poor legibility of code, making it difficult to understand and maintain.
Test: Problems found in implementations involving testing or monitoring subcomponents.
Defect: Identified defects in the system that should be addressed.
Design: Areas which violate good software design practices, causing poor flexibility to evolving business needs.
Documentation: Inadequate documentation that exists within the software system.

Choose and assign ONE label among: Implementation, Test, Defect, Design, or Documentation.

### Technical debt comment: """""" // MenuBar related methods // TODO: Do we really need to have all these menubar methods duplicated // here? Perhaps we can make the menu bar accessible through GuiPackage? """"""",DESIGN,DESIGN
"Self-admitted technical debt (SATD) is technical debt admitted by the developer through source code comments.
There are five types of software technical debts:

Implementation: Bad coding practices leading to poor legibility of code, making it difficult to understand and maintain.
Test: Problems found in implementations involving testing or monitoring subcomponents.
Defect: Identified defects in the system that should be addressed.
Design: Areas which violate good software design practices, causing poor flexibility to evolving business needs.
Documentation: Inadequate documentation that exists within the software system.

Choose and assign ONE label among: Implementation, Test, Defect, Design, or Documentation.

### Technical debt comment: """""" // TODO: This exception will be thrown during autoscrolling // when the edge of the canvas is reached causing either // the width or height to be ""adjusted"" to a negative value """"""",DEFECT,DEFECT
"Self-admitted technical debt (SATD) is technical debt admitted by the developer through source code comments.
There are five types of software technical debts:

Implementation: Bad coding practices leading to poor legibility of code, making it difficult to understand and maintain.
Test: Problems found in implementations involving testing or monitoring subcomponents.
Defect: Identified defects in the system that should be addressed.
Design: Areas which violate good software design practices, causing poor flexibility to evolving business needs.
Documentation: Inadequate documentation that exists within the software system.

Choose and assign ONE label among: Implementation, Test, Defect, Design, or Documentation.

### Technical debt comment: """""" /*
     * TODO should these fields be public?
     * They don't appear to be used externally.
     * 
     * Also, are they any different from HTTPConstants.GET etc. ?
     * In some cases they seem to be used as the method name from the Tomcat log.
     * However the RMETHOD field is used as the value for HTTPSamplerBase.METHOD,
     * for which HTTPConstants is most approriate.
     */ """"""",DESIGN,DESIGN
"Self-admitted technical debt (SATD) is technical debt admitted by the developer through source code comments.
There are five types of software technical debts:

Implementation: Bad coding practices leading to poor legibility of code, making it difficult to understand and maintain.
Test: Problems found in implementations involving testing or monitoring subcomponents.
Defect: Identified defects in the system that should be addressed.
Design: Areas which violate good software design practices, causing poor flexibility to evolving business needs.
Documentation: Inadequate documentation that exists within the software system.

Choose and assign ONE label among: Implementation, Test, Defect, Design, or Documentation.

### Technical debt comment: """""" /**
     * Create an empty but initialized instance of a UML Permission.
     *
     * @return an initialized UML Permission instance.
     * TODO: This needs an extra parameter to specify the model/extent where
     * the new element should be created.
     */ """"""",DESIGN,DESIGN
"Self-admitted technical debt (SATD) is technical debt admitted by the developer through source code comments.
There are five types of software technical debts:

Implementation: Bad coding practices leading to poor legibility of code, making it difficult to understand and maintain.
Test: Problems found in implementations involving testing or monitoring subcomponents.
Defect: Identified defects in the system that should be addressed.
Design: Areas which violate good software design practices, causing poor flexibility to evolving business needs.
Documentation: Inadequate documentation that exists within the software system.

Choose and assign ONE label among: Implementation, Test, Defect, Design, or Documentation.

### Technical debt comment: """""" /* TODO: We should use implicit nil for body, but problem (punt til later)*/ """"""",DEFECT,DEFECT
"Self-admitted technical debt (SATD) is technical debt admitted by the developer through source code comments.
There are five types of software technical debts:

Implementation: Bad coding practices leading to poor legibility of code, making it difficult to understand and maintain.
Test: Problems found in implementations involving testing or monitoring subcomponents.
Defect: Identified defects in the system that should be addressed.
Design: Areas which violate good software design practices, causing poor flexibility to evolving business needs.
Documentation: Inadequate documentation that exists within the software system.

Choose and assign ONE label among: Implementation, Test, Defect, Design, or Documentation.

### Technical debt comment: """""" // TODO: bindpropertyresults(alias, returnElem) """"""",IMPLEMENTATION,DESIGN
"Self-admitted technical debt (SATD) is technical debt admitted by the developer through source code comments.
There are five types of software technical debts:

Implementation: Bad coding practices leading to poor legibility of code, making it difficult to understand and maintain.
Test: Problems found in implementations involving testing or monitoring subcomponents.
Defect: Identified defects in the system that should be addressed.
Design: Areas which violate good software design practices, causing poor flexibility to evolving business needs.
Documentation: Inadequate documentation that exists within the software system.

Choose and assign ONE label among: Implementation, Test, Defect, Design, or Documentation.

### Technical debt comment: """""" //Unfortunately we need to remove the exising tree table component and create a //new one due to limitations with replacing models in the existing //sun implementation. Why on earth they couldnt formalise the tree //table example on JFC (which we use) a bit more is anyones guess. """"""",DESIGN,DESIGN
"Self-admitted technical debt (SATD) is technical debt admitted by the developer through source code comments.
There are five types of software technical debts:

Implementation: Bad coding practices leading to poor legibility of code, making it difficult to understand and maintain.
Test: Problems found in implementations involving testing or monitoring subcomponents.
Defect: Identified defects in the system that should be addressed.
Design: Areas which violate good software design practices, causing poor flexibility to evolving business needs.
Documentation: Inadequate documentation that exists within the software system.

Choose and assign ONE label among: Implementation, Test, Defect, Design, or Documentation.

### Technical debt comment: """""" // TODO: the '\n' literal here should be a test against REToken.newline, // which unfortunately may be more than a single character. """"""",TEST,DEFECT
"Self-admitted technical debt (SATD) is technical debt admitted by the developer through source code comments.
There are five types of software technical debts:

Implementation: Bad coding practices leading to poor legibility of code, making it difficult to understand and maintain.
Test: Problems found in implementations involving testing or monitoring subcomponents.
Defect: Identified defects in the system that should be addressed.
Design: Areas which violate good software design practices, causing poor flexibility to evolving business needs.
Documentation: Inadequate documentation that exists within the software system.

Choose and assign ONE label among: Implementation, Test, Defect, Design, or Documentation.

### Technical debt comment: """""" //yuck! """"""",DESIGN,DESIGN
"Self-admitted technical debt (SATD) is technical debt admitted by the developer through source code comments.
There are five types of software technical debts:

Implementation: Bad coding practices leading to poor legibility of code, making it difficult to understand and maintain.
Test: Problems found in implementations involving testing or monitoring subcomponents.
Defect: Identified defects in the system that should be addressed.
Design: Areas which violate good software design practices, causing poor flexibility to evolving business needs.
Documentation: Inadequate documentation that exists within the software system.

Choose and assign ONE label among: Implementation, Test, Defect, Design, or Documentation.

### Technical debt comment: """""" // TODO: - please add some javadoc - ugly classname also """"""",DOCUMENTATION,DOCUMENTATION
"Self-admitted technical debt (SATD) is technical debt admitted by the developer through source code comments.
There are five types of software technical debts:

Implementation: Bad coding practices leading to poor legibility of code, making it difficult to understand and maintain.
Test: Problems found in implementations involving testing or monitoring subcomponents.
Defect: Identified defects in the system that should be addressed.
Design: Areas which violate good software design practices, causing poor flexibility to evolving business needs.
Documentation: Inadequate documentation that exists within the software system.

Choose and assign ONE label among: Implementation, Test, Defect, Design, or Documentation.

### Technical debt comment: """""" // TODO: Why aren't we throwing an exception here? // Returning null results in NPE and no explanation why. """"""",IMPLEMENTATION,IMPLEMENTATION
"Self-admitted technical debt (SATD) is technical debt admitted by the developer through source code comments.
There are five types of software technical debts:

Implementation: Bad coding practices leading to poor legibility of code, making it difficult to understand and maintain.
Test: Problems found in implementations involving testing or monitoring subcomponents.
Defect: Identified defects in the system that should be addressed.
Design: Areas which violate good software design practices, causing poor flexibility to evolving business needs.
Documentation: Inadequate documentation that exists within the software system.

Choose and assign ONE label among: Implementation, Test, Defect, Design, or Documentation.

### Technical debt comment: """""" // TODO: This should get the containing project from the list of // targets, not from some global """"""",DESIGN,IMPLEMENTATION
"Self-admitted technical debt (SATD) is technical debt admitted by the developer through source code comments.
There are five types of software technical debts:

Implementation: Bad coding practices leading to poor legibility of code, making it difficult to understand and maintain.
Test: Problems found in implementations involving testing or monitoring subcomponents.
Defect: Identified defects in the system that should be addressed.
Design: Areas which violate good software design practices, causing poor flexibility to evolving business needs.
Documentation: Inadequate documentation that exists within the software system.

Choose and assign ONE label among: Implementation, Test, Defect, Design, or Documentation.

### Technical debt comment: """""" // FIXME: not very efficient """"""",DESIGN,DESIGN
"Self-admitted technical debt (SATD) is technical debt admitted by the developer through source code comments.
There are five types of software technical debts:

Implementation: Bad coding practices leading to poor legibility of code, making it difficult to understand and maintain.
Test: Problems found in implementations involving testing or monitoring subcomponents.
Defect: Identified defects in the system that should be addressed.
Design: Areas which violate good software design practices, causing poor flexibility to evolving business needs.
Documentation: Inadequate documentation that exists within the software system.

Choose and assign ONE label among: Implementation, Test, Defect, Design, or Documentation.

### Technical debt comment: """""" // WARNING: The GEF implementation of the OutputStream version of  // this method doesn't work - tfm - 20070531 """"""",DEFECT,DEFECT
"Self-admitted technical debt (SATD) is technical debt admitted by the developer through source code comments.
There are five types of software technical debts:

Implementation: Bad coding practices leading to poor legibility of code, making it difficult to understand and maintain.
Test: Problems found in implementations involving testing or monitoring subcomponents.
Defect: Identified defects in the system that should be addressed.
Design: Areas which violate good software design practices, causing poor flexibility to evolving business needs.
Documentation: Inadequate documentation that exists within the software system.

Choose and assign ONE label among: Implementation, Test, Defect, Design, or Documentation.

### Technical debt comment: """""" // TODO: This method can be replaced by getClass().getSimpleName() // when Argo drops support for Java versions < 1.5 """"""",DESIGN,DESIGN
"Self-admitted technical debt (SATD) is technical debt admitted by the developer through source code comments.
There are five types of software technical debts:

Implementation: Bad coding practices leading to poor legibility of code, making it difficult to understand and maintain.
Test: Problems found in implementations involving testing or monitoring subcomponents.
Defect: Identified defects in the system that should be addressed.
Design: Areas which violate good software design practices, causing poor flexibility to evolving business needs.
Documentation: Inadequate documentation that exists within the software system.

Choose and assign ONE label among: Implementation, Test, Defect, Design, or Documentation.

### Technical debt comment: """""" // FIXME: This is currently only here because of some problems with IOOutputStream writing to a ""bare"" runtime without a proper scope """"""",DESIGN,DESIGN
"Self-admitted technical debt (SATD) is technical debt admitted by the developer through source code comments.
There are five types of software technical debts:

Implementation: Bad coding practices leading to poor legibility of code, making it difficult to understand and maintain.
Test: Problems found in implementations involving testing or monitoring subcomponents.
Defect: Identified defects in the system that should be addressed.
Design: Areas which violate good software design practices, causing poor flexibility to evolving business needs.
Documentation: Inadequate documentation that exists within the software system.

Choose and assign ONE label among: Implementation, Test, Defect, Design, or Documentation.

### Technical debt comment: """""" // TODO - belongs elsewhere  """"""",DESIGN,DESIGN
"Self-admitted technical debt (SATD) is technical debt admitted by the developer through source code comments.
There are five types of software technical debts:

Implementation: Bad coding practices leading to poor legibility of code, making it difficult to understand and maintain.
Test: Problems found in implementations involving testing or monitoring subcomponents.
Defect: Identified defects in the system that should be addressed.
Design: Areas which violate good software design practices, causing poor flexibility to evolving business needs.
Documentation: Inadequate documentation that exists within the software system.

Choose and assign ONE label among: Implementation, Test, Defect, Design, or Documentation.

### Technical debt comment: """""" //TODO: perhaps this should be some other RuntimeException... """"""",DESIGN,DESIGN
"Self-admitted technical debt (SATD) is technical debt admitted by the developer through source code comments.
There are five types of software technical debts:

Implementation: Bad coding practices leading to poor legibility of code, making it difficult to understand and maintain.
Test: Problems found in implementations involving testing or monitoring subcomponents.
Defect: Identified defects in the system that should be addressed.
Design: Areas which violate good software design practices, causing poor flexibility to evolving business needs.
Documentation: Inadequate documentation that exists within the software system.

Choose and assign ONE label among: Implementation, Test, Defect, Design, or Documentation.

### Technical debt comment: """""" // References to actions that we need for Mac hack """"""",DESIGN,IMPLEMENTATION
"Self-admitted technical debt (SATD) is technical debt admitted by the developer through source code comments.
There are five types of software technical debts:

Implementation: Bad coding practices leading to poor legibility of code, making it difficult to understand and maintain.
Test: Problems found in implementations involving testing or monitoring subcomponents.
Defect: Identified defects in the system that should be addressed.
Design: Areas which violate good software design practices, causing poor flexibility to evolving business needs.
Documentation: Inadequate documentation that exists within the software system.

Choose and assign ONE label among: Implementation, Test, Defect, Design, or Documentation.

### Technical debt comment: """""" // TODO: This class looks a lot like ArgumentsPanel. What exactly is the // difference? Could they be combined? // Note: it seems that this class is not actually used ... """"""",DESIGN,DESIGN
"Self-admitted technical debt (SATD) is technical debt admitted by the developer through source code comments.
There are five types of software technical debts:

Implementation: Bad coding practices leading to poor legibility of code, making it difficult to understand and maintain.
Test: Problems found in implementations involving testing or monitoring subcomponents.
Defect: Identified defects in the system that should be addressed.
Design: Areas which violate good software design practices, causing poor flexibility to evolving business needs.
Documentation: Inadequate documentation that exists within the software system.

Choose and assign ONE label among: Implementation, Test, Defect, Design, or Documentation.

### Technical debt comment: """""" /*
                 * Fix bug: -D arg1=arg2 was causing parse error; however
                 * --define arg1=arg2 is OK This seems to be because the parser
                 * skips the terminator for the long options, but was not doing
                 * so for the short options.
                 */ """"""",DESIGN,DEFECT
"Self-admitted technical debt (SATD) is technical debt admitted by the developer through source code comments.
There are five types of software technical debts:

Implementation: Bad coding practices leading to poor legibility of code, making it difficult to understand and maintain.
Test: Problems found in implementations involving testing or monitoring subcomponents.
Defect: Identified defects in the system that should be addressed.
Design: Areas which violate good software design practices, causing poor flexibility to evolving business needs.
Documentation: Inadequate documentation that exists within the software system.

Choose and assign ONE label among: Implementation, Test, Defect, Design, or Documentation.

### Technical debt comment: """""" // Note: incorrect here - we are using the hack in bsh class // manager that allows lookup by base name.  We need to eliminate // this limitation by working through imports.  See notes in class // manager. """"""",DESIGN,DESIGN
"Self-admitted technical debt (SATD) is technical debt admitted by the developer through source code comments.
There are five types of software technical debts:

Implementation: Bad coding practices leading to poor legibility of code, making it difficult to understand and maintain.
Test: Problems found in implementations involving testing or monitoring subcomponents.
Defect: Identified defects in the system that should be addressed.
Design: Areas which violate good software design practices, causing poor flexibility to evolving business needs.
Documentation: Inadequate documentation that exists within the software system.

Choose and assign ONE label among: Implementation, Test, Defect, Design, or Documentation.

### Technical debt comment: """""" // TODO: move(x) shouldn't rely on calling next() x times """"""",DEFECT,DEFECT
"Self-admitted technical debt (SATD) is technical debt admitted by the developer through source code comments.
There are five types of software technical debts:

Implementation: Bad coding practices leading to poor legibility of code, making it difficult to understand and maintain.
Test: Problems found in implementations involving testing or monitoring subcomponents.
Defect: Identified defects in the system that should be addressed.
Design: Areas which violate good software design practices, causing poor flexibility to evolving business needs.
Documentation: Inadequate documentation that exists within the software system.

Choose and assign ONE label among: Implementation, Test, Defect, Design, or Documentation.

### Technical debt comment: """""" // TODO: This DTD doesn't exist, so we can't tell readers to // look for it //		w.println(""<!DOCTYPE profile SYSTEM \""profile.dtd\"" >""); // but we need a 2nd line to make the funky UML persister work // remove this line if the above is uncommented """"""",IMPLEMENTATION,DEFECT
"Self-admitted technical debt (SATD) is technical debt admitted by the developer through source code comments.
There are five types of software technical debts:

Implementation: Bad coding practices leading to poor legibility of code, making it difficult to understand and maintain.
Test: Problems found in implementations involving testing or monitoring subcomponents.
Defect: Identified defects in the system that should be addressed.
Design: Areas which violate good software design practices, causing poor flexibility to evolving business needs.
Documentation: Inadequate documentation that exists within the software system.

Choose and assign ONE label among: Implementation, Test, Defect, Design, or Documentation.

### Technical debt comment: """""" // have to do this hack until VFSPath class is written """"""",DESIGN,DESIGN
"Self-admitted technical debt (SATD) is technical debt admitted by the developer through source code comments.
There are five types of software technical debts:

Implementation: Bad coding practices leading to poor legibility of code, making it difficult to understand and maintain.
Test: Problems found in implementations involving testing or monitoring subcomponents.
Defect: Identified defects in the system that should be addressed.
Design: Areas which violate good software design practices, causing poor flexibility to evolving business needs.
Documentation: Inadequate documentation that exists within the software system.

Choose and assign ONE label among: Implementation, Test, Defect, Design, or Documentation.

### Technical debt comment: """""" // XXX     should we silently catch possible exceptions and try to //         load a different implementation? """"""",DESIGN,DESIGN
"Self-admitted technical debt (SATD) is technical debt admitted by the developer through source code comments.
There are five types of software technical debts:

Implementation: Bad coding practices leading to poor legibility of code, making it difficult to understand and maintain.
Test: Problems found in implementations involving testing or monitoring subcomponents.
Defect: Identified defects in the system that should be addressed.
Design: Areas which violate good software design practices, causing poor flexibility to evolving business needs.
Documentation: Inadequate documentation that exists within the software system.

Choose and assign ONE label among: Implementation, Test, Defect, Design, or Documentation.

### Technical debt comment: """""" // TODO: don't require pop """"""",DEFECT,DEFECT
"Self-admitted technical debt (SATD) is technical debt admitted by the developer through source code comments.
There are five types of software technical debts:

Implementation: Bad coding practices leading to poor legibility of code, making it difficult to understand and maintain.
Test: Problems found in implementations involving testing or monitoring subcomponents.
Defect: Identified defects in the system that should be addressed.
Design: Areas which violate good software design practices, causing poor flexibility to evolving business needs.
Documentation: Inadequate documentation that exists within the software system.

Choose and assign ONE label among: Implementation, Test, Defect, Design, or Documentation.

### Technical debt comment: """""" // Fix for this bug: // -- Put a mode into the user dir with the same name as one //    on the system dir. // -- Reload edit modes. // -- Old mode from system dir still used for highlighting //    until jEdit restart. """"""",DEFECT,DESIGN
"Self-admitted technical debt (SATD) is technical debt admitted by the developer through source code comments.
There are five types of software technical debts:

Implementation: Bad coding practices leading to poor legibility of code, making it difficult to understand and maintain.
Test: Problems found in implementations involving testing or monitoring subcomponents.
Defect: Identified defects in the system that should be addressed.
Design: Areas which violate good software design practices, causing poor flexibility to evolving business needs.
Documentation: Inadequate documentation that exists within the software system.

Choose and assign ONE label among: Implementation, Test, Defect, Design, or Documentation.

### Technical debt comment: """""" // TODO: implement this """"""",IMPLEMENTATION,IMPLEMENTATION
"Self-admitted technical debt (SATD) is technical debt admitted by the developer through source code comments.
There are five types of software technical debts:

Implementation: Bad coding practices leading to poor legibility of code, making it difficult to understand and maintain.
Test: Problems found in implementations involving testing or monitoring subcomponents.
Defect: Identified defects in the system that should be addressed.
Design: Areas which violate good software design practices, causing poor flexibility to evolving business needs.
Documentation: Inadequate documentation that exists within the software system.

Choose and assign ONE label among: Implementation, Test, Defect, Design, or Documentation.

### Technical debt comment: """""" // TODO: I18N """"""",IMPLEMENTATION,IMPLEMENTATION
"Self-admitted technical debt (SATD) is technical debt admitted by the developer through source code comments.
There are five types of software technical debts:

Implementation: Bad coding practices leading to poor legibility of code, making it difficult to understand and maintain.
Test: Problems found in implementations involving testing or monitoring subcomponents.
Defect: Identified defects in the system that should be addressed.
Design: Areas which violate good software design practices, causing poor flexibility to evolving business needs.
Documentation: Inadequate documentation that exists within the software system.

Choose and assign ONE label among: Implementation, Test, Defect, Design, or Documentation.

### Technical debt comment: """""" // TODO: full-precision divmod is 1000x slower than MRI! """"""",DEFECT,DEFECT
"Self-admitted technical debt (SATD) is technical debt admitted by the developer through source code comments.
There are five types of software technical debts:

Implementation: Bad coding practices leading to poor legibility of code, making it difficult to understand and maintain.
Test: Problems found in implementations involving testing or monitoring subcomponents.
Defect: Identified defects in the system that should be addressed.
Design: Areas which violate good software design practices, causing poor flexibility to evolving business needs.
Documentation: Inadequate documentation that exists within the software system.

Choose and assign ONE label among: Implementation, Test, Defect, Design, or Documentation.

### Technical debt comment: """""" // These may not actually make any difference at present (the code // behind addTrigger needs more work). """"""",DESIGN,DESIGN
"Self-admitted technical debt (SATD) is technical debt admitted by the developer through source code comments.
There are five types of software technical debts:

Implementation: Bad coding practices leading to poor legibility of code, making it difficult to understand and maintain.
Test: Problems found in implementations involving testing or monitoring subcomponents.
Defect: Identified defects in the system that should be addressed.
Design: Areas which violate good software design practices, causing poor flexibility to evolving business needs.
Documentation: Inadequate documentation that exists within the software system.

Choose and assign ONE label among: Implementation, Test, Defect, Design, or Documentation.

### Technical debt comment: """""" /**
     * The target model element
     * In UML1.x this is the element that owns the expression.
     * In UML2.x this is the expression itself
     * TODO: This makes behaviour different enough that separate subclasses
     * should be considered.
     */ """"""",DESIGN,DESIGN
"Self-admitted technical debt (SATD) is technical debt admitted by the developer through source code comments.
There are five types of software technical debts:

Implementation: Bad coding practices leading to poor legibility of code, making it difficult to understand and maintain.
Test: Problems found in implementations involving testing or monitoring subcomponents.
Defect: Identified defects in the system that should be addressed.
Design: Areas which violate good software design practices, causing poor flexibility to evolving business needs.
Documentation: Inadequate documentation that exists within the software system.

Choose and assign ONE label among: Implementation, Test, Defect, Design, or Documentation.

### Technical debt comment: """""" // TODO: This is actually now returning the scope of whoever called Method#to_proc // which is obviously wrong; but there's no scope to provide for many methods. // It fixes JRUBY-2237, but needs a better solution. """"""",DESIGN,DEFECT
"Self-admitted technical debt (SATD) is technical debt admitted by the developer through source code comments.
There are five types of software technical debts:

Implementation: Bad coding practices leading to poor legibility of code, making it difficult to understand and maintain.
Test: Problems found in implementations involving testing or monitoring subcomponents.
Defect: Identified defects in the system that should be addressed.
Design: Areas which violate good software design practices, causing poor flexibility to evolving business needs.
Documentation: Inadequate documentation that exists within the software system.

Choose and assign ONE label among: Implementation, Test, Defect, Design, or Documentation.

### Technical debt comment: """""" /* TODO: Why was this next line in the code so long? */ """"""",DESIGN,DESIGN
"Self-admitted technical debt (SATD) is technical debt admitted by the developer through source code comments.
There are five types of software technical debts:

Implementation: Bad coding practices leading to poor legibility of code, making it difficult to understand and maintain.
Test: Problems found in implementations involving testing or monitoring subcomponents.
Defect: Identified defects in the system that should be addressed.
Design: Areas which violate good software design practices, causing poor flexibility to evolving business needs.
Documentation: Inadequate documentation that exists within the software system.

Choose and assign ONE label among: Implementation, Test, Defect, Design, or Documentation.

### Technical debt comment: """""" /* TODO: We should use implicit nil for body, but problem (punt til later)*/ """"""",DEFECT,DEFECT
"Self-admitted technical debt (SATD) is technical debt admitted by the developer through source code comments.
There are five types of software technical debts:

Implementation: Bad coding practices leading to poor legibility of code, making it difficult to understand and maintain.
Test: Problems found in implementations involving testing or monitoring subcomponents.
Defect: Identified defects in the system that should be addressed.
Design: Areas which violate good software design practices, causing poor flexibility to evolving business needs.
Documentation: Inadequate documentation that exists within the software system.

Choose and assign ONE label among: Implementation, Test, Defect, Design, or Documentation.

### Technical debt comment: """""" // Keep the unexpanded path // TODO - allow directories to end with .jar by removing this check? """"""",DESIGN,DESIGN
"Self-admitted technical debt (SATD) is technical debt admitted by the developer through source code comments.
There are five types of software technical debts:

Implementation: Bad coding practices leading to poor legibility of code, making it difficult to understand and maintain.
Test: Problems found in implementations involving testing or monitoring subcomponents.
Defect: Identified defects in the system that should be addressed.
Design: Areas which violate good software design practices, causing poor flexibility to evolving business needs.
Documentation: Inadequate documentation that exists within the software system.

Choose and assign ONE label among: Implementation, Test, Defect, Design, or Documentation.

### Technical debt comment: """""" // TODO: When JDK1.4 is the earliest JDK supported // by Squirrel then remove the hardcoding of the // boolean data type. """"""",DESIGN,DESIGN
"Self-admitted technical debt (SATD) is technical debt admitted by the developer through source code comments.
There are five types of software technical debts:

Implementation: Bad coding practices leading to poor legibility of code, making it difficult to understand and maintain.
Test: Problems found in implementations involving testing or monitoring subcomponents.
Defect: Identified defects in the system that should be addressed.
Design: Areas which violate good software design practices, causing poor flexibility to evolving business needs.
Documentation: Inadequate documentation that exists within the software system.

Choose and assign ONE label among: Implementation, Test, Defect, Design, or Documentation.

### Technical debt comment: """""" /* SSS FIXME: Do we need to check if l is same as whatever popped? */ """"""",DESIGN,IMPLEMENTATION
"Self-admitted technical debt (SATD) is technical debt admitted by the developer through source code comments.
There are five types of software technical debts:

Implementation: Bad coding practices leading to poor legibility of code, making it difficult to understand and maintain.
Test: Problems found in implementations involving testing or monitoring subcomponents.
Defect: Identified defects in the system that should be addressed.
Design: Areas which violate good software design practices, causing poor flexibility to evolving business needs.
Documentation: Inadequate documentation that exists within the software system.

Choose and assign ONE label among: Implementation, Test, Defect, Design, or Documentation.

### Technical debt comment: """""" // FIXME: Arg may also be true, false, and nil and still be valid.  Strangely enough,  // protocol conversion is not happening in Ruby on this arg? """"""",DEFECT,DEFECT
"Self-admitted technical debt (SATD) is technical debt admitted by the developer through source code comments.
There are five types of software technical debts:

Implementation: Bad coding practices leading to poor legibility of code, making it difficult to understand and maintain.
Test: Problems found in implementations involving testing or monitoring subcomponents.
Defect: Identified defects in the system that should be addressed.
Design: Areas which violate good software design practices, causing poor flexibility to evolving business needs.
Documentation: Inadequate documentation that exists within the software system.

Choose and assign ONE label among: Implementation, Test, Defect, Design, or Documentation.

### Technical debt comment: """""" // TODO: this can be simplified to just //((Include) extend).setBase((UseCase) base); """"""",DESIGN,DESIGN
"Self-admitted technical debt (SATD) is technical debt admitted by the developer through source code comments.
There are five types of software technical debts:

Implementation: Bad coding practices leading to poor legibility of code, making it difficult to understand and maintain.
Test: Problems found in implementations involving testing or monitoring subcomponents.
Defect: Identified defects in the system that should be addressed.
Design: Areas which violate good software design practices, causing poor flexibility to evolving business needs.
Documentation: Inadequate documentation that exists within the software system.

Choose and assign ONE label among: Implementation, Test, Defect, Design, or Documentation.

### Technical debt comment: """""" // Needed the ""clazz_"" check to work around union-subclasses // TODO : is there a way to tell whether a persister is truly discrim-column based inheritence? """"""",DESIGN,DESIGN
"Self-admitted technical debt (SATD) is technical debt admitted by the developer through source code comments.
There are five types of software technical debts:

Implementation: Bad coding practices leading to poor legibility of code, making it difficult to understand and maintain.
Test: Problems found in implementations involving testing or monitoring subcomponents.
Defect: Identified defects in the system that should be addressed.
Design: Areas which violate good software design practices, causing poor flexibility to evolving business needs.
Documentation: Inadequate documentation that exists within the software system.

Choose and assign ONE label among: Implementation, Test, Defect, Design, or Documentation.

### Technical debt comment: """""" // TODO: Ruby re-checks that the buffer string hasn't been modified """"""",IMPLEMENTATION,IMPLEMENTATION
"Self-admitted technical debt (SATD) is technical debt admitted by the developer through source code comments.
There are five types of software technical debts:

Implementation: Bad coding practices leading to poor legibility of code, making it difficult to understand and maintain.
Test: Problems found in implementations involving testing or monitoring subcomponents.
Defect: Identified defects in the system that should be addressed.
Design: Areas which violate good software design practices, causing poor flexibility to evolving business needs.
Documentation: Inadequate documentation that exists within the software system.

Choose and assign ONE label among: Implementation, Test, Defect, Design, or Documentation.

### Technical debt comment: """""" // FIXME: this attribute is never used - deprecate? """"""",DESIGN,DESIGN
"Self-admitted technical debt (SATD) is technical debt admitted by the developer through source code comments.
There are five types of software technical debts:

Implementation: Bad coding practices leading to poor legibility of code, making it difficult to understand and maintain.
Test: Problems found in implementations involving testing or monitoring subcomponents.
Defect: Identified defects in the system that should be addressed.
Design: Areas which violate good software design practices, causing poor flexibility to evolving business needs.
Documentation: Inadequate documentation that exists within the software system.

Choose and assign ONE label among: Implementation, Test, Defect, Design, or Documentation.

### Technical debt comment: """""" /*
     *
     * A Dom tree panel for to display response as tree view author <a
     * href=""mailto:d.maung@mdl.com"">Dave Maung</a> 
     * TODO implement to find any nodes in the tree using TreePath.
     *
     */ """"""",DESIGN,IMPLEMENTATION
"Self-admitted technical debt (SATD) is technical debt admitted by the developer through source code comments.
There are five types of software technical debts:

Implementation: Bad coding practices leading to poor legibility of code, making it difficult to understand and maintain.
Test: Problems found in implementations involving testing or monitoring subcomponents.
Defect: Identified defects in the system that should be addressed.
Design: Areas which violate good software design practices, causing poor flexibility to evolving business needs.
Documentation: Inadequate documentation that exists within the software system.

Choose and assign ONE label among: Implementation, Test, Defect, Design, or Documentation.

### Technical debt comment: """""" /* TODO: We may return the following when the
         * relocate() has been implemented. */ """"""",IMPLEMENTATION,DESIGN
"Self-admitted technical debt (SATD) is technical debt admitted by the developer through source code comments.
There are five types of software technical debts:

Implementation: Bad coding practices leading to poor legibility of code, making it difficult to understand and maintain.
Test: Problems found in implementations involving testing or monitoring subcomponents.
Defect: Identified defects in the system that should be addressed.
Design: Areas which violate good software design practices, causing poor flexibility to evolving business needs.
Documentation: Inadequate documentation that exists within the software system.

Choose and assign ONE label among: Implementation, Test, Defect, Design, or Documentation.

### Technical debt comment: """""" /**
     * Utility function to localize the given string with help text,
     * and show it in the status bar of the ArgoUML window.
     * This function is used in favour of the inline call
     * to enable later improvements; e.g. it would be possible to
     * show a help-balloon. TODO: Work this out.
     * One matter to possibly improve: show multiple lines.
     *
     * @param s the given string to be localized and shown
     */ """"""",IMPLEMENTATION,DESIGN
"Self-admitted technical debt (SATD) is technical debt admitted by the developer through source code comments.
There are five types of software technical debts:

Implementation: Bad coding practices leading to poor legibility of code, making it difficult to understand and maintain.
Test: Problems found in implementations involving testing or monitoring subcomponents.
Defect: Identified defects in the system that should be addressed.
Design: Areas which violate good software design practices, causing poor flexibility to evolving business needs.
Documentation: Inadequate documentation that exists within the software system.

Choose and assign ONE label among: Implementation, Test, Defect, Design, or Documentation.

### Technical debt comment: """""" // Should we run a beanshell script on startup? // $NON-NLS-1$ """"""",DESIGN,DESIGN
"Self-admitted technical debt (SATD) is technical debt admitted by the developer through source code comments.
There are five types of software technical debts:

Implementation: Bad coding practices leading to poor legibility of code, making it difficult to understand and maintain.
Test: Problems found in implementations involving testing or monitoring subcomponents.
Defect: Identified defects in the system that should be addressed.
Design: Areas which violate good software design practices, causing poor flexibility to evolving business needs.
Documentation: Inadequate documentation that exists within the software system.

Choose and assign ONE label among: Implementation, Test, Defect, Design, or Documentation.

### Technical debt comment: """""" // FIXME:  This determine module is in a strange location and should somehow be in block """"""",DESIGN,DESIGN
"Self-admitted technical debt (SATD) is technical debt admitted by the developer through source code comments.
There are five types of software technical debts:

Implementation: Bad coding practices leading to poor legibility of code, making it difficult to understand and maintain.
Test: Problems found in implementations involving testing or monitoring subcomponents.
Defect: Identified defects in the system that should be addressed.
Design: Areas which violate good software design practices, causing poor flexibility to evolving business needs.
Documentation: Inadequate documentation that exists within the software system.

Choose and assign ONE label among: Implementation, Test, Defect, Design, or Documentation.

### Technical debt comment: """""" // TODO: cannot use generateSuffixes() - it handles the initial suffix differently. """"""",DEFECT,DESIGN
"Self-admitted technical debt (SATD) is technical debt admitted by the developer through source code comments.
There are five types of software technical debts:

Implementation: Bad coding practices leading to poor legibility of code, making it difficult to understand and maintain.
Test: Problems found in implementations involving testing or monitoring subcomponents.
Defect: Identified defects in the system that should be addressed.
Design: Areas which violate good software design practices, causing poor flexibility to evolving business needs.
Documentation: Inadequate documentation that exists within the software system.

Choose and assign ONE label among: Implementation, Test, Defect, Design, or Documentation.

### Technical debt comment: """""" // starts with an alias (old style) // semi-bad thing about this: can't re-alias another alias..... """"""",DEFECT,DESIGN
"Self-admitted technical debt (SATD) is technical debt admitted by the developer through source code comments.
There are five types of software technical debts:

Implementation: Bad coding practices leading to poor legibility of code, making it difficult to understand and maintain.
Test: Problems found in implementations involving testing or monitoring subcomponents.
Defect: Identified defects in the system that should be addressed.
Design: Areas which violate good software design practices, causing poor flexibility to evolving business needs.
Documentation: Inadequate documentation that exists within the software system.

Choose and assign ONE label among: Implementation, Test, Defect, Design, or Documentation.

### Technical debt comment: """""" /*
			Implement String += value;
			According to the JLS, value may be anything.
			In BeanShell, we'll disallow VOID (undefined) values.
			(or should we map them to the empty string?)
		*/ """"""",DESIGN,DESIGN
"Self-admitted technical debt (SATD) is technical debt admitted by the developer through source code comments.
There are five types of software technical debts:

Implementation: Bad coding practices leading to poor legibility of code, making it difficult to understand and maintain.
Test: Problems found in implementations involving testing or monitoring subcomponents.
Defect: Identified defects in the system that should be addressed.
Design: Areas which violate good software design practices, causing poor flexibility to evolving business needs.
Documentation: Inadequate documentation that exists within the software system.

Choose and assign ONE label among: Implementation, Test, Defect, Design, or Documentation.

### Technical debt comment: """""" /* this should be before dockables are initialized */ """"""",DESIGN,DESIGN
"Self-admitted technical debt (SATD) is technical debt admitted by the developer through source code comments.
There are five types of software technical debts:

Implementation: Bad coding practices leading to poor legibility of code, making it difficult to understand and maintain.
Test: Problems found in implementations involving testing or monitoring subcomponents.
Defect: Identified defects in the system that should be addressed.
Design: Areas which violate good software design practices, causing poor flexibility to evolving business needs.
Documentation: Inadequate documentation that exists within the software system.

Choose and assign ONE label among: Implementation, Test, Defect, Design, or Documentation.

### Technical debt comment: """""" //DMS Why not this? //new SubProgressMonitor(progressMonitor, 1)); """"""",DESIGN,DESIGN
"Self-admitted technical debt (SATD) is technical debt admitted by the developer through source code comments.
There are five types of software technical debts:

Implementation: Bad coding practices leading to poor legibility of code, making it difficult to understand and maintain.
Test: Problems found in implementations involving testing or monitoring subcomponents.
Defect: Identified defects in the system that should be addressed.
Design: Areas which violate good software design practices, causing poor flexibility to evolving business needs.
Documentation: Inadequate documentation that exists within the software system.

Choose and assign ONE label among: Implementation, Test, Defect, Design, or Documentation.

### Technical debt comment: """""" // TODO: After removing a region reset the overall // size of the node. """"""",IMPLEMENTATION,IMPLEMENTATION
"Self-admitted technical debt (SATD) is technical debt admitted by the developer through source code comments.
There are five types of software technical debts:

Implementation: Bad coding practices leading to poor legibility of code, making it difficult to understand and maintain.
Test: Problems found in implementations involving testing or monitoring subcomponents.
Defect: Identified defects in the system that should be addressed.
Design: Areas which violate good software design practices, causing poor flexibility to evolving business needs.
Documentation: Inadequate documentation that exists within the software system.

Choose and assign ONE label among: Implementation, Test, Defect, Design, or Documentation.

### Technical debt comment: """""" //{{{ UnixWorkaround constructor """"""",DESIGN,DESIGN
"Self-admitted technical debt (SATD) is technical debt admitted by the developer through source code comments.
There are five types of software technical debts:

Implementation: Bad coding practices leading to poor legibility of code, making it difficult to understand and maintain.
Test: Problems found in implementations involving testing or monitoring subcomponents.
Defect: Identified defects in the system that should be addressed.
Design: Areas which violate good software design practices, causing poor flexibility to evolving business needs.
Documentation: Inadequate documentation that exists within the software system.

Choose and assign ONE label among: Implementation, Test, Defect, Design, or Documentation.

### Technical debt comment: """""" // TODO: Why is this not executed?  Remove if not needed - tfm """"""",DESIGN,IMPLEMENTATION
"Self-admitted technical debt (SATD) is technical debt admitted by the developer through source code comments.
There are five types of software technical debts:

Implementation: Bad coding practices leading to poor legibility of code, making it difficult to understand and maintain.
Test: Problems found in implementations involving testing or monitoring subcomponents.
Defect: Identified defects in the system that should be addressed.
Design: Areas which violate good software design practices, causing poor flexibility to evolving business needs.
Documentation: Inadequate documentation that exists within the software system.

Choose and assign ONE label among: Implementation, Test, Defect, Design, or Documentation.

### Technical debt comment: """""" /* TODO: Replace the functioncall in the next line
                 * by .requestFocusInWindow() once
                 * we do not support Java 1.3 any more.
                 */ """"""",IMPLEMENTATION,IMPLEMENTATION
"Self-admitted technical debt (SATD) is technical debt admitted by the developer through source code comments.
There are five types of software technical debts:

Implementation: Bad coding practices leading to poor legibility of code, making it difficult to understand and maintain.
Test: Problems found in implementations involving testing or monitoring subcomponents.
Defect: Identified defects in the system that should be addressed.
Design: Areas which violate good software design practices, causing poor flexibility to evolving business needs.
Documentation: Inadequate documentation that exists within the software system.

Choose and assign ONE label among: Implementation, Test, Defect, Design, or Documentation.

### Technical debt comment: """""" //TODO: to handle concurrent writes correctly, this should return a Lock to the client """"""",DESIGN,DESIGN
"Self-admitted technical debt (SATD) is technical debt admitted by the developer through source code comments.
There are five types of software technical debts:

Implementation: Bad coding practices leading to poor legibility of code, making it difficult to understand and maintain.
Test: Problems found in implementations involving testing or monitoring subcomponents.
Defect: Identified defects in the system that should be addressed.
Design: Areas which violate good software design practices, causing poor flexibility to evolving business needs.
Documentation: Inadequate documentation that exists within the software system.

Choose and assign ONE label among: Implementation, Test, Defect, Design, or Documentation.

### Technical debt comment: """""" // don't call super.close() because that reader is used // on other places ... """"""",DESIGN,DESIGN
"Self-admitted technical debt (SATD) is technical debt admitted by the developer through source code comments.
There are five types of software technical debts:

Implementation: Bad coding practices leading to poor legibility of code, making it difficult to understand and maintain.
Test: Problems found in implementations involving testing or monitoring subcomponents.
Defect: Identified defects in the system that should be addressed.
Design: Areas which violate good software design practices, causing poor flexibility to evolving business needs.
Documentation: Inadequate documentation that exists within the software system.

Choose and assign ONE label among: Implementation, Test, Defect, Design, or Documentation.

### Technical debt comment: """""" // TODO see if we need to apply some line color and style to the // axis traces """"""",IMPLEMENTATION,DESIGN
"Self-admitted technical debt (SATD) is technical debt admitted by the developer through source code comments.
There are five types of software technical debts:

Implementation: Bad coding practices leading to poor legibility of code, making it difficult to understand and maintain.
Test: Problems found in implementations involving testing or monitoring subcomponents.
Defect: Identified defects in the system that should be addressed.
Design: Areas which violate good software design practices, causing poor flexibility to evolving business needs.
Documentation: Inadequate documentation that exists within the software system.

Choose and assign ONE label among: Implementation, Test, Defect, Design, or Documentation.

### Technical debt comment: """""" // TODO : not sure which (either?) is correct, could not find docs on how to do this. // did find various blogs and forums mentioning that select CURRENT_TIMESTAMP // does not work... """"""",DEFECT,DESIGN
"Self-admitted technical debt (SATD) is technical debt admitted by the developer through source code comments.
There are five types of software technical debts:

Implementation: Bad coding practices leading to poor legibility of code, making it difficult to understand and maintain.
Test: Problems found in implementations involving testing or monitoring subcomponents.
Defect: Identified defects in the system that should be addressed.
Design: Areas which violate good software design practices, causing poor flexibility to evolving business needs.
Documentation: Inadequate documentation that exists within the software system.

Choose and assign ONE label among: Implementation, Test, Defect, Design, or Documentation.

### Technical debt comment: """""" // TODO: TagDefinitions are gone from UML 2 // they are now Properties of Stereotypes; """"""",DESIGN,DESIGN
"Self-admitted technical debt (SATD) is technical debt admitted by the developer through source code comments.
There are five types of software technical debts:

Implementation: Bad coding practices leading to poor legibility of code, making it difficult to understand and maintain.
Test: Problems found in implementations involving testing or monitoring subcomponents.
Defect: Identified defects in the system that should be addressed.
Design: Areas which violate good software design practices, causing poor flexibility to evolving business needs.
Documentation: Inadequate documentation that exists within the software system.

Choose and assign ONE label among: Implementation, Test, Defect, Design, or Documentation.

### Technical debt comment: """""" /**
     * Utility function to localize the given string with help text, and show it
     * in the status bar of the ArgoUML window. This function is used in favour
     * of the inline call to enable later improvements; e.g. it would be
     * possible to show a help-balloon.
     * <p>
     * TODO: This code is also present in other root Figs...
     * 
     * @param s the given string to be localized and shown
     */ """"""",DESIGN,DESIGN
"Self-admitted technical debt (SATD) is technical debt admitted by the developer through source code comments.
There are five types of software technical debts:

Implementation: Bad coding practices leading to poor legibility of code, making it difficult to understand and maintain.
Test: Problems found in implementations involving testing or monitoring subcomponents.
Defect: Identified defects in the system that should be addressed.
Design: Areas which violate good software design practices, causing poor flexibility to evolving business needs.
Documentation: Inadequate documentation that exists within the software system.

Choose and assign ONE label among: Implementation, Test, Defect, Design, or Documentation.

### Technical debt comment: """""" // check the error stream for a problem // // This is a bit questionable since it is possible // for processes to output something on stderr // but continue processing.  But without this, some // problems are not seen (e.g. ""bad argument"" type // messages from the process). """"""",DESIGN,DESIGN
"Self-admitted technical debt (SATD) is technical debt admitted by the developer through source code comments.
There are five types of software technical debts:

Implementation: Bad coding practices leading to poor legibility of code, making it difficult to understand and maintain.
Test: Problems found in implementations involving testing or monitoring subcomponents.
Defect: Identified defects in the system that should be addressed.
Design: Areas which violate good software design practices, causing poor flexibility to evolving business needs.
Documentation: Inadequate documentation that exists within the software system.

Choose and assign ONE label among: Implementation, Test, Defect, Design, or Documentation.

### Technical debt comment: """""" // Allow the mimetype of the file to control the content type // This is not obvious in GUI if you are not uploading any files, // but just sending the content of nameless parameters // TODO: needs a multiple file upload scenerio """"""",IMPLEMENTATION,IMPLEMENTATION
"Self-admitted technical debt (SATD) is technical debt admitted by the developer through source code comments.
There are five types of software technical debts:

Implementation: Bad coding practices leading to poor legibility of code, making it difficult to understand and maintain.
Test: Problems found in implementations involving testing or monitoring subcomponents.
Defect: Identified defects in the system that should be addressed.
Design: Areas which violate good software design practices, causing poor flexibility to evolving business needs.
Documentation: Inadequate documentation that exists within the software system.

Choose and assign ONE label among: Implementation, Test, Defect, Design, or Documentation.

### Technical debt comment: """""" /**
     * TODO: Use the following function to have a dropdown set of tools:
     * ToolBarFactory.addItemsToToolBar(buttonPanel, actions, true);
     * Instead, this temporary solution:
     *
     * @param buttonPanel the toolbar
     * @param actions an array of actions representing the tool layout
     */ """"""",DESIGN,DESIGN
"Self-admitted technical debt (SATD) is technical debt admitted by the developer through source code comments.
There are five types of software technical debts:

Implementation: Bad coding practices leading to poor legibility of code, making it difficult to understand and maintain.
Test: Problems found in implementations involving testing or monitoring subcomponents.
Defect: Identified defects in the system that should be addressed.
Design: Areas which violate good software design practices, causing poor flexibility to evolving business needs.
Documentation: Inadequate documentation that exists within the software system.

Choose and assign ONE label among: Implementation, Test, Defect, Design, or Documentation.

### Technical debt comment: """""" // Hack to deal with Sybase's sys tables """"""",DESIGN,DESIGN
"Self-admitted technical debt (SATD) is technical debt admitted by the developer through source code comments.
There are five types of software technical debts:

Implementation: Bad coding practices leading to poor legibility of code, making it difficult to understand and maintain.
Test: Problems found in implementations involving testing or monitoring subcomponents.
Defect: Identified defects in the system that should be addressed.
Design: Areas which violate good software design practices, causing poor flexibility to evolving business needs.
Documentation: Inadequate documentation that exists within the software system.

Choose and assign ONE label among: Implementation, Test, Defect, Design, or Documentation.

### Technical debt comment: """""" // todo : i'd much rather have this done from #endLoadingCollection(CollectionPersister,LoadingCollectionEntry)... """"""",DESIGN,DESIGN
"Self-admitted technical debt (SATD) is technical debt admitted by the developer through source code comments.
There are five types of software technical debts:

Implementation: Bad coding practices leading to poor legibility of code, making it difficult to understand and maintain.
Test: Problems found in implementations involving testing or monitoring subcomponents.
Defect: Identified defects in the system that should be addressed.
Design: Areas which violate good software design practices, causing poor flexibility to evolving business needs.
Documentation: Inadequate documentation that exists within the software system.

Choose and assign ONE label among: Implementation, Test, Defect, Design, or Documentation.

### Technical debt comment: """""" // is it necessary to register %exact since it can only appear in a where clause? """"""",DESIGN,DESIGN
"Self-admitted technical debt (SATD) is technical debt admitted by the developer through source code comments.
There are five types of software technical debts:

Implementation: Bad coding practices leading to poor legibility of code, making it difficult to understand and maintain.
Test: Problems found in implementations involving testing or monitoring subcomponents.
Defect: Identified defects in the system that should be addressed.
Design: Areas which violate good software design practices, causing poor flexibility to evolving business needs.
Documentation: Inadequate documentation that exists within the software system.

Choose and assign ONE label among: Implementation, Test, Defect, Design, or Documentation.

### Technical debt comment: """""" //TODO: suck this into initLaziness! """"""",DESIGN,DESIGN
"Self-admitted technical debt (SATD) is technical debt admitted by the developer through source code comments.
There are five types of software technical debts:

Implementation: Bad coding practices leading to poor legibility of code, making it difficult to understand and maintain.
Test: Problems found in implementations involving testing or monitoring subcomponents.
Defect: Identified defects in the system that should be addressed.
Design: Areas which violate good software design practices, causing poor flexibility to evolving business needs.
Documentation: Inadequate documentation that exists within the software system.

Choose and assign ONE label among: Implementation, Test, Defect, Design, or Documentation.

### Technical debt comment: """""" /*
 * Find all beans out there and check their resource property files: - Check
 * that non-default property files don't have any extra keys. - Check all
 * necessary properties are defined at least in the default property file,
 * except for beans whose name contains ""Experimental"" or ""Alpha"". 
 * 
 * TODO: - Check property files don't have duplicate keys (is this important)
 * 
 */ """"""",DESIGN,DESIGN
"Self-admitted technical debt (SATD) is technical debt admitted by the developer through source code comments.
There are five types of software technical debts:

Implementation: Bad coding practices leading to poor legibility of code, making it difficult to understand and maintain.
Test: Problems found in implementations involving testing or monitoring subcomponents.
Defect: Identified defects in the system that should be addressed.
Design: Areas which violate good software design practices, causing poor flexibility to evolving business needs.
Documentation: Inadequate documentation that exists within the software system.

Choose and assign ONE label among: Implementation, Test, Defect, Design, or Documentation.

### Technical debt comment: """""" // TODO somehow show progress """"""",IMPLEMENTATION,DESIGN
"Self-admitted technical debt (SATD) is technical debt admitted by the developer through source code comments.
There are five types of software technical debts:

Implementation: Bad coding practices leading to poor legibility of code, making it difficult to understand and maintain.
Test: Problems found in implementations involving testing or monitoring subcomponents.
Defect: Identified defects in the system that should be addressed.
Design: Areas which violate good software design practices, causing poor flexibility to evolving business needs.
Documentation: Inadequate documentation that exists within the software system.

Choose and assign ONE label among: Implementation, Test, Defect, Design, or Documentation.

### Technical debt comment: """""" /**
	 * TODO: mvw: Would it not be better if this code
	 * would go in startTextEditor(), not overruling mouseClicked().
	 * But we made this fig not editable,
	 * to stop it from reacting on key-presses.
	 * Anyhow - this is a hack - abusing a FigText - GEF does
	 * not really support double-clicking on a Fig to trigger some action.
	 */ """"""",DESIGN,DESIGN
"Self-admitted technical debt (SATD) is technical debt admitted by the developer through source code comments.
There are five types of software technical debts:

Implementation: Bad coding practices leading to poor legibility of code, making it difficult to understand and maintain.
Test: Problems found in implementations involving testing or monitoring subcomponents.
Defect: Identified defects in the system that should be addressed.
Design: Areas which violate good software design practices, causing poor flexibility to evolving business needs.
Documentation: Inadequate documentation that exists within the software system.

Choose and assign ONE label among: Implementation, Test, Defect, Design, or Documentation.

### Technical debt comment: """""" //return cal.getTimeInMillis(); // preceding code won't work with JDK 1.3 """"""",DEFECT,DEFECT
"Self-admitted technical debt (SATD) is technical debt admitted by the developer through source code comments.
There are five types of software technical debts:

Implementation: Bad coding practices leading to poor legibility of code, making it difficult to understand and maintain.
Test: Problems found in implementations involving testing or monitoring subcomponents.
Defect: Identified defects in the system that should be addressed.
Design: Areas which violate good software design practices, causing poor flexibility to evolving business needs.
Documentation: Inadequate documentation that exists within the software system.

Choose and assign ONE label among: Implementation, Test, Defect, Design, or Documentation.

### Technical debt comment: """""" /*
         * Have we reached the reporting boundary?
         * Need to allow for a margin of error, otherwise can miss the slot.
         * Also need to check we've not hit the window already
         */ """"""",IMPLEMENTATION,IMPLEMENTATION
"Self-admitted technical debt (SATD) is technical debt admitted by the developer through source code comments.
There are five types of software technical debts:

Implementation: Bad coding practices leading to poor legibility of code, making it difficult to understand and maintain.
Test: Problems found in implementations involving testing or monitoring subcomponents.
Defect: Identified defects in the system that should be addressed.
Design: Areas which violate good software design practices, causing poor flexibility to evolving business needs.
Documentation: Inadequate documentation that exists within the software system.

Choose and assign ONE label among: Implementation, Test, Defect, Design, or Documentation.

### Technical debt comment: """""" // defer argument checking... """"""",DESIGN,DESIGN
"Self-admitted technical debt (SATD) is technical debt admitted by the developer through source code comments.
There are five types of software technical debts:

Implementation: Bad coding practices leading to poor legibility of code, making it difficult to understand and maintain.
Test: Problems found in implementations involving testing or monitoring subcomponents.
Defect: Identified defects in the system that should be addressed.
Design: Areas which violate good software design practices, causing poor flexibility to evolving business needs.
Documentation: Inadequate documentation that exists within the software system.

Choose and assign ONE label among: Implementation, Test, Defect, Design, or Documentation.

### Technical debt comment: """""" //TODO: always true for now, but not if we later decide to support elements() in the from clause """"""",IMPLEMENTATION,DESIGN
"Self-admitted technical debt (SATD) is technical debt admitted by the developer through source code comments.
There are five types of software technical debts:

Implementation: Bad coding practices leading to poor legibility of code, making it difficult to understand and maintain.
Test: Problems found in implementations involving testing or monitoring subcomponents.
Defect: Identified defects in the system that should be addressed.
Design: Areas which violate good software design practices, causing poor flexibility to evolving business needs.
Documentation: Inadequate documentation that exists within the software system.

Choose and assign ONE label among: Implementation, Test, Defect, Design, or Documentation.

### Technical debt comment: """""" //TODO: shift block over to right """"""",DESIGN,DESIGN
"Self-admitted technical debt (SATD) is technical debt admitted by the developer through source code comments.
There are five types of software technical debts:

Implementation: Bad coding practices leading to poor legibility of code, making it difficult to understand and maintain.
Test: Problems found in implementations involving testing or monitoring subcomponents.
Defect: Identified defects in the system that should be addressed.
Design: Areas which violate good software design practices, causing poor flexibility to evolving business needs.
Documentation: Inadequate documentation that exists within the software system.

Choose and assign ONE label among: Implementation, Test, Defect, Design, or Documentation.

### Technical debt comment: """""" /* Testing: Does not fire. Conflict with CrNameConflict. */ """"""",TEST,TEST
"Self-admitted technical debt (SATD) is technical debt admitted by the developer through source code comments.
There are five types of software technical debts:

Implementation: Bad coding practices leading to poor legibility of code, making it difficult to understand and maintain.
Test: Problems found in implementations involving testing or monitoring subcomponents.
Defect: Identified defects in the system that should be addressed.
Design: Areas which violate good software design practices, causing poor flexibility to evolving business needs.
Documentation: Inadequate documentation that exists within the software system.

Choose and assign ONE label among: Implementation, Test, Defect, Design, or Documentation.

### Technical debt comment: """""" // WORKAROUND: //  // System.setSecurityManager(null); // // This call effectly disables the sandbox mode and seems to work fine. // // Below I use another way. The policy for all classloaders is set to // ""all-permissions"". // Don't really know the difference though. """"""",DESIGN,DESIGN
"Self-admitted technical debt (SATD) is technical debt admitted by the developer through source code comments.
There are five types of software technical debts:

Implementation: Bad coding practices leading to poor legibility of code, making it difficult to understand and maintain.
Test: Problems found in implementations involving testing or monitoring subcomponents.
Defect: Identified defects in the system that should be addressed.
Design: Areas which violate good software design practices, causing poor flexibility to evolving business needs.
Documentation: Inadequate documentation that exists within the software system.

Choose and assign ONE label among: Implementation, Test, Defect, Design, or Documentation.

### Technical debt comment: """""" // ignore...bean doesn't get registered // TODO: Why does that bother me? """"""",DESIGN,DESIGN
"Self-admitted technical debt (SATD) is technical debt admitted by the developer through source code comments.
There are five types of software technical debts:

Implementation: Bad coding practices leading to poor legibility of code, making it difficult to understand and maintain.
Test: Problems found in implementations involving testing or monitoring subcomponents.
Defect: Identified defects in the system that should be addressed.
Design: Areas which violate good software design practices, causing poor flexibility to evolving business needs.
Documentation: Inadequate documentation that exists within the software system.

Choose and assign ONE label among: Implementation, Test, Defect, Design, or Documentation.

### Technical debt comment: """""" // I don't know if this should be run this deferred // because we might have to give the editor a chance to process the viewer update events // and hence to update the views first. // // """"""",IMPLEMENTATION,IMPLEMENTATION
"Self-admitted technical debt (SATD) is technical debt admitted by the developer through source code comments.
There are five types of software technical debts:

Implementation: Bad coding practices leading to poor legibility of code, making it difficult to understand and maintain.
Test: Problems found in implementations involving testing or monitoring subcomponents.
Defect: Identified defects in the system that should be addressed.
Design: Areas which violate good software design practices, causing poor flexibility to evolving business needs.
Documentation: Inadequate documentation that exists within the software system.

Choose and assign ONE label among: Implementation, Test, Defect, Design, or Documentation.

### Technical debt comment: """""" // not needed """"""",IMPLEMENTATION,IMPLEMENTATION
"Self-admitted technical debt (SATD) is technical debt admitted by the developer through source code comments.
There are five types of software technical debts:

Implementation: Bad coding practices leading to poor legibility of code, making it difficult to understand and maintain.
Test: Problems found in implementations involving testing or monitoring subcomponents.
Defect: Identified defects in the system that should be addressed.
Design: Areas which violate good software design practices, causing poor flexibility to evolving business needs.
Documentation: Inadequate documentation that exists within the software system.

Choose and assign ONE label among: Implementation, Test, Defect, Design, or Documentation.

### Technical debt comment: """""" /* TODO: This next line prevent loading a UseCase 
         * with a stereotype to grow. Why? */ """"""",IMPLEMENTATION,DEFECT
"Self-admitted technical debt (SATD) is technical debt admitted by the developer through source code comments.
There are five types of software technical debts:

Implementation: Bad coding practices leading to poor legibility of code, making it difficult to understand and maintain.
Test: Problems found in implementations involving testing or monitoring subcomponents.
Defect: Identified defects in the system that should be addressed.
Design: Areas which violate good software design practices, causing poor flexibility to evolving business needs.
Documentation: Inadequate documentation that exists within the software system.

Choose and assign ONE label among: Implementation, Test, Defect, Design, or Documentation.

### Technical debt comment: """""" // TODO: Rather than specifically ignore some item maybe it would be better // to specifically state what items are of interest. Otherwise we may still // be acting on other events we don't need """"""",DESIGN,DESIGN
"Self-admitted technical debt (SATD) is technical debt admitted by the developer through source code comments.
There are five types of software technical debts:

Implementation: Bad coding practices leading to poor legibility of code, making it difficult to understand and maintain.
Test: Problems found in implementations involving testing or monitoring subcomponents.
Defect: Identified defects in the system that should be addressed.
Design: Areas which violate good software design practices, causing poor flexibility to evolving business needs.
Documentation: Inadequate documentation that exists within the software system.

Choose and assign ONE label among: Implementation, Test, Defect, Design, or Documentation.

### Technical debt comment: """""" /*
         * This means that a new page will be shown before rendering is complete,
         * however the correct location will be displayed.
         * Attempts to use a ""page"" PropertyChangeListener to detect when the page
         * has been loaded failed to work any better. 
         */ """"""",DEFECT,DEFECT
"Self-admitted technical debt (SATD) is technical debt admitted by the developer through source code comments.
There are five types of software technical debts:

Implementation: Bad coding practices leading to poor legibility of code, making it difficult to understand and maintain.
Test: Problems found in implementations involving testing or monitoring subcomponents.
Defect: Identified defects in the system that should be addressed.
Design: Areas which violate good software design practices, causing poor flexibility to evolving business needs.
Documentation: Inadequate documentation that exists within the software system.

Choose and assign ONE label among: Implementation, Test, Defect, Design, or Documentation.

### Technical debt comment: """""" // XXX ignore attributes in a different NS ( maybe store them ? ) """"""",DESIGN,DESIGN
"Self-admitted technical debt (SATD) is technical debt admitted by the developer through source code comments.
There are five types of software technical debts:

Implementation: Bad coding practices leading to poor legibility of code, making it difficult to understand and maintain.
Test: Problems found in implementations involving testing or monitoring subcomponents.
Defect: Identified defects in the system that should be addressed.
Design: Areas which violate good software design practices, causing poor flexibility to evolving business needs.
Documentation: Inadequate documentation that exists within the software system.

Choose and assign ONE label among: Implementation, Test, Defect, Design, or Documentation.

### Technical debt comment: """""" // TODO: Should be anything allowed by current diagram """"""",IMPLEMENTATION,DESIGN
"Self-admitted technical debt (SATD) is technical debt admitted by the developer through source code comments.
There are five types of software technical debts:

Implementation: Bad coding practices leading to poor legibility of code, making it difficult to understand and maintain.
Test: Problems found in implementations involving testing or monitoring subcomponents.
Defect: Identified defects in the system that should be addressed.
Design: Areas which violate good software design practices, causing poor flexibility to evolving business needs.
Documentation: Inadequate documentation that exists within the software system.

Choose and assign ONE label among: Implementation, Test, Defect, Design, or Documentation.

### Technical debt comment: """""" // FIXME: perhaps we should clone the data list """"""",DESIGN,DESIGN
"Self-admitted technical debt (SATD) is technical debt admitted by the developer through source code comments.
There are five types of software technical debts:

Implementation: Bad coding practices leading to poor legibility of code, making it difficult to understand and maintain.
Test: Problems found in implementations involving testing or monitoring subcomponents.
Defect: Identified defects in the system that should be addressed.
Design: Areas which violate good software design practices, causing poor flexibility to evolving business needs.
Documentation: Inadequate documentation that exists within the software system.

Choose and assign ONE label among: Implementation, Test, Defect, Design, or Documentation.

### Technical debt comment: """""" /* FIXME: arg_concat missing for opt_call_args*/ """"""",IMPLEMENTATION,IMPLEMENTATION
"Self-admitted technical debt (SATD) is technical debt admitted by the developer through source code comments.
There are five types of software technical debts:

Implementation: Bad coding practices leading to poor legibility of code, making it difficult to understand and maintain.
Test: Problems found in implementations involving testing or monitoring subcomponents.
Defect: Identified defects in the system that should be addressed.
Design: Areas which violate good software design practices, causing poor flexibility to evolving business needs.
Documentation: Inadequate documentation that exists within the software system.

Choose and assign ONE label among: Implementation, Test, Defect, Design, or Documentation.

### Technical debt comment: """""" // TODO Ignore for now. """"""",IMPLEMENTATION,IMPLEMENTATION
"Self-admitted technical debt (SATD) is technical debt admitted by the developer through source code comments.
There are five types of software technical debts:

Implementation: Bad coding practices leading to poor legibility of code, making it difficult to understand and maintain.
Test: Problems found in implementations involving testing or monitoring subcomponents.
Defect: Identified defects in the system that should be addressed.
Design: Areas which violate good software design practices, causing poor flexibility to evolving business needs.
Documentation: Inadequate documentation that exists within the software system.

Choose and assign ONE label among: Implementation, Test, Defect, Design, or Documentation.

### Technical debt comment: """""" // TODO // Plugin supports only the main session window """"""",IMPLEMENTATION,IMPLEMENTATION
"Self-admitted technical debt (SATD) is technical debt admitted by the developer through source code comments.
There are five types of software technical debts:

Implementation: Bad coding practices leading to poor legibility of code, making it difficult to understand and maintain.
Test: Problems found in implementations involving testing or monitoring subcomponents.
Defect: Identified defects in the system that should be addressed.
Design: Areas which violate good software design practices, causing poor flexibility to evolving business needs.
Documentation: Inadequate documentation that exists within the software system.

Choose and assign ONE label among: Implementation, Test, Defect, Design, or Documentation.

### Technical debt comment: """""" // TODO: implement """"""",IMPLEMENTATION,IMPLEMENTATION
"Self-admitted technical debt (SATD) is technical debt admitted by the developer through source code comments.
There are five types of software technical debts:

Implementation: Bad coding practices leading to poor legibility of code, making it difficult to understand and maintain.
Test: Problems found in implementations involving testing or monitoring subcomponents.
Defect: Identified defects in the system that should be addressed.
Design: Areas which violate good software design practices, causing poor flexibility to evolving business needs.
Documentation: Inadequate documentation that exists within the software system.

Choose and assign ONE label among: Implementation, Test, Defect, Design, or Documentation.

### Technical debt comment: """""" // N.B. Commons IO IOUtils has equivalent methods; these were added before IO was included // TODO - perhaps deprecate these in favour of Commons IO? """"""",DESIGN,DESIGN
"Self-admitted technical debt (SATD) is technical debt admitted by the developer through source code comments.
There are five types of software technical debts:

Implementation: Bad coding practices leading to poor legibility of code, making it difficult to understand and maintain.
Test: Problems found in implementations involving testing or monitoring subcomponents.
Defect: Identified defects in the system that should be addressed.
Design: Areas which violate good software design practices, causing poor flexibility to evolving business needs.
Documentation: Inadequate documentation that exists within the software system.

Choose and assign ONE label among: Implementation, Test, Defect, Design, or Documentation.

### Technical debt comment: """""" // TODO: synchronized is required here as there can be some  // concurrent modification problems when drawing a call message and // having that automatically draw the reply. Maybe fixing the TODO // below will resolve this and the synch can go. """"""",DEFECT,DESIGN
"Self-admitted technical debt (SATD) is technical debt admitted by the developer through source code comments.
There are five types of software technical debts:

Implementation: Bad coding practices leading to poor legibility of code, making it difficult to understand and maintain.
Test: Problems found in implementations involving testing or monitoring subcomponents.
Defect: Identified defects in the system that should be addressed.
Design: Areas which violate good software design practices, causing poor flexibility to evolving business needs.
Documentation: Inadequate documentation that exists within the software system.

Choose and assign ONE label among: Implementation, Test, Defect, Design, or Documentation.

### Technical debt comment: """""" /**
 * TODO: This is currently just a mechanical merge of the tests in
 * from the generic Model test and the NSUML tests.  They need to be
 * reviewed & merged.
 *
 * @author euluis
 * @since 0.19.2
 * @version 0.00
 */ """"""",DESIGN,TEST
"Self-admitted technical debt (SATD) is technical debt admitted by the developer through source code comments.
There are five types of software technical debts:

Implementation: Bad coding practices leading to poor legibility of code, making it difficult to understand and maintain.
Test: Problems found in implementations involving testing or monitoring subcomponents.
Defect: Identified defects in the system that should be addressed.
Design: Areas which violate good software design practices, causing poor flexibility to evolving business needs.
Documentation: Inadequate documentation that exists within the software system.

Choose and assign ONE label among: Implementation, Test, Defect, Design, or Documentation.

### Technical debt comment: """""" // TODO: check the return value here """"""",IMPLEMENTATION,IMPLEMENTATION
"Self-admitted technical debt (SATD) is technical debt admitted by the developer through source code comments.
There are five types of software technical debts:

Implementation: Bad coding practices leading to poor legibility of code, making it difficult to understand and maintain.
Test: Problems found in implementations involving testing or monitoring subcomponents.
Defect: Identified defects in the system that should be addressed.
Design: Areas which violate good software design practices, causing poor flexibility to evolving business needs.
Documentation: Inadequate documentation that exists within the software system.

Choose and assign ONE label among: Implementation, Test, Defect, Design, or Documentation.

### Technical debt comment: """""" // This refactoring depends on the following API methods: // getCreateTableSQL """"""",DESIGN,DESIGN
"Self-admitted technical debt (SATD) is technical debt admitted by the developer through source code comments.
There are five types of software technical debts:

Implementation: Bad coding practices leading to poor legibility of code, making it difficult to understand and maintain.
Test: Problems found in implementations involving testing or monitoring subcomponents.
Defect: Identified defects in the system that should be addressed.
Design: Areas which violate good software design practices, causing poor flexibility to evolving business needs.
Documentation: Inadequate documentation that exists within the software system.

Choose and assign ONE label among: Implementation, Test, Defect, Design, or Documentation.

### Technical debt comment: """""" // TODO add test methods here. The name must begin with 'test'. For example: """"""",TEST,TEST
"Self-admitted technical debt (SATD) is technical debt admitted by the developer through source code comments.
There are five types of software technical debts:

Implementation: Bad coding practices leading to poor legibility of code, making it difficult to understand and maintain.
Test: Problems found in implementations involving testing or monitoring subcomponents.
Defect: Identified defects in the system that should be addressed.
Design: Areas which violate good software design practices, causing poor flexibility to evolving business needs.
Documentation: Inadequate documentation that exists within the software system.

Choose and assign ONE label among: Implementation, Test, Defect, Design, or Documentation.

### Technical debt comment: """""" // TODO: at the point where we are resolving collection references, we don't // know if the uk value has been resolved (depends if it was earlier or // later in the mapping document) - now, we could try and use e.getStatus() // to decide to semiResolve(), trouble is that initializeEntity() reuses // the same array for resolved and hydrated values """"""",DEFECT,DESIGN
"Self-admitted technical debt (SATD) is technical debt admitted by the developer through source code comments.
There are five types of software technical debts:

Implementation: Bad coding practices leading to poor legibility of code, making it difficult to understand and maintain.
Test: Problems found in implementations involving testing or monitoring subcomponents.
Defect: Identified defects in the system that should be addressed.
Design: Areas which violate good software design practices, causing poor flexibility to evolving business needs.
Documentation: Inadequate documentation that exists within the software system.

Choose and assign ONE label among: Implementation, Test, Defect, Design, or Documentation.

### Technical debt comment: """""" // yuck! """"""",DESIGN,DESIGN
"Self-admitted technical debt (SATD) is technical debt admitted by the developer through source code comments.
There are five types of software technical debts:

Implementation: Bad coding practices leading to poor legibility of code, making it difficult to understand and maintain.
Test: Problems found in implementations involving testing or monitoring subcomponents.
Defect: Identified defects in the system that should be addressed.
Design: Areas which violate good software design practices, causing poor flexibility to evolving business needs.
Documentation: Inadequate documentation that exists within the software system.

Choose and assign ONE label among: Implementation, Test, Defect, Design, or Documentation.

### Technical debt comment: """""" // small hack to save a cast later on """"""",DESIGN,DESIGN
"Self-admitted technical debt (SATD) is technical debt admitted by the developer through source code comments.
There are five types of software technical debts:

Implementation: Bad coding practices leading to poor legibility of code, making it difficult to understand and maintain.
Test: Problems found in implementations involving testing or monitoring subcomponents.
Defect: Identified defects in the system that should be addressed.
Design: Areas which violate good software design practices, causing poor flexibility to evolving business needs.
Documentation: Inadequate documentation that exists within the software system.

Choose and assign ONE label among: Implementation, Test, Defect, Design, or Documentation.

### Technical debt comment: """""" // TODO: don't require pop """"""",DEFECT,DEFECT
"Self-admitted technical debt (SATD) is technical debt admitted by the developer through source code comments.
There are five types of software technical debts:

Implementation: Bad coding practices leading to poor legibility of code, making it difficult to understand and maintain.
Test: Problems found in implementations involving testing or monitoring subcomponents.
Defect: Identified defects in the system that should be addressed.
Design: Areas which violate good software design practices, causing poor flexibility to evolving business needs.
Documentation: Inadequate documentation that exists within the software system.

Choose and assign ONE label among: Implementation, Test, Defect, Design, or Documentation.

### Technical debt comment: """""" // call the workaround """"""",DESIGN,DESIGN
"Self-admitted technical debt (SATD) is technical debt admitted by the developer through source code comments.
There are five types of software technical debts:

Implementation: Bad coding practices leading to poor legibility of code, making it difficult to understand and maintain.
Test: Problems found in implementations involving testing or monitoring subcomponents.
Defect: Identified defects in the system that should be addressed.
Design: Areas which violate good software design practices, causing poor flexibility to evolving business needs.
Documentation: Inadequate documentation that exists within the software system.

Choose and assign ONE label among: Implementation, Test, Defect, Design, or Documentation.

### Technical debt comment: """""" /*
     * Holder for storing cache details.
     * Perhaps add original response later?
     */ """"""",DESIGN,DESIGN
"Self-admitted technical debt (SATD) is technical debt admitted by the developer through source code comments.
There are five types of software technical debts:

Implementation: Bad coding practices leading to poor legibility of code, making it difficult to understand and maintain.
Test: Problems found in implementations involving testing or monitoring subcomponents.
Defect: Identified defects in the system that should be addressed.
Design: Areas which violate good software design practices, causing poor flexibility to evolving business needs.
Documentation: Inadequate documentation that exists within the software system.

Choose and assign ONE label among: Implementation, Test, Defect, Design, or Documentation.

### Technical debt comment: """""" // TODO: I18N required """"""",IMPLEMENTATION,IMPLEMENTATION
"Self-admitted technical debt (SATD) is technical debt admitted by the developer through source code comments.
There are five types of software technical debts:

Implementation: Bad coding practices leading to poor legibility of code, making it difficult to understand and maintain.
Test: Problems found in implementations involving testing or monitoring subcomponents.
Defect: Identified defects in the system that should be addressed.
Design: Areas which violate good software design practices, causing poor flexibility to evolving business needs.
Documentation: Inadequate documentation that exists within the software system.

Choose and assign ONE label among: Implementation, Test, Defect, Design, or Documentation.

### Technical debt comment: """""" // TODO: This references the concrete factory // We need a factories factory """"""",DESIGN,DESIGN
"Self-admitted technical debt (SATD) is technical debt admitted by the developer through source code comments.
There are five types of software technical debts:

Implementation: Bad coding practices leading to poor legibility of code, making it difficult to understand and maintain.
Test: Problems found in implementations involving testing or monitoring subcomponents.
Defect: Identified defects in the system that should be addressed.
Design: Areas which violate good software design practices, causing poor flexibility to evolving business needs.
Documentation: Inadequate documentation that exists within the software system.

Choose and assign ONE label among: Implementation, Test, Defect, Design, or Documentation.

### Technical debt comment: """""" /**
     * The singleton instance.
     *
     * TODO: Why is this a singleton? Wouldn't it be better to have exactly
     * one for every Explorer?
     */ """"""",DESIGN,DESIGN
"Self-admitted technical debt (SATD) is technical debt admitted by the developer through source code comments.
There are five types of software technical debts:

Implementation: Bad coding practices leading to poor legibility of code, making it difficult to understand and maintain.
Test: Problems found in implementations involving testing or monitoring subcomponents.
Defect: Identified defects in the system that should be addressed.
Design: Areas which violate good software design practices, causing poor flexibility to evolving business needs.
Documentation: Inadequate documentation that exists within the software system.

Choose and assign ONE label among: Implementation, Test, Defect, Design, or Documentation.

### Technical debt comment: """""" // installColorsAndFont needs to be run twice. Background and foreground // colors only work if run after the super call but font only works if run // before the super call. May be a bug in JDK 1.4 """"""",DEFECT,IMPLEMENTATION
"Self-admitted technical debt (SATD) is technical debt admitted by the developer through source code comments.
There are five types of software technical debts:

Implementation: Bad coding practices leading to poor legibility of code, making it difficult to understand and maintain.
Test: Problems found in implementations involving testing or monitoring subcomponents.
Defect: Identified defects in the system that should be addressed.
Design: Areas which violate good software design practices, causing poor flexibility to evolving business needs.
Documentation: Inadequate documentation that exists within the software system.

Choose and assign ONE label among: Implementation, Test, Defect, Design, or Documentation.

### Technical debt comment: """""" // Some dbs (like McKoi) make -1 the default for scale.  Apply the  // same hack as above. """"""",DESIGN,DEFECT
"Self-admitted technical debt (SATD) is technical debt admitted by the developer through source code comments.
There are five types of software technical debts:

Implementation: Bad coding practices leading to poor legibility of code, making it difficult to understand and maintain.
Test: Problems found in implementations involving testing or monitoring subcomponents.
Defect: Identified defects in the system that should be addressed.
Design: Areas which violate good software design practices, causing poor flexibility to evolving business needs.
Documentation: Inadequate documentation that exists within the software system.

Choose and assign ONE label among: Implementation, Test, Defect, Design, or Documentation.

### Technical debt comment: """""" // TODO: This only works if the item is visible // (all its parents are expanded) // getExpandedDescendants, makeVisible """"""",DEFECT,DEFECT
"Self-admitted technical debt (SATD) is technical debt admitted by the developer through source code comments.
There are five types of software technical debts:

Implementation: Bad coding practices leading to poor legibility of code, making it difficult to understand and maintain.
Test: Problems found in implementations involving testing or monitoring subcomponents.
Defect: Identified defects in the system that should be addressed.
Design: Areas which violate good software design practices, causing poor flexibility to evolving business needs.
Documentation: Inadequate documentation that exists within the software system.

Choose and assign ONE label among: Implementation, Test, Defect, Design, or Documentation.

### Technical debt comment: """""" // TODO finish unmarshalling of all available properties """"""",IMPLEMENTATION,IMPLEMENTATION
"Self-admitted technical debt (SATD) is technical debt admitted by the developer through source code comments.
There are five types of software technical debts:

Implementation: Bad coding practices leading to poor legibility of code, making it difficult to understand and maintain.
Test: Problems found in implementations involving testing or monitoring subcomponents.
Defect: Identified defects in the system that should be addressed.
Design: Areas which violate good software design practices, causing poor flexibility to evolving business needs.
Documentation: Inadequate documentation that exists within the software system.

Choose and assign ONE label among: Implementation, Test, Defect, Design, or Documentation.

### Technical debt comment: """""" // defer argument checking... """"""",DESIGN,DESIGN
"Self-admitted technical debt (SATD) is technical debt admitted by the developer through source code comments.
There are five types of software technical debts:

Implementation: Bad coding practices leading to poor legibility of code, making it difficult to understand and maintain.
Test: Problems found in implementations involving testing or monitoring subcomponents.
Defect: Identified defects in the system that should be addressed.
Design: Areas which violate good software design practices, causing poor flexibility to evolving business needs.
Documentation: Inadequate documentation that exists within the software system.

Choose and assign ONE label among: Implementation, Test, Defect, Design, or Documentation.

### Technical debt comment: """""" // We assume, that every output, jikes does, stands for an error/warning // XXX // Is this correct? """"""",DESIGN,DESIGN
"Self-admitted technical debt (SATD) is technical debt admitted by the developer through source code comments.
There are five types of software technical debts:

Implementation: Bad coding practices leading to poor legibility of code, making it difficult to understand and maintain.
Test: Problems found in implementations involving testing or monitoring subcomponents.
Defect: Identified defects in the system that should be addressed.
Design: Areas which violate good software design practices, causing poor flexibility to evolving business needs.
Documentation: Inadequate documentation that exists within the software system.

Choose and assign ONE label among: Implementation, Test, Defect, Design, or Documentation.

### Technical debt comment: """""" //  PR: I do not know what to do if the object class //      has multiple defines //      but this is for logging only... """"""",DESIGN,DESIGN
"Self-admitted technical debt (SATD) is technical debt admitted by the developer through source code comments.
There are five types of software technical debts:

Implementation: Bad coding practices leading to poor legibility of code, making it difficult to understand and maintain.
Test: Problems found in implementations involving testing or monitoring subcomponents.
Defect: Identified defects in the system that should be addressed.
Design: Areas which violate good software design practices, causing poor flexibility to evolving business needs.
Documentation: Inadequate documentation that exists within the software system.

Choose and assign ONE label among: Implementation, Test, Defect, Design, or Documentation.

### Technical debt comment: """""" // TODO: This should fetch the stereotype from our profile """"""",DESIGN,DESIGN
"Self-admitted technical debt (SATD) is technical debt admitted by the developer through source code comments.
There are five types of software technical debts:

Implementation: Bad coding practices leading to poor legibility of code, making it difficult to understand and maintain.
Test: Problems found in implementations involving testing or monitoring subcomponents.
Defect: Identified defects in the system that should be addressed.
Design: Areas which violate good software design practices, causing poor flexibility to evolving business needs.
Documentation: Inadequate documentation that exists within the software system.

Choose and assign ONE label among: Implementation, Test, Defect, Design, or Documentation.

### Technical debt comment: """""" // TODO: should not be using assert here but I don't want to change to // IllegalStateException at lead up to a release as I don't know how // much testing is done with assert on. """"""",TEST,TEST
"Self-admitted technical debt (SATD) is technical debt admitted by the developer through source code comments.
There are five types of software technical debts:

Implementation: Bad coding practices leading to poor legibility of code, making it difficult to understand and maintain.
Test: Problems found in implementations involving testing or monitoring subcomponents.
Defect: Identified defects in the system that should be addressed.
Design: Areas which violate good software design practices, causing poor flexibility to evolving business needs.
Documentation: Inadequate documentation that exists within the software system.

Choose and assign ONE label among: Implementation, Test, Defect, Design, or Documentation.

### Technical debt comment: """""" // TODO: this should call the single namespace form // getStereotype(it2.next(); stereo); """"""",DESIGN,DESIGN
"Self-admitted technical debt (SATD) is technical debt admitted by the developer through source code comments.
There are five types of software technical debts:

Implementation: Bad coding practices leading to poor legibility of code, making it difficult to understand and maintain.
Test: Problems found in implementations involving testing or monitoring subcomponents.
Defect: Identified defects in the system that should be addressed.
Design: Areas which violate good software design practices, causing poor flexibility to evolving business needs.
Documentation: Inadequate documentation that exists within the software system.

Choose and assign ONE label among: Implementation, Test, Defect, Design, or Documentation.

### Technical debt comment: """""" // FIXME: Translate this call below! // s.unwrapPassedBlock(); """"""",IMPLEMENTATION,IMPLEMENTATION
"Self-admitted technical debt (SATD) is technical debt admitted by the developer through source code comments.
There are five types of software technical debts:

Implementation: Bad coding practices leading to poor legibility of code, making it difficult to understand and maintain.
Test: Problems found in implementations involving testing or monitoring subcomponents.
Defect: Identified defects in the system that should be addressed.
Design: Areas which violate good software design practices, causing poor flexibility to evolving business needs.
Documentation: Inadequate documentation that exists within the software system.

Choose and assign ONE label among: Implementation, Test, Defect, Design, or Documentation.

### Technical debt comment: """""" // This is here because addCompletionsAtListBegin() won't work when // schema info is still loading """"""",DEFECT,DESIGN
"Self-admitted technical debt (SATD) is technical debt admitted by the developer through source code comments.
There are five types of software technical debts:

Implementation: Bad coding practices leading to poor legibility of code, making it difficult to understand and maintain.
Test: Problems found in implementations involving testing or monitoring subcomponents.
Defect: Identified defects in the system that should be addressed.
Design: Areas which violate good software design practices, causing poor flexibility to evolving business needs.
Documentation: Inadequate documentation that exists within the software system.

Choose and assign ONE label among: Implementation, Test, Defect, Design, or Documentation.

### Technical debt comment: """""" // TODO: i18n """"""",IMPLEMENTATION,IMPLEMENTATION
"Self-admitted technical debt (SATD) is technical debt admitted by the developer through source code comments.
There are five types of software technical debts:

Implementation: Bad coding practices leading to poor legibility of code, making it difficult to understand and maintain.
Test: Problems found in implementations involving testing or monitoring subcomponents.
Defect: Identified defects in the system that should be addressed.
Design: Areas which violate good software design practices, causing poor flexibility to evolving business needs.
Documentation: Inadequate documentation that exists within the software system.

Choose and assign ONE label among: Implementation, Test, Defect, Design, or Documentation.

### Technical debt comment: """""" /**
     * FIXME Per the RegionFactory class Javadoc, this constructor version
     * should not be necessary.
     * 
     * @param props The configuration properties
     */ """"""",DESIGN,DESIGN
"Self-admitted technical debt (SATD) is technical debt admitted by the developer through source code comments.
There are five types of software technical debts:

Implementation: Bad coding practices leading to poor legibility of code, making it difficult to understand and maintain.
Test: Problems found in implementations involving testing or monitoring subcomponents.
Defect: Identified defects in the system that should be addressed.
Design: Areas which violate good software design practices, causing poor flexibility to evolving business needs.
Documentation: Inadequate documentation that exists within the software system.

Choose and assign ONE label among: Implementation, Test, Defect, Design, or Documentation.

### Technical debt comment: """""" // These may not actually make any difference at present (the code // behind addTrigger needs more work). """"""",DESIGN,DESIGN
"Self-admitted technical debt (SATD) is technical debt admitted by the developer through source code comments.
There are five types of software technical debts:

Implementation: Bad coding practices leading to poor legibility of code, making it difficult to understand and maintain.
Test: Problems found in implementations involving testing or monitoring subcomponents.
Defect: Identified defects in the system that should be addressed.
Design: Areas which violate good software design practices, causing poor flexibility to evolving business needs.
Documentation: Inadequate documentation that exists within the software system.

Choose and assign ONE label among: Implementation, Test, Defect, Design, or Documentation.

### Technical debt comment: """""" // Need a better way to define the suffixes here... """"""",DESIGN,DESIGN
"Self-admitted technical debt (SATD) is technical debt admitted by the developer through source code comments.
There are five types of software technical debts:

Implementation: Bad coding practices leading to poor legibility of code, making it difficult to understand and maintain.
Test: Problems found in implementations involving testing or monitoring subcomponents.
Defect: Identified defects in the system that should be addressed.
Design: Areas which violate good software design practices, causing poor flexibility to evolving business needs.
Documentation: Inadequate documentation that exists within the software system.

Choose and assign ONE label among: Implementation, Test, Defect, Design, or Documentation.

### Technical debt comment: """""" /* this should just bring back one table, i hope. */ """"""",DESIGN,DESIGN
"Self-admitted technical debt (SATD) is technical debt admitted by the developer through source code comments.
There are five types of software technical debts:

Implementation: Bad coding practices leading to poor legibility of code, making it difficult to understand and maintain.
Test: Problems found in implementations involving testing or monitoring subcomponents.
Defect: Identified defects in the system that should be addressed.
Design: Areas which violate good software design practices, causing poor flexibility to evolving business needs.
Documentation: Inadequate documentation that exists within the software system.

Choose and assign ONE label among: Implementation, Test, Defect, Design, or Documentation.

### Technical debt comment: """""" /*
		Note: we need a form of eval that passes the callstack through...
	*/ """"""",DESIGN,DESIGN
"Self-admitted technical debt (SATD) is technical debt admitted by the developer through source code comments.
There are five types of software technical debts:

Implementation: Bad coding practices leading to poor legibility of code, making it difficult to understand and maintain.
Test: Problems found in implementations involving testing or monitoring subcomponents.
Defect: Identified defects in the system that should be addressed.
Design: Areas which violate good software design practices, causing poor flexibility to evolving business needs.
Documentation: Inadequate documentation that exists within the software system.

Choose and assign ONE label among: Implementation, Test, Defect, Design, or Documentation.

### Technical debt comment: """""" // TODO: we really want to be able replace the initial content handler // which is passed to SAX, but we can't do this without cloning a // whole bunch of code because it's private in the super class. """"""",DESIGN,DESIGN
"Self-admitted technical debt (SATD) is technical debt admitted by the developer through source code comments.
There are five types of software technical debts:

Implementation: Bad coding practices leading to poor legibility of code, making it difficult to understand and maintain.
Test: Problems found in implementations involving testing or monitoring subcomponents.
Defect: Identified defects in the system that should be addressed.
Design: Areas which violate good software design practices, causing poor flexibility to evolving business needs.
Documentation: Inadequate documentation that exists within the software system.

Choose and assign ONE label among: Implementation, Test, Defect, Design, or Documentation.

### Technical debt comment: """""" //??? For now, use the same renderer as everyone else. //?? //?? IN FUTURE: change this to use a new instance of renederer //?? for this data type. """"""",DESIGN,DESIGN
"Self-admitted technical debt (SATD) is technical debt admitted by the developer through source code comments.
There are five types of software technical debts:

Implementation: Bad coding practices leading to poor legibility of code, making it difficult to understand and maintain.
Test: Problems found in implementations involving testing or monitoring subcomponents.
Defect: Identified defects in the system that should be addressed.
Design: Areas which violate good software design practices, causing poor flexibility to evolving business needs.
Documentation: Inadequate documentation that exists within the software system.

Choose and assign ONE label among: Implementation, Test, Defect, Design, or Documentation.

### Technical debt comment: """""" // XXX: (Jon Skeet) Any reason for writing a message and then using a bare // RuntimeException rather than just using a BuildException here? Is it // in case the message could end up being written to no loggers (as the // loggers could have failed to be created due to this failure)? """"""",DESIGN,DESIGN
"Self-admitted technical debt (SATD) is technical debt admitted by the developer through source code comments.
There are five types of software technical debts:

Implementation: Bad coding practices leading to poor legibility of code, making it difficult to understand and maintain.
Test: Problems found in implementations involving testing or monitoring subcomponents.
Defect: Identified defects in the system that should be addressed.
Design: Areas which violate good software design practices, causing poor flexibility to evolving business needs.
Documentation: Inadequate documentation that exists within the software system.

Choose and assign ONE label among: Implementation, Test, Defect, Design, or Documentation.

### Technical debt comment: """""" // This is turned off temporarily. There appears to be a bug // in SelectorUtils.matchPattern() where it is recursive on // Windows even if no ** is in pattern. //assertEquals(""FFFTFFFFFFFF"", results); // Unix // vs //assertEquals(""FFFTFFFFTFFF"", results); // Windows """"""",DEFECT,DEFECT
"Self-admitted technical debt (SATD) is technical debt admitted by the developer through source code comments.
There are five types of software technical debts:

Implementation: Bad coding practices leading to poor legibility of code, making it difficult to understand and maintain.
Test: Problems found in implementations involving testing or monitoring subcomponents.
Defect: Identified defects in the system that should be addressed.
Design: Areas which violate good software design practices, causing poor flexibility to evolving business needs.
Documentation: Inadequate documentation that exists within the software system.

Choose and assign ONE label among: Implementation, Test, Defect, Design, or Documentation.

### Technical debt comment: """""" // brand new collection //TODO: or an array!! we can't lock objects with arrays now?? """"""",DESIGN,DESIGN
"Self-admitted technical debt (SATD) is technical debt admitted by the developer through source code comments.
There are five types of software technical debts:

Implementation: Bad coding practices leading to poor legibility of code, making it difficult to understand and maintain.
Test: Problems found in implementations involving testing or monitoring subcomponents.
Defect: Identified defects in the system that should be addressed.
Design: Areas which violate good software design practices, causing poor flexibility to evolving business needs.
Documentation: Inadequate documentation that exists within the software system.

Choose and assign ONE label among: Implementation, Test, Defect, Design, or Documentation.

### Technical debt comment: """""" // this part sucks """"""",DESIGN,DESIGN
"Self-admitted technical debt (SATD) is technical debt admitted by the developer through source code comments.
There are five types of software technical debts:

Implementation: Bad coding practices leading to poor legibility of code, making it difficult to understand and maintain.
Test: Problems found in implementations involving testing or monitoring subcomponents.
Defect: Identified defects in the system that should be addressed.
Design: Areas which violate good software design practices, causing poor flexibility to evolving business needs.
Documentation: Inadequate documentation that exists within the software system.

Choose and assign ONE label among: Implementation, Test, Defect, Design, or Documentation.

### Technical debt comment: """""" // TODO: Why would this be null? """"""",IMPLEMENTATION,DEFECT
"Self-admitted technical debt (SATD) is technical debt admitted by the developer through source code comments.
There are five types of software technical debts:

Implementation: Bad coding practices leading to poor legibility of code, making it difficult to understand and maintain.
Test: Problems found in implementations involving testing or monitoring subcomponents.
Defect: Identified defects in the system that should be addressed.
Design: Areas which violate good software design practices, causing poor flexibility to evolving business needs.
Documentation: Inadequate documentation that exists within the software system.

Choose and assign ONE label among: Implementation, Test, Defect, Design, or Documentation.

### Technical debt comment: """""" // ignore...bean doesn't get registered // TODO: Why does that bother me? """"""",DESIGN,DESIGN
"Self-admitted technical debt (SATD) is technical debt admitted by the developer through source code comments.
There are five types of software technical debts:

Implementation: Bad coding practices leading to poor legibility of code, making it difficult to understand and maintain.
Test: Problems found in implementations involving testing or monitoring subcomponents.
Defect: Identified defects in the system that should be addressed.
Design: Areas which violate good software design practices, causing poor flexibility to evolving business needs.
Documentation: Inadequate documentation that exists within the software system.

Choose and assign ONE label among: Implementation, Test, Defect, Design, or Documentation.

### Technical debt comment: """""" // FIXME: Added this because marshal_spec seemed to reconstitute objects without calling dataWrapStruct // this resulted in object being null after unmarshalling... """"""",DESIGN,DEFECT
"Self-admitted technical debt (SATD) is technical debt admitted by the developer through source code comments.
There are five types of software technical debts:

Implementation: Bad coding practices leading to poor legibility of code, making it difficult to understand and maintain.
Test: Problems found in implementations involving testing or monitoring subcomponents.
Defect: Identified defects in the system that should be addressed.
Design: Areas which violate good software design practices, causing poor flexibility to evolving business needs.
Documentation: Inadequate documentation that exists within the software system.

Choose and assign ONE label among: Implementation, Test, Defect, Design, or Documentation.

### Technical debt comment: """""" // TODO (@author fdietz): i18n """"""",DESIGN,DESIGN
"Self-admitted technical debt (SATD) is technical debt admitted by the developer through source code comments.
There are five types of software technical debts:

Implementation: Bad coding practices leading to poor legibility of code, making it difficult to understand and maintain.
Test: Problems found in implementations involving testing or monitoring subcomponents.
Defect: Identified defects in the system that should be addressed.
Design: Areas which violate good software design practices, causing poor flexibility to evolving business needs.
Documentation: Inadequate documentation that exists within the software system.

Choose and assign ONE label among: Implementation, Test, Defect, Design, or Documentation.

### Technical debt comment: """""" /**
 * All events going to the Explorer must pass through here first!<p>
 *
 * Most will come from the uml model via the EventAdapter interface.<p>
 *
 * TODO: In some cases (test cases) this object is created without setting
 * the treeModel. I (Linus) will add tests for this now. It would be better
 * if this is created only when the Explorer is created. <p>
 *
 * TODO: The ExplorerTreeNode also listens to some events
 * (from Diagrams), so it does not follow the rule above.
 *
 * @since 0.15.2, Created on 16 September 2003, 23:13
 * @author  alexb
 */ """"""",TEST,DESIGN
"Self-admitted technical debt (SATD) is technical debt admitted by the developer through source code comments.
There are five types of software technical debts:

Implementation: Bad coding practices leading to poor legibility of code, making it difficult to understand and maintain.
Test: Problems found in implementations involving testing or monitoring subcomponents.
Defect: Identified defects in the system that should be addressed.
Design: Areas which violate good software design practices, causing poor flexibility to evolving business needs.
Documentation: Inadequate documentation that exists within the software system.

Choose and assign ONE label among: Implementation, Test, Defect, Design, or Documentation.

### Technical debt comment: """""" // TODO (@author fdietz): i18n """"""",DESIGN,DESIGN
"Self-admitted technical debt (SATD) is technical debt admitted by the developer through source code comments.
There are five types of software technical debts:

Implementation: Bad coding practices leading to poor legibility of code, making it difficult to understand and maintain.
Test: Problems found in implementations involving testing or monitoring subcomponents.
Defect: Identified defects in the system that should be addressed.
Design: Areas which violate good software design practices, causing poor flexibility to evolving business needs.
Documentation: Inadequate documentation that exists within the software system.

Choose and assign ONE label among: Implementation, Test, Defect, Design, or Documentation.

### Technical debt comment: """""" // Apparently, this method is never called. """"""",IMPLEMENTATION,IMPLEMENTATION
"Self-admitted technical debt (SATD) is technical debt admitted by the developer through source code comments.
There are five types of software technical debts:

Implementation: Bad coding practices leading to poor legibility of code, making it difficult to understand and maintain.
Test: Problems found in implementations involving testing or monitoring subcomponents.
Defect: Identified defects in the system that should be addressed.
Design: Areas which violate good software design practices, causing poor flexibility to evolving business needs.
Documentation: Inadequate documentation that exists within the software system.

Choose and assign ONE label among: Implementation, Test, Defect, Design, or Documentation.

### Technical debt comment: """""" // Why does this not call guiInstance.clearTestPlan() ? // Is there a reason for not clearing everything? """"""",DESIGN,DESIGN
"Self-admitted technical debt (SATD) is technical debt admitted by the developer through source code comments.
There are five types of software technical debts:

Implementation: Bad coding practices leading to poor legibility of code, making it difficult to understand and maintain.
Test: Problems found in implementations involving testing or monitoring subcomponents.
Defect: Identified defects in the system that should be addressed.
Design: Areas which violate good software design practices, causing poor flexibility to evolving business needs.
Documentation: Inadequate documentation that exists within the software system.

Choose and assign ONE label among: Implementation, Test, Defect, Design, or Documentation.

### Technical debt comment: """""" /*
         * Setting SamplingStarted before the contollers are initialised allows
         * them to access the running values of functions and variables (however
         * it does not seem to help with the listeners)
         */ """"""",DESIGN,DEFECT
"Self-admitted technical debt (SATD) is technical debt admitted by the developer through source code comments.
There are five types of software technical debts:

Implementation: Bad coding practices leading to poor legibility of code, making it difficult to understand and maintain.
Test: Problems found in implementations involving testing or monitoring subcomponents.
Defect: Identified defects in the system that should be addressed.
Design: Areas which violate good software design practices, causing poor flexibility to evolving business needs.
Documentation: Inadequate documentation that exists within the software system.

Choose and assign ONE label among: Implementation, Test, Defect, Design, or Documentation.

### Technical debt comment: """""" // we might need to perform a DST correction """"""",DESIGN,DESIGN
"Self-admitted technical debt (SATD) is technical debt admitted by the developer through source code comments.
There are five types of software technical debts:

Implementation: Bad coding practices leading to poor legibility of code, making it difficult to understand and maintain.
Test: Problems found in implementations involving testing or monitoring subcomponents.
Defect: Identified defects in the system that should be addressed.
Design: Areas which violate good software design practices, causing poor flexibility to evolving business needs.
Documentation: Inadequate documentation that exists within the software system.

Choose and assign ONE label among: Implementation, Test, Defect, Design, or Documentation.

### Technical debt comment: """""" // defer argument checking """"""",DESIGN,DESIGN
"Self-admitted technical debt (SATD) is technical debt admitted by the developer through source code comments.
There are five types of software technical debts:

Implementation: Bad coding practices leading to poor legibility of code, making it difficult to understand and maintain.
Test: Problems found in implementations involving testing or monitoring subcomponents.
Defect: Identified defects in the system that should be addressed.
Design: Areas which violate good software design practices, causing poor flexibility to evolving business needs.
Documentation: Inadequate documentation that exists within the software system.

Choose and assign ONE label among: Implementation, Test, Defect, Design, or Documentation.

### Technical debt comment: """""" // If child of TransactionController is a ThroughputController and TPC does // not sample its children, then we will have this // TODO Should this be at warn level ? """"""",DESIGN,DESIGN
"Self-admitted technical debt (SATD) is technical debt admitted by the developer through source code comments.
There are five types of software technical debts:

Implementation: Bad coding practices leading to poor legibility of code, making it difficult to understand and maintain.
Test: Problems found in implementations involving testing or monitoring subcomponents.
Defect: Identified defects in the system that should be addressed.
Design: Areas which violate good software design practices, causing poor flexibility to evolving business needs.
Documentation: Inadequate documentation that exists within the software system.

Choose and assign ONE label among: Implementation, Test, Defect, Design, or Documentation.

### Technical debt comment: """""" // TODO: we didn't check the width yet """"""",DESIGN,DEFECT
"Self-admitted technical debt (SATD) is technical debt admitted by the developer through source code comments.
There are five types of software technical debts:

Implementation: Bad coding practices leading to poor legibility of code, making it difficult to understand and maintain.
Test: Problems found in implementations involving testing or monitoring subcomponents.
Defect: Identified defects in the system that should be addressed.
Design: Areas which violate good software design practices, causing poor flexibility to evolving business needs.
Documentation: Inadequate documentation that exists within the software system.

Choose and assign ONE label among: Implementation, Test, Defect, Design, or Documentation.

### Technical debt comment: """""" // TODO: There are cyclic dependencies between ActionStereotypeView* // and FigNodeModelElement.  Register these actions opaquely since // we don't what they are. - tfm """"""",DESIGN,DESIGN
"Self-admitted technical debt (SATD) is technical debt admitted by the developer through source code comments.
There are five types of software technical debts:

Implementation: Bad coding practices leading to poor legibility of code, making it difficult to understand and maintain.
Test: Problems found in implementations involving testing or monitoring subcomponents.
Defect: Identified defects in the system that should be addressed.
Design: Areas which violate good software design practices, causing poor flexibility to evolving business needs.
Documentation: Inadequate documentation that exists within the software system.

Choose and assign ONE label among: Implementation, Test, Defect, Design, or Documentation.

### Technical debt comment: """""" //TODO: Open stream from the mime part specified by contentID of the  //currently viewed mail """"""",DESIGN,DESIGN
"Self-admitted technical debt (SATD) is technical debt admitted by the developer through source code comments.
There are five types of software technical debts:

Implementation: Bad coding practices leading to poor legibility of code, making it difficult to understand and maintain.
Test: Problems found in implementations involving testing or monitoring subcomponents.
Defect: Identified defects in the system that should be addressed.
Design: Areas which violate good software design practices, causing poor flexibility to evolving business needs.
Documentation: Inadequate documentation that exists within the software system.

Choose and assign ONE label among: Implementation, Test, Defect, Design, or Documentation.

### Technical debt comment: """""" // TODO can this happen? """"""",DESIGN,DESIGN
"Self-admitted technical debt (SATD) is technical debt admitted by the developer through source code comments.
There are five types of software technical debts:

Implementation: Bad coding practices leading to poor legibility of code, making it difficult to understand and maintain.
Test: Problems found in implementations involving testing or monitoring subcomponents.
Defect: Identified defects in the system that should be addressed.
Design: Areas which violate good software design practices, causing poor flexibility to evolving business needs.
Documentation: Inadequate documentation that exists within the software system.

Choose and assign ONE label among: Implementation, Test, Defect, Design, or Documentation.

### Technical debt comment: """""" /**
     * Searches for a type/classifier with name s. If the type is not found, a
     * new type is created and added to the current namespace.
     * <p>
     * TODO: Move to Model subsystem - tfm 20070307
     * 
     * @param s
     *            the name of the type/classifier to be found
     * @return Classifier
     */ """"""",DESIGN,DESIGN
"Self-admitted technical debt (SATD) is technical debt admitted by the developer through source code comments.
There are five types of software technical debts:

Implementation: Bad coding practices leading to poor legibility of code, making it difficult to understand and maintain.
Test: Problems found in implementations involving testing or monitoring subcomponents.
Defect: Identified defects in the system that should be addressed.
Design: Areas which violate good software design practices, causing poor flexibility to evolving business needs.
Documentation: Inadequate documentation that exists within the software system.

Choose and assign ONE label among: Implementation, Test, Defect, Design, or Documentation.

### Technical debt comment: """""" // there's more to be handled, which still need to be implemented: """"""",IMPLEMENTATION,DESIGN
"Self-admitted technical debt (SATD) is technical debt admitted by the developer through source code comments.
There are five types of software technical debts:

Implementation: Bad coding practices leading to poor legibility of code, making it difficult to understand and maintain.
Test: Problems found in implementations involving testing or monitoring subcomponents.
Defect: Identified defects in the system that should be addressed.
Design: Areas which violate good software design practices, causing poor flexibility to evolving business needs.
Documentation: Inadequate documentation that exists within the software system.

Choose and assign ONE label among: Implementation, Test, Defect, Design, or Documentation.

### Technical debt comment: """""" // TODO : we really need to be able to deal with component paths here also; // this is difficult because the hql-sql grammar expects all those node types // to be FromReferenceNodes.  One potential fix here would be to convert the // IntoClause to just use a FromClause/FromElement combo (as a child of the // InsertStatement) and move all this logic into the InsertStatement.  That's // probably the easiest approach (read: least amount of changes to the grammar // and code), but just doesn't feel right as then an insert would contain // 2 from-clauses """"""",DESIGN,DESIGN
"Self-admitted technical debt (SATD) is technical debt admitted by the developer through source code comments.
There are five types of software technical debts:

Implementation: Bad coding practices leading to poor legibility of code, making it difficult to understand and maintain.
Test: Problems found in implementations involving testing or monitoring subcomponents.
Defect: Identified defects in the system that should be addressed.
Design: Areas which violate good software design practices, causing poor flexibility to evolving business needs.
Documentation: Inadequate documentation that exists within the software system.

Choose and assign ONE label among: Implementation, Test, Defect, Design, or Documentation.

### Technical debt comment: """""" // TODO: Not implemented by eUML """"""",DEFECT,IMPLEMENTATION
"Self-admitted technical debt (SATD) is technical debt admitted by the developer through source code comments.
There are five types of software technical debts:

Implementation: Bad coding practices leading to poor legibility of code, making it difficult to understand and maintain.
Test: Problems found in implementations involving testing or monitoring subcomponents.
Defect: Identified defects in the system that should be addressed.
Design: Areas which violate good software design practices, causing poor flexibility to evolving business needs.
Documentation: Inadequate documentation that exists within the software system.

Choose and assign ONE label among: Implementation, Test, Defect, Design, or Documentation.

### Technical debt comment: """""" /**
     * Recognizer for Parameter's with a DirectionKind of Return.
     * TODO: This is a duplicate of {@link #hasReturnParameterDirectionKind(Object)}
     * @param handle candidate parameter
     * @return true if handle is a return parameter.
     */ """"""",DESIGN,DESIGN
"Self-admitted technical debt (SATD) is technical debt admitted by the developer through source code comments.
There are five types of software technical debts:

Implementation: Bad coding practices leading to poor legibility of code, making it difficult to understand and maintain.
Test: Problems found in implementations involving testing or monitoring subcomponents.
Defect: Identified defects in the system that should be addressed.
Design: Areas which violate good software design practices, causing poor flexibility to evolving business needs.
Documentation: Inadequate documentation that exists within the software system.

Choose and assign ONE label among: Implementation, Test, Defect, Design, or Documentation.

### Technical debt comment: """""" //FIXME we should really assert a value here """"""",DESIGN,DESIGN
"Self-admitted technical debt (SATD) is technical debt admitted by the developer through source code comments.
There are five types of software technical debts:

Implementation: Bad coding practices leading to poor legibility of code, making it difficult to understand and maintain.
Test: Problems found in implementations involving testing or monitoring subcomponents.
Defect: Identified defects in the system that should be addressed.
Design: Areas which violate good software design practices, causing poor flexibility to evolving business needs.
Documentation: Inadequate documentation that exists within the software system.

Choose and assign ONE label among: Implementation, Test, Defect, Design, or Documentation.

### Technical debt comment: """""" /**
     * Transforms email-addresses into HTML just as
     * substituteEmailAddress(String), but tries to ignore email-addresses,
     * which are already links, if the ignore links flag is set.
     * <br>
     * This extended functionality is necessary when parsing a text which
     * is already (partly) html.
     * <br>
     * FIXME: Can this be done smarter, i.e. directly with reg. expr. without manual parsing??
     *
     * @param         s                                input text
     * @param        ignoreLinks                if true link tags are ignored. This gives a
     *                                                         wrong result if some e-mail adresses are
     *                                                         already links (but uses reg. expr. directly,
     *                                                         and is therefore faster)
     * @return        text with email-adresses transformed to links
     */ """"""",DESIGN,DESIGN
"Self-admitted technical debt (SATD) is technical debt admitted by the developer through source code comments.
There are five types of software technical debts:

Implementation: Bad coding practices leading to poor legibility of code, making it difficult to understand and maintain.
Test: Problems found in implementations involving testing or monitoring subcomponents.
Defect: Identified defects in the system that should be addressed.
Design: Areas which violate good software design practices, causing poor flexibility to evolving business needs.
Documentation: Inadequate documentation that exists within the software system.

Choose and assign ONE label among: Implementation, Test, Defect, Design, or Documentation.

### Technical debt comment: """""" // TODO @author hubms show if there is already a virtual folder for // this tag """"""",IMPLEMENTATION,DESIGN
"Self-admitted technical debt (SATD) is technical debt admitted by the developer through source code comments.
There are five types of software technical debts:

Implementation: Bad coding practices leading to poor legibility of code, making it difficult to understand and maintain.
Test: Problems found in implementations involving testing or monitoring subcomponents.
Defect: Identified defects in the system that should be addressed.
Design: Areas which violate good software design practices, causing poor flexibility to evolving business needs.
Documentation: Inadequate documentation that exists within the software system.

Choose and assign ONE label among: Implementation, Test, Defect, Design, or Documentation.

### Technical debt comment: """""" // XXX: action bar might not be 'temp' """"""",DEFECT,DEFECT
"Self-admitted technical debt (SATD) is technical debt admitted by the developer through source code comments.
There are five types of software technical debts:

Implementation: Bad coding practices leading to poor legibility of code, making it difficult to understand and maintain.
Test: Problems found in implementations involving testing or monitoring subcomponents.
Defect: Identified defects in the system that should be addressed.
Design: Areas which violate good software design practices, causing poor flexibility to evolving business needs.
Documentation: Inadequate documentation that exists within the software system.

Choose and assign ONE label among: Implementation, Test, Defect, Design, or Documentation.

### Technical debt comment: """""" // TODO: turn off readable? am I reading this right? // This only seems to be used while duping below, since modes gets // reset to actual modes afterward //fptr->mode &= (m & FMODE_READABLE) ? ~FMODE_READABLE : ~FMODE_WRITABLE; """"""",IMPLEMENTATION,DESIGN
"Self-admitted technical debt (SATD) is technical debt admitted by the developer through source code comments.
There are five types of software technical debts:

Implementation: Bad coding practices leading to poor legibility of code, making it difficult to understand and maintain.
Test: Problems found in implementations involving testing or monitoring subcomponents.
Defect: Identified defects in the system that should be addressed.
Design: Areas which violate good software design practices, causing poor flexibility to evolving business needs.
Documentation: Inadequate documentation that exists within the software system.

Choose and assign ONE label among: Implementation, Test, Defect, Design, or Documentation.

### Technical debt comment: """""" // this seems unlikely to happen unless it's a totally bogus fileno // ...so do we even need to bother trying to create one? """"""",DESIGN,DESIGN
"Self-admitted technical debt (SATD) is technical debt admitted by the developer through source code comments.
There are five types of software technical debts:

Implementation: Bad coding practices leading to poor legibility of code, making it difficult to understand and maintain.
Test: Problems found in implementations involving testing or monitoring subcomponents.
Defect: Identified defects in the system that should be addressed.
Design: Areas which violate good software design practices, causing poor flexibility to evolving business needs.
Documentation: Inadequate documentation that exists within the software system.

Choose and assign ONE label among: Implementation, Test, Defect, Design, or Documentation.

### Technical debt comment: """""" // TODO this should entry into error handling somewhere """"""",DESIGN,DESIGN
"Self-admitted technical debt (SATD) is technical debt admitted by the developer through source code comments.
There are five types of software technical debts:

Implementation: Bad coding practices leading to poor legibility of code, making it difficult to understand and maintain.
Test: Problems found in implementations involving testing or monitoring subcomponents.
Defect: Identified defects in the system that should be addressed.
Design: Areas which violate good software design practices, causing poor flexibility to evolving business needs.
Documentation: Inadequate documentation that exists within the software system.

Choose and assign ONE label among: Implementation, Test, Defect, Design, or Documentation.

### Technical debt comment: """""" /**
     * This keeps track of the editing domain that is used to track all changes
     * to the model.
     * <p>
     * TODO: This probably needs to be a set of EditingDomain so that we can
     * manage an EditingDomain per project.
     */ """"""",DESIGN,DESIGN
"Self-admitted technical debt (SATD) is technical debt admitted by the developer through source code comments.
There are five types of software technical debts:

Implementation: Bad coding practices leading to poor legibility of code, making it difficult to understand and maintain.
Test: Problems found in implementations involving testing or monitoring subcomponents.
Defect: Identified defects in the system that should be addressed.
Design: Areas which violate good software design practices, causing poor flexibility to evolving business needs.
Documentation: Inadequate documentation that exists within the software system.

Choose and assign ONE label among: Implementation, Test, Defect, Design, or Documentation.

### Technical debt comment: """""" /*
		Note: We will ll move this behavior out to a subclass of 
		NameSpace, but we'll start here.
	*/ """"""",DESIGN,DESIGN
"Self-admitted technical debt (SATD) is technical debt admitted by the developer through source code comments.
There are five types of software technical debts:

Implementation: Bad coding practices leading to poor legibility of code, making it difficult to understand and maintain.
Test: Problems found in implementations involving testing or monitoring subcomponents.
Defect: Identified defects in the system that should be addressed.
Design: Areas which violate good software design practices, causing poor flexibility to evolving business needs.
Documentation: Inadequate documentation that exists within the software system.

Choose and assign ONE label among: Implementation, Test, Defect, Design, or Documentation.

### Technical debt comment: """""" // This was a getOpt with one mandatory arg, but it did not work // so I am parsing it for now. """"""",DEFECT,DESIGN
"Self-admitted technical debt (SATD) is technical debt admitted by the developer through source code comments.
There are five types of software technical debts:

Implementation: Bad coding practices leading to poor legibility of code, making it difficult to understand and maintain.
Test: Problems found in implementations involving testing or monitoring subcomponents.
Defect: Identified defects in the system that should be addressed.
Design: Areas which violate good software design practices, causing poor flexibility to evolving business needs.
Documentation: Inadequate documentation that exists within the software system.

Choose and assign ONE label among: Implementation, Test, Defect, Design, or Documentation.

### Technical debt comment: """""" // If is a classifier role, it must return the received messages. // In other cases, returns an empty list. // TODO: Must be the outgoing messages or the received ones? """"""",DESIGN,DESIGN
"Self-admitted technical debt (SATD) is technical debt admitted by the developer through source code comments.
There are five types of software technical debts:

Implementation: Bad coding practices leading to poor legibility of code, making it difficult to understand and maintain.
Test: Problems found in implementations involving testing or monitoring subcomponents.
Defect: Identified defects in the system that should be addressed.
Design: Areas which violate good software design practices, causing poor flexibility to evolving business needs.
Documentation: Inadequate documentation that exists within the software system.

Choose and assign ONE label among: Implementation, Test, Defect, Design, or Documentation.

### Technical debt comment: """""" // Don't allow override of Content-Length // TODO - what other headers are not allowed? """"""",IMPLEMENTATION,DESIGN
"Self-admitted technical debt (SATD) is technical debt admitted by the developer through source code comments.
There are five types of software technical debts:

Implementation: Bad coding practices leading to poor legibility of code, making it difficult to understand and maintain.
Test: Problems found in implementations involving testing or monitoring subcomponents.
Defect: Identified defects in the system that should be addressed.
Design: Areas which violate good software design practices, causing poor flexibility to evolving business needs.
Documentation: Inadequate documentation that exists within the software system.

Choose and assign ONE label among: Implementation, Test, Defect, Design, or Documentation.

### Technical debt comment: """""" /*
		Issues to resolve here...
		1) In which classloader should we define the class?
		if there is a BshClassLoader should we define it there?
		2) should we use reflection to set it in a non-bsh classloader
		if there is one or should we always create a bsh classloader
		(and expose its defineClass)?
	*/ """"""",DESIGN,DESIGN
"Self-admitted technical debt (SATD) is technical debt admitted by the developer through source code comments.
There are five types of software technical debts:

Implementation: Bad coding practices leading to poor legibility of code, making it difficult to understand and maintain.
Test: Problems found in implementations involving testing or monitoring subcomponents.
Defect: Identified defects in the system that should be addressed.
Design: Areas which violate good software design practices, causing poor flexibility to evolving business needs.
Documentation: Inadequate documentation that exists within the software system.

Choose and assign ONE label among: Implementation, Test, Defect, Design, or Documentation.

### Technical debt comment: """""" // hack for to do items only, should check isLeaf(node), but that // includes empty folders. Really I need alwaysLeaf(node). """"""",DESIGN,DESIGN
"Self-admitted technical debt (SATD) is technical debt admitted by the developer through source code comments.
There are five types of software technical debts:

Implementation: Bad coding practices leading to poor legibility of code, making it difficult to understand and maintain.
Test: Problems found in implementations involving testing or monitoring subcomponents.
Defect: Identified defects in the system that should be addressed.
Design: Areas which violate good software design practices, causing poor flexibility to evolving business needs.
Documentation: Inadequate documentation that exists within the software system.

Choose and assign ONE label among: Implementation, Test, Defect, Design, or Documentation.

### Technical debt comment: """""" //TODO: Add dialog to inform user that the smtp server // does not support authentication """"""",IMPLEMENTATION,DEFECT
"Self-admitted technical debt (SATD) is technical debt admitted by the developer through source code comments.
There are five types of software technical debts:

Implementation: Bad coding practices leading to poor legibility of code, making it difficult to understand and maintain.
Test: Problems found in implementations involving testing or monitoring subcomponents.
Defect: Identified defects in the system that should be addressed.
Design: Areas which violate good software design practices, causing poor flexibility to evolving business needs.
Documentation: Inadequate documentation that exists within the software system.

Choose and assign ONE label among: Implementation, Test, Defect, Design, or Documentation.

### Technical debt comment: """""" // end hack """"""",DESIGN,DESIGN
"Self-admitted technical debt (SATD) is technical debt admitted by the developer through source code comments.
There are five types of software technical debts:

Implementation: Bad coding practices leading to poor legibility of code, making it difficult to understand and maintain.
Test: Problems found in implementations involving testing or monitoring subcomponents.
Defect: Identified defects in the system that should be addressed.
Design: Areas which violate good software design practices, causing poor flexibility to evolving business needs.
Documentation: Inadequate documentation that exists within the software system.

Choose and assign ONE label among: Implementation, Test, Defect, Design, or Documentation.

### Technical debt comment: """""" //FIXME we should really assert a value here """"""",DESIGN,DESIGN
"Self-admitted technical debt (SATD) is technical debt admitted by the developer through source code comments.
There are five types of software technical debts:

Implementation: Bad coding practices leading to poor legibility of code, making it difficult to understand and maintain.
Test: Problems found in implementations involving testing or monitoring subcomponents.
Defect: Identified defects in the system that should be addressed.
Design: Areas which violate good software design practices, causing poor flexibility to evolving business needs.
Documentation: Inadequate documentation that exists within the software system.

Choose and assign ONE label among: Implementation, Test, Defect, Design, or Documentation.

### Technical debt comment: """""" // Remember to change this when the class changes ... """"""",DESIGN,DESIGN
"Self-admitted technical debt (SATD) is technical debt admitted by the developer through source code comments.
There are five types of software technical debts:

Implementation: Bad coding practices leading to poor legibility of code, making it difficult to understand and maintain.
Test: Problems found in implementations involving testing or monitoring subcomponents.
Defect: Identified defects in the system that should be addressed.
Design: Areas which violate good software design practices, causing poor flexibility to evolving business needs.
Documentation: Inadequate documentation that exists within the software system.

Choose and assign ONE label among: Implementation, Test, Defect, Design, or Documentation.

### Technical debt comment: """""" // not needed """"""",IMPLEMENTATION,IMPLEMENTATION
"Self-admitted technical debt (SATD) is technical debt admitted by the developer through source code comments.
There are five types of software technical debts:

Implementation: Bad coding practices leading to poor legibility of code, making it difficult to understand and maintain.
Test: Problems found in implementations involving testing or monitoring subcomponents.
Defect: Identified defects in the system that should be addressed.
Design: Areas which violate good software design practices, causing poor flexibility to evolving business needs.
Documentation: Inadequate documentation that exists within the software system.

Choose and assign ONE label among: Implementation, Test, Defect, Design, or Documentation.

### Technical debt comment: """""" /**
     * Finds a stereotype in a given namespace, 
     * and all those in any sub-namespace of the given namespace.
     * Returns null if no such stereotype is found.
     * <p>
     * TODO: What if stereo.getName() or stereo.getBaseClass() is null?
     * Then you know immediately that none will be found, but is that the
     * correct answer?
     * Currently, null is returned in these cases. <p>
     * 
     * TODO: This function should not take a stereotype object as parameter,
     * but a name and a baseclass. <p>
     * TODO: Currently only works for stereotypes with only one baseclass. <p>
     * TODO: Currently only works for stereotypes where the baseclass is 
     * equal to the given one - inheritance does not work.
     * 
     * @return the stereotype found or null.
     * @param ns is the namespace.
     * @param stereo is the stereotype.
     */ """"""",DESIGN,DESIGN
"Self-admitted technical debt (SATD) is technical debt admitted by the developer through source code comments.
There are five types of software technical debts:

Implementation: Bad coding practices leading to poor legibility of code, making it difficult to understand and maintain.
Test: Problems found in implementations involving testing or monitoring subcomponents.
Defect: Identified defects in the system that should be addressed.
Design: Areas which violate good software design practices, causing poor flexibility to evolving business needs.
Documentation: Inadequate documentation that exists within the software system.

Choose and assign ONE label among: Implementation, Test, Defect, Design, or Documentation.

### Technical debt comment: """""" /**
 * TODO:
 * comment field doesn't include all options yet
 */ """"""",IMPLEMENTATION,IMPLEMENTATION
"Self-admitted technical debt (SATD) is technical debt admitted by the developer through source code comments.
There are five types of software technical debts:

Implementation: Bad coding practices leading to poor legibility of code, making it difficult to understand and maintain.
Test: Problems found in implementations involving testing or monitoring subcomponents.
Defect: Identified defects in the system that should be addressed.
Design: Areas which violate good software design practices, causing poor flexibility to evolving business needs.
Documentation: Inadequate documentation that exists within the software system.

Choose and assign ONE label among: Implementation, Test, Defect, Design, or Documentation.

### Technical debt comment: """""" /**
     * TODO: Is is really used ?
     *
     * @see javax.swing.JComponent#removeNotify()
     */ """"""",DESIGN,DESIGN
"Self-admitted technical debt (SATD) is technical debt admitted by the developer through source code comments.
There are five types of software technical debts:

Implementation: Bad coding practices leading to poor legibility of code, making it difficult to understand and maintain.
Test: Problems found in implementations involving testing or monitoring subcomponents.
Defect: Identified defects in the system that should be addressed.
Design: Areas which violate good software design practices, causing poor flexibility to evolving business needs.
Documentation: Inadequate documentation that exists within the software system.

Choose and assign ONE label among: Implementation, Test, Defect, Design, or Documentation.

### Technical debt comment: """""" // this listener priority thing is a bad hack... """"""",DESIGN,DESIGN
"Self-admitted technical debt (SATD) is technical debt admitted by the developer through source code comments.
There are five types of software technical debts:

Implementation: Bad coding practices leading to poor legibility of code, making it difficult to understand and maintain.
Test: Problems found in implementations involving testing or monitoring subcomponents.
Defect: Identified defects in the system that should be addressed.
Design: Areas which violate good software design practices, causing poor flexibility to evolving business needs.
Documentation: Inadequate documentation that exists within the software system.

Choose and assign ONE label among: Implementation, Test, Defect, Design, or Documentation.

### Technical debt comment: """""" // May be replaced later """"""",DESIGN,DESIGN
"Self-admitted technical debt (SATD) is technical debt admitted by the developer through source code comments.
There are five types of software technical debts:

Implementation: Bad coding practices leading to poor legibility of code, making it difficult to understand and maintain.
Test: Problems found in implementations involving testing or monitoring subcomponents.
Defect: Identified defects in the system that should be addressed.
Design: Areas which violate good software design practices, causing poor flexibility to evolving business needs.
Documentation: Inadequate documentation that exists within the software system.

Choose and assign ONE label among: Implementation, Test, Defect, Design, or Documentation.

### Technical debt comment: """""" // a redraw should NOT trigger another change event """"""",DESIGN,DESIGN
"Self-admitted technical debt (SATD) is technical debt admitted by the developer through source code comments.
There are five types of software technical debts:

Implementation: Bad coding practices leading to poor legibility of code, making it difficult to understand and maintain.
Test: Problems found in implementations involving testing or monitoring subcomponents.
Defect: Identified defects in the system that should be addressed.
Design: Areas which violate good software design practices, causing poor flexibility to evolving business needs.
Documentation: Inadequate documentation that exists within the software system.

Choose and assign ONE label among: Implementation, Test, Defect, Design, or Documentation.

### Technical debt comment: """""" //TODO: entities CAN be compared, by PK and entity name, fix this! """"""",DEFECT,DEFECT
"Self-admitted technical debt (SATD) is technical debt admitted by the developer through source code comments.
There are five types of software technical debts:

Implementation: Bad coding practices leading to poor legibility of code, making it difficult to understand and maintain.
Test: Problems found in implementations involving testing or monitoring subcomponents.
Defect: Identified defects in the system that should be addressed.
Design: Areas which violate good software design practices, causing poor flexibility to evolving business needs.
Documentation: Inadequate documentation that exists within the software system.

Choose and assign ONE label among: Implementation, Test, Defect, Design, or Documentation.

### Technical debt comment: """""" // Arrays of Strings are a special case. // In XMLBeanWriter method ProcessProperty an array of // Strings is turned into a list of StringWrapper objects // in the XML (presumably so that when reading them back // we have a class that we can call setters on). Thus, // when reading back an array of Strings we actually read // an array of StringWrappers, which gives a type mis-match // in the following arrayCopy. Therefore we need to convert // the data that is currently in the StringWrapper objects // into actual Strings. """"""",DESIGN,DESIGN
"Self-admitted technical debt (SATD) is technical debt admitted by the developer through source code comments.
There are five types of software technical debts:

Implementation: Bad coding practices leading to poor legibility of code, making it difficult to understand and maintain.
Test: Problems found in implementations involving testing or monitoring subcomponents.
Defect: Identified defects in the system that should be addressed.
Design: Areas which violate good software design practices, causing poor flexibility to evolving business needs.
Documentation: Inadequate documentation that exists within the software system.

Choose and assign ONE label among: Implementation, Test, Defect, Design, or Documentation.

### Technical debt comment: """""" // TODO localize filter action names """"""",IMPLEMENTATION,IMPLEMENTATION
"Self-admitted technical debt (SATD) is technical debt admitted by the developer through source code comments.
There are five types of software technical debts:

Implementation: Bad coding practices leading to poor legibility of code, making it difficult to understand and maintain.
Test: Problems found in implementations involving testing or monitoring subcomponents.
Defect: Identified defects in the system that should be addressed.
Design: Areas which violate good software design practices, causing poor flexibility to evolving business needs.
Documentation: Inadequate documentation that exists within the software system.

Choose and assign ONE label among: Implementation, Test, Defect, Design, or Documentation.

### Technical debt comment: """""" // work around that crazy issue where the tree contains // ""empty"" FromElements (no text); afaict, this is caused // by FromElementFactory.createCollectionJoin() """"""",DESIGN,DESIGN
"Self-admitted technical debt (SATD) is technical debt admitted by the developer through source code comments.
There are five types of software technical debts:

Implementation: Bad coding practices leading to poor legibility of code, making it difficult to understand and maintain.
Test: Problems found in implementations involving testing or monitoring subcomponents.
Defect: Identified defects in the system that should be addressed.
Design: Areas which violate good software design practices, causing poor flexibility to evolving business needs.
Documentation: Inadequate documentation that exists within the software system.

Choose and assign ONE label among: Implementation, Test, Defect, Design, or Documentation.

### Technical debt comment: """""" // not currently used """"""",DESIGN,DESIGN
"Self-admitted technical debt (SATD) is technical debt admitted by the developer through source code comments.
There are five types of software technical debts:

Implementation: Bad coding practices leading to poor legibility of code, making it difficult to understand and maintain.
Test: Problems found in implementations involving testing or monitoring subcomponents.
Defect: Identified defects in the system that should be addressed.
Design: Areas which violate good software design practices, causing poor flexibility to evolving business needs.
Documentation: Inadequate documentation that exists within the software system.

Choose and assign ONE label among: Implementation, Test, Defect, Design, or Documentation.

### Technical debt comment: """""" /* Spacing workaround */ """"""",DESIGN,DESIGN
"Self-admitted technical debt (SATD) is technical debt admitted by the developer through source code comments.
There are five types of software technical debts:

Implementation: Bad coding practices leading to poor legibility of code, making it difficult to understand and maintain.
Test: Problems found in implementations involving testing or monitoring subcomponents.
Defect: Identified defects in the system that should be addressed.
Design: Areas which violate good software design practices, causing poor flexibility to evolving business needs.
Documentation: Inadequate documentation that exists within the software system.

Choose and assign ONE label among: Implementation, Test, Defect, Design, or Documentation.

### Technical debt comment: """""" //{{{ Broken class """"""",DEFECT,DESIGN
"Self-admitted technical debt (SATD) is technical debt admitted by the developer through source code comments.
There are five types of software technical debts:

Implementation: Bad coding practices leading to poor legibility of code, making it difficult to understand and maintain.
Test: Problems found in implementations involving testing or monitoring subcomponents.
Defect: Identified defects in the system that should be addressed.
Design: Areas which violate good software design practices, causing poor flexibility to evolving business needs.
Documentation: Inadequate documentation that exists within the software system.

Choose and assign ONE label among: Implementation, Test, Defect, Design, or Documentation.

### Technical debt comment: """""" // defer argument checking """"""",DESIGN,DESIGN
"Self-admitted technical debt (SATD) is technical debt admitted by the developer through source code comments.
There are five types of software technical debts:

Implementation: Bad coding practices leading to poor legibility of code, making it difficult to understand and maintain.
Test: Problems found in implementations involving testing or monitoring subcomponents.
Defect: Identified defects in the system that should be addressed.
Design: Areas which violate good software design practices, causing poor flexibility to evolving business needs.
Documentation: Inadequate documentation that exists within the software system.

Choose and assign ONE label among: Implementation, Test, Defect, Design, or Documentation.

### Technical debt comment: """""" // TODO: I18N """"""",IMPLEMENTATION,IMPLEMENTATION
"Self-admitted technical debt (SATD) is technical debt admitted by the developer through source code comments.
There are five types of software technical debts:

Implementation: Bad coding practices leading to poor legibility of code, making it difficult to understand and maintain.
Test: Problems found in implementations involving testing or monitoring subcomponents.
Defect: Identified defects in the system that should be addressed.
Design: Areas which violate good software design practices, causing poor flexibility to evolving business needs.
Documentation: Inadequate documentation that exists within the software system.

Choose and assign ONE label among: Implementation, Test, Defect, Design, or Documentation.

### Technical debt comment: """""" // Just a note: StarTeam has a status for NEW which implies // that there is an item  on your local machine that is not // in the repository.  These are the items that show up as // NOT IN VIEW in the Starteam GUI. // One would think that we would want to perhaps checkin the // NEW items (not in all cases! - Steve Cohen 15 Dec 2001) // Unfortunately, the sdk doesn't really work, and we can't // actually see  anything with a status of NEW. That is why // we can just check out  everything here without worrying // about losing anything. """"""",DEFECT,DEFECT
"Self-admitted technical debt (SATD) is technical debt admitted by the developer through source code comments.
There are five types of software technical debts:

Implementation: Bad coding practices leading to poor legibility of code, making it difficult to understand and maintain.
Test: Problems found in implementations involving testing or monitoring subcomponents.
Defect: Identified defects in the system that should be addressed.
Design: Areas which violate good software design practices, causing poor flexibility to evolving business needs.
Documentation: Inadequate documentation that exists within the software system.

Choose and assign ONE label among: Implementation, Test, Defect, Design, or Documentation.

### Technical debt comment: """""" // ignore it; the incoming property could not be found so we // cannot be sure what to do here.  At the very least, the // safest is to simply not apply any dereference toggling... """"""",DESIGN,DESIGN
"Self-admitted technical debt (SATD) is technical debt admitted by the developer through source code comments.
There are five types of software technical debts:

Implementation: Bad coding practices leading to poor legibility of code, making it difficult to understand and maintain.
Test: Problems found in implementations involving testing or monitoring subcomponents.
Defect: Identified defects in the system that should be addressed.
Design: Areas which violate good software design practices, causing poor flexibility to evolving business needs.
Documentation: Inadequate documentation that exists within the software system.

Choose and assign ONE label among: Implementation, Test, Defect, Design, or Documentation.

### Technical debt comment: """""" // Maybe move to vector if MT problems occur """"""",DESIGN,DESIGN
"Self-admitted technical debt (SATD) is technical debt admitted by the developer through source code comments.
There are five types of software technical debts:

Implementation: Bad coding practices leading to poor legibility of code, making it difficult to understand and maintain.
Test: Problems found in implementations involving testing or monitoring subcomponents.
Defect: Identified defects in the system that should be addressed.
Design: Areas which violate good software design practices, causing poor flexibility to evolving business needs.
Documentation: Inadequate documentation that exists within the software system.

Choose and assign ONE label among: Implementation, Test, Defect, Design, or Documentation.

### Technical debt comment: """""" // This is the result of a bug that left off all trailing arguments. E.g.: //   system ""ls"", ""-1"", ""dir"" // would be seen as //   system ""ls"" """"""",DEFECT,DEFECT
"Self-admitted technical debt (SATD) is technical debt admitted by the developer through source code comments.
There are five types of software technical debts:

Implementation: Bad coding practices leading to poor legibility of code, making it difficult to understand and maintain.
Test: Problems found in implementations involving testing or monitoring subcomponents.
Defect: Identified defects in the system that should be addressed.
Design: Areas which violate good software design practices, causing poor flexibility to evolving business needs.
Documentation: Inadequate documentation that exists within the software system.

Choose and assign ONE label among: Implementation, Test, Defect, Design, or Documentation.

### Technical debt comment: """""" // here we tweak the notify flag on the plot so that only // one notification happens even though we update multiple // axes... """"""",DESIGN,DESIGN
"Self-admitted technical debt (SATD) is technical debt admitted by the developer through source code comments.
There are five types of software technical debts:

Implementation: Bad coding practices leading to poor legibility of code, making it difficult to understand and maintain.
Test: Problems found in implementations involving testing or monitoring subcomponents.
Defect: Identified defects in the system that should be addressed.
Design: Areas which violate good software design practices, causing poor flexibility to evolving business needs.
Documentation: Inadequate documentation that exists within the software system.

Choose and assign ONE label among: Implementation, Test, Defect, Design, or Documentation.

### Technical debt comment: """""" // TODO: take BigDecimal.mode into account. """"""",DEFECT,IMPLEMENTATION
"Self-admitted technical debt (SATD) is technical debt admitted by the developer through source code comments.
There are five types of software technical debts:

Implementation: Bad coding practices leading to poor legibility of code, making it difficult to understand and maintain.
Test: Problems found in implementations involving testing or monitoring subcomponents.
Defect: Identified defects in the system that should be addressed.
Design: Areas which violate good software design practices, causing poor flexibility to evolving business needs.
Documentation: Inadequate documentation that exists within the software system.

Choose and assign ONE label among: Implementation, Test, Defect, Design, or Documentation.

### Technical debt comment: """""" // not needed """"""",IMPLEMENTATION,IMPLEMENTATION
"Self-admitted technical debt (SATD) is technical debt admitted by the developer through source code comments.
There are five types of software technical debts:

Implementation: Bad coding practices leading to poor legibility of code, making it difficult to understand and maintain.
Test: Problems found in implementations involving testing or monitoring subcomponents.
Defect: Identified defects in the system that should be addressed.
Design: Areas which violate good software design practices, causing poor flexibility to evolving business needs.
Documentation: Inadequate documentation that exists within the software system.

Choose and assign ONE label among: Implementation, Test, Defect, Design, or Documentation.

### Technical debt comment: """""" // This doesn't seem very correct, but it fixes a problem // when setting the initial caret position for a buffer // (eg, from the recent file list) """"""",DESIGN,DEFECT
"Self-admitted technical debt (SATD) is technical debt admitted by the developer through source code comments.
There are five types of software technical debts:

Implementation: Bad coding practices leading to poor legibility of code, making it difficult to understand and maintain.
Test: Problems found in implementations involving testing or monitoring subcomponents.
Defect: Identified defects in the system that should be addressed.
Design: Areas which violate good software design practices, causing poor flexibility to evolving business needs.
Documentation: Inadequate documentation that exists within the software system.

Choose and assign ONE label among: Implementation, Test, Defect, Design, or Documentation.

### Technical debt comment: """""" // TODO? I think this ends up propagating from normal Java exceptions // sys_fail(openFile.getPath()) """"""",DESIGN,DESIGN
"Self-admitted technical debt (SATD) is technical debt admitted by the developer through source code comments.
There are five types of software technical debts:

Implementation: Bad coding practices leading to poor legibility of code, making it difficult to understand and maintain.
Test: Problems found in implementations involving testing or monitoring subcomponents.
Defect: Identified defects in the system that should be addressed.
Design: Areas which violate good software design practices, causing poor flexibility to evolving business needs.
Documentation: Inadequate documentation that exists within the software system.

Choose and assign ONE label among: Implementation, Test, Defect, Design, or Documentation.

### Technical debt comment: """""" // TODO: still not used, because in ArgoUML String is ""hardwired"" """"""",DESIGN,DESIGN
"Self-admitted technical debt (SATD) is technical debt admitted by the developer through source code comments.
There are five types of software technical debts:

Implementation: Bad coding practices leading to poor legibility of code, making it difficult to understand and maintain.
Test: Problems found in implementations involving testing or monitoring subcomponents.
Defect: Identified defects in the system that should be addressed.
Design: Areas which violate good software design practices, causing poor flexibility to evolving business needs.
Documentation: Inadequate documentation that exists within the software system.

Choose and assign ONE label among: Implementation, Test, Defect, Design, or Documentation.

### Technical debt comment: """""" // todo : temporary //      needed because currently persister is the one that //      creates and renders the join fragments for inheritence //      hierarchies... """"""",DESIGN,DESIGN
"Self-admitted technical debt (SATD) is technical debt admitted by the developer through source code comments.
There are five types of software technical debts:

Implementation: Bad coding practices leading to poor legibility of code, making it difficult to understand and maintain.
Test: Problems found in implementations involving testing or monitoring subcomponents.
Defect: Identified defects in the system that should be addressed.
Design: Areas which violate good software design practices, causing poor flexibility to evolving business needs.
Documentation: Inadequate documentation that exists within the software system.

Choose and assign ONE label among: Implementation, Test, Defect, Design, or Documentation.

### Technical debt comment: """""" // TODO: remove when code below in characters() is removed //    private static final String    RETURNSTRING  = ""\n      ""; """"""",DESIGN,IMPLEMENTATION
"Self-admitted technical debt (SATD) is technical debt admitted by the developer through source code comments.
There are five types of software technical debts:

Implementation: Bad coding practices leading to poor legibility of code, making it difficult to understand and maintain.
Test: Problems found in implementations involving testing or monitoring subcomponents.
Defect: Identified defects in the system that should be addressed.
Design: Areas which violate good software design practices, causing poor flexibility to evolving business needs.
Documentation: Inadequate documentation that exists within the software system.

Choose and assign ONE label among: Implementation, Test, Defect, Design, or Documentation.

### Technical debt comment: """""" // SSS: FIXME: Somewhere here, we need to record information the type of this operand as String """"""",IMPLEMENTATION,DESIGN
"Self-admitted technical debt (SATD) is technical debt admitted by the developer through source code comments.
There are five types of software technical debts:

Implementation: Bad coding practices leading to poor legibility of code, making it difficult to understand and maintain.
Test: Problems found in implementations involving testing or monitoring subcomponents.
Defect: Identified defects in the system that should be addressed.
Design: Areas which violate good software design practices, causing poor flexibility to evolving business needs.
Documentation: Inadequate documentation that exists within the software system.

Choose and assign ONE label among: Implementation, Test, Defect, Design, or Documentation.

### Technical debt comment: """""" /** TODO: Spring-inject when this class is a Spring bean */ """"""",DESIGN,DESIGN
"Self-admitted technical debt (SATD) is technical debt admitted by the developer through source code comments.
There are five types of software technical debts:

Implementation: Bad coding practices leading to poor legibility of code, making it difficult to understand and maintain.
Test: Problems found in implementations involving testing or monitoring subcomponents.
Defect: Identified defects in the system that should be addressed.
Design: Areas which violate good software design practices, causing poor flexibility to evolving business needs.
Documentation: Inadequate documentation that exists within the software system.

Choose and assign ONE label among: Implementation, Test, Defect, Design, or Documentation.

### Technical debt comment: """""" // Not possible to simply re-use the versionPropertyNode here as it causes // OOM errors due to circularity :( """"""",DESIGN,DESIGN
"Self-admitted technical debt (SATD) is technical debt admitted by the developer through source code comments.
There are five types of software technical debts:

Implementation: Bad coding practices leading to poor legibility of code, making it difficult to understand and maintain.
Test: Problems found in implementations involving testing or monitoring subcomponents.
Defect: Identified defects in the system that should be addressed.
Design: Areas which violate good software design practices, causing poor flexibility to evolving business needs.
Documentation: Inadequate documentation that exists within the software system.

Choose and assign ONE label among: Implementation, Test, Defect, Design, or Documentation.

### Technical debt comment: """""" // ?R  | boolean | True if file is readable by the real uid/gid of the caller // FIXME: Need to implement an readable_real_p in FileTest """"""",TEST,DESIGN
"Self-admitted technical debt (SATD) is technical debt admitted by the developer through source code comments.
There are five types of software technical debts:

Implementation: Bad coding practices leading to poor legibility of code, making it difficult to understand and maintain.
Test: Problems found in implementations involving testing or monitoring subcomponents.
Defect: Identified defects in the system that should be addressed.
Design: Areas which violate good software design practices, causing poor flexibility to evolving business needs.
Documentation: Inadequate documentation that exists within the software system.

Choose and assign ONE label among: Implementation, Test, Defect, Design, or Documentation.

### Technical debt comment: """""" // FIXME: do we really want 'declared' methods?  includes private/protected, and does _not_ // include superclass methods """"""",DESIGN,DESIGN
"Self-admitted technical debt (SATD) is technical debt admitted by the developer through source code comments.
There are five types of software technical debts:

Implementation: Bad coding practices leading to poor legibility of code, making it difficult to understand and maintain.
Test: Problems found in implementations involving testing or monitoring subcomponents.
Defect: Identified defects in the system that should be addressed.
Design: Areas which violate good software design practices, causing poor flexibility to evolving business needs.
Documentation: Inadequate documentation that exists within the software system.

Choose and assign ONE label among: Implementation, Test, Defect, Design, or Documentation.

### Technical debt comment: """""" // This will have problems if the smallest possible // data segment is smaller than the size of the buffer // needed for regex matching """"""",DEFECT,DEFECT
"Self-admitted technical debt (SATD) is technical debt admitted by the developer through source code comments.
There are five types of software technical debts:

Implementation: Bad coding practices leading to poor legibility of code, making it difficult to understand and maintain.
Test: Problems found in implementations involving testing or monitoring subcomponents.
Defect: Identified defects in the system that should be addressed.
Design: Areas which violate good software design practices, causing poor flexibility to evolving business needs.
Documentation: Inadequate documentation that exists within the software system.

Choose and assign ONE label among: Implementation, Test, Defect, Design, or Documentation.

### Technical debt comment: """""" // TODO: fix output when this flag is set to true """"""",DESIGN,DEFECT
"Self-admitted technical debt (SATD) is technical debt admitted by the developer through source code comments.
There are five types of software technical debts:

Implementation: Bad coding practices leading to poor legibility of code, making it difficult to understand and maintain.
Test: Problems found in implementations involving testing or monitoring subcomponents.
Defect: Identified defects in the system that should be addressed.
Design: Areas which violate good software design practices, causing poor flexibility to evolving business needs.
Documentation: Inadequate documentation that exists within the software system.

Choose and assign ONE label among: Implementation, Test, Defect, Design, or Documentation.

### Technical debt comment: """""" // TODO: Shouldn't we do something here? """"""",IMPLEMENTATION,DESIGN
"Self-admitted technical debt (SATD) is technical debt admitted by the developer through source code comments.
There are five types of software technical debts:

Implementation: Bad coding practices leading to poor legibility of code, making it difficult to understand and maintain.
Test: Problems found in implementations involving testing or monitoring subcomponents.
Defect: Identified defects in the system that should be addressed.
Design: Areas which violate good software design practices, causing poor flexibility to evolving business needs.
Documentation: Inadequate documentation that exists within the software system.

Choose and assign ONE label among: Implementation, Test, Defect, Design, or Documentation.

### Technical debt comment: """""" // TODO: Once we have fixed all subclasses the title will // always be localized so this localization can be removed. """"""",DESIGN,DESIGN
"Self-admitted technical debt (SATD) is technical debt admitted by the developer through source code comments.
There are five types of software technical debts:

Implementation: Bad coding practices leading to poor legibility of code, making it difficult to understand and maintain.
Test: Problems found in implementations involving testing or monitoring subcomponents.
Defect: Identified defects in the system that should be addressed.
Design: Areas which violate good software design practices, causing poor flexibility to evolving business needs.
Documentation: Inadequate documentation that exists within the software system.

Choose and assign ONE label among: Implementation, Test, Defect, Design, or Documentation.

### Technical debt comment: """""" // TODO only clear the relevant entry - if possible... """"""",DESIGN,DESIGN
"Self-admitted technical debt (SATD) is technical debt admitted by the developer through source code comments.
There are five types of software technical debts:

Implementation: Bad coding practices leading to poor legibility of code, making it difficult to understand and maintain.
Test: Problems found in implementations involving testing or monitoring subcomponents.
Defect: Identified defects in the system that should be addressed.
Design: Areas which violate good software design practices, causing poor flexibility to evolving business needs.
Documentation: Inadequate documentation that exists within the software system.

Choose and assign ONE label among: Implementation, Test, Defect, Design, or Documentation.

### Technical debt comment: """""" // not strictly necessary, since the // renderer set for the // parent plot is not used """"""",DESIGN,DESIGN
"Self-admitted technical debt (SATD) is technical debt admitted by the developer through source code comments.
There are five types of software technical debts:

Implementation: Bad coding practices leading to poor legibility of code, making it difficult to understand and maintain.
Test: Problems found in implementations involving testing or monitoring subcomponents.
Defect: Identified defects in the system that should be addressed.
Design: Areas which violate good software design practices, causing poor flexibility to evolving business needs.
Documentation: Inadequate documentation that exists within the software system.

Choose and assign ONE label among: Implementation, Test, Defect, Design, or Documentation.

### Technical debt comment: """""" // TODO: should the constraint name simply be the column name or something more like a constraint // name? """"""",DESIGN,DESIGN
"Self-admitted technical debt (SATD) is technical debt admitted by the developer through source code comments.
There are five types of software technical debts:

Implementation: Bad coding practices leading to poor legibility of code, making it difficult to understand and maintain.
Test: Problems found in implementations involving testing or monitoring subcomponents.
Defect: Identified defects in the system that should be addressed.
Design: Areas which violate good software design practices, causing poor flexibility to evolving business needs.
Documentation: Inadequate documentation that exists within the software system.

Choose and assign ONE label among: Implementation, Test, Defect, Design, or Documentation.

### Technical debt comment: """""" // TODO: This shouldn't know about the specific type of Fig that // is being displayed.  That couples it too strongly to things it // shouldn't need to know about - tfm - 20070924 """"""",DESIGN,DESIGN
"Self-admitted technical debt (SATD) is technical debt admitted by the developer through source code comments.
There are five types of software technical debts:

Implementation: Bad coding practices leading to poor legibility of code, making it difficult to understand and maintain.
Test: Problems found in implementations involving testing or monitoring subcomponents.
Defect: Identified defects in the system that should be addressed.
Design: Areas which violate good software design practices, causing poor flexibility to evolving business needs.
Documentation: Inadequate documentation that exists within the software system.

Choose and assign ONE label among: Implementation, Test, Defect, Design, or Documentation.

### Technical debt comment: """""" // I don't know if this should be run this deferred // because we might have to give the editor a chance to process the viewer update events // and hence to update the views first. // // """"""",IMPLEMENTATION,IMPLEMENTATION
"Self-admitted technical debt (SATD) is technical debt admitted by the developer through source code comments.
There are five types of software technical debts:

Implementation: Bad coding practices leading to poor legibility of code, making it difficult to understand and maintain.
Test: Problems found in implementations involving testing or monitoring subcomponents.
Defect: Identified defects in the system that should be addressed.
Design: Areas which violate good software design practices, causing poor flexibility to evolving business needs.
Documentation: Inadequate documentation that exists within the software system.

Choose and assign ONE label among: Implementation, Test, Defect, Design, or Documentation.

### Technical debt comment: """""" // Maybe we should consider creating a global cache for the // random files to make JMeter more efficient. """"""",DESIGN,DESIGN
"Self-admitted technical debt (SATD) is technical debt admitted by the developer through source code comments.
There are five types of software technical debts:

Implementation: Bad coding practices leading to poor legibility of code, making it difficult to understand and maintain.
Test: Problems found in implementations involving testing or monitoring subcomponents.
Defect: Identified defects in the system that should be addressed.
Design: Areas which violate good software design practices, causing poor flexibility to evolving business needs.
Documentation: Inadequate documentation that exists within the software system.

Choose and assign ONE label among: Implementation, Test, Defect, Design, or Documentation.

### Technical debt comment: """""" // TODO (@author fdietz): implement custom menuitem renderer """"""",DESIGN,DESIGN
"Self-admitted technical debt (SATD) is technical debt admitted by the developer through source code comments.
There are five types of software technical debts:

Implementation: Bad coding practices leading to poor legibility of code, making it difficult to understand and maintain.
Test: Problems found in implementations involving testing or monitoring subcomponents.
Defect: Identified defects in the system that should be addressed.
Design: Areas which violate good software design practices, causing poor flexibility to evolving business needs.
Documentation: Inadequate documentation that exists within the software system.

Choose and assign ONE label among: Implementation, Test, Defect, Design, or Documentation.

### Technical debt comment: """""" // FIXME: for some reason this dispatcher causes a VerifyError... //classClass.dispatcher = callbackFactory.createDispatcher(classClass); """"""",DEFECT,DEFECT
"Self-admitted technical debt (SATD) is technical debt admitted by the developer through source code comments.
There are five types of software technical debts:

Implementation: Bad coding practices leading to poor legibility of code, making it difficult to understand and maintain.
Test: Problems found in implementations involving testing or monitoring subcomponents.
Defect: Identified defects in the system that should be addressed.
Design: Areas which violate good software design practices, causing poor flexibility to evolving business needs.
Documentation: Inadequate documentation that exists within the software system.

Choose and assign ONE label among: Implementation, Test, Defect, Design, or Documentation.

### Technical debt comment: """""" // not needed """"""",IMPLEMENTATION,IMPLEMENTATION
"Self-admitted technical debt (SATD) is technical debt admitted by the developer through source code comments.
There are five types of software technical debts:

Implementation: Bad coding practices leading to poor legibility of code, making it difficult to understand and maintain.
Test: Problems found in implementations involving testing or monitoring subcomponents.
Defect: Identified defects in the system that should be addressed.
Design: Areas which violate good software design practices, causing poor flexibility to evolving business needs.
Documentation: Inadequate documentation that exists within the software system.

Choose and assign ONE label among: Implementation, Test, Defect, Design, or Documentation.

### Technical debt comment: """""" // TODO should we allow null for non-primitive types? """"""",DESIGN,DESIGN
"Self-admitted technical debt (SATD) is technical debt admitted by the developer through source code comments.
There are five types of software technical debts:

Implementation: Bad coding practices leading to poor legibility of code, making it difficult to understand and maintain.
Test: Problems found in implementations involving testing or monitoring subcomponents.
Defect: Identified defects in the system that should be addressed.
Design: Areas which violate good software design practices, causing poor flexibility to evolving business needs.
Documentation: Inadequate documentation that exists within the software system.

Choose and assign ONE label among: Implementation, Test, Defect, Design, or Documentation.

### Technical debt comment: """""" // TODO - should LF-only EOL be allowed?  """"""",DESIGN,DESIGN
"Self-admitted technical debt (SATD) is technical debt admitted by the developer through source code comments.
There are five types of software technical debts:

Implementation: Bad coding practices leading to poor legibility of code, making it difficult to understand and maintain.
Test: Problems found in implementations involving testing or monitoring subcomponents.
Defect: Identified defects in the system that should be addressed.
Design: Areas which violate good software design practices, causing poor flexibility to evolving business needs.
Documentation: Inadequate documentation that exists within the software system.

Choose and assign ONE label among: Implementation, Test, Defect, Design, or Documentation.

### Technical debt comment: """""" // TODO Should this method be synchronized ? all other function execute are """"""",DESIGN,DESIGN
"Self-admitted technical debt (SATD) is technical debt admitted by the developer through source code comments.
There are five types of software technical debts:

Implementation: Bad coding practices leading to poor legibility of code, making it difficult to understand and maintain.
Test: Problems found in implementations involving testing or monitoring subcomponents.
Defect: Identified defects in the system that should be addressed.
Design: Areas which violate good software design practices, causing poor flexibility to evolving business needs.
Documentation: Inadequate documentation that exists within the software system.

Choose and assign ONE label among: Implementation, Test, Defect, Design, or Documentation.

### Technical debt comment: """""" /**
     * Copy a file from source to destination.
     *
     * TODO: Perhaps belongs in a utilities class of some sort.
     *
     * @param source the source file to be copied
     * @param dest the destination file
     * @return success status flag
     */ """"""",DESIGN,DESIGN
"Self-admitted technical debt (SATD) is technical debt admitted by the developer through source code comments.
There are five types of software technical debts:

Implementation: Bad coding practices leading to poor legibility of code, making it difficult to understand and maintain.
Test: Problems found in implementations involving testing or monitoring subcomponents.
Defect: Identified defects in the system that should be addressed.
Design: Areas which violate good software design practices, causing poor flexibility to evolving business needs.
Documentation: Inadequate documentation that exists within the software system.

Choose and assign ONE label among: Implementation, Test, Defect, Design, or Documentation.

### Technical debt comment: """""" // not needed """"""",IMPLEMENTATION,IMPLEMENTATION
"Self-admitted technical debt (SATD) is technical debt admitted by the developer through source code comments.
There are five types of software technical debts:

Implementation: Bad coding practices leading to poor legibility of code, making it difficult to understand and maintain.
Test: Problems found in implementations involving testing or monitoring subcomponents.
Defect: Identified defects in the system that should be addressed.
Design: Areas which violate good software design practices, causing poor flexibility to evolving business needs.
Documentation: Inadequate documentation that exists within the software system.

Choose and assign ONE label among: Implementation, Test, Defect, Design, or Documentation.

### Technical debt comment: """""" // TODO: Add standard stereotype?  Set is open ended, but // predefined names include: call, create, instantiate, send """"""",DESIGN,DESIGN
"Self-admitted technical debt (SATD) is technical debt admitted by the developer through source code comments.
There are five types of software technical debts:

Implementation: Bad coding practices leading to poor legibility of code, making it difficult to understand and maintain.
Test: Problems found in implementations involving testing or monitoring subcomponents.
Defect: Identified defects in the system that should be addressed.
Design: Areas which violate good software design practices, causing poor flexibility to evolving business needs.
Documentation: Inadequate documentation that exists within the software system.

Choose and assign ONE label among: Implementation, Test, Defect, Design, or Documentation.

### Technical debt comment: """""" /**
	 * **FIXME** This function needs documentation
	 * 
	 * @return String
	 * @param String
	 *            Name
	 *  
	 */ """"""",DOCUMENTATION,DOCUMENTATION
"Self-admitted technical debt (SATD) is technical debt admitted by the developer through source code comments.
There are five types of software technical debts:

Implementation: Bad coding practices leading to poor legibility of code, making it difficult to understand and maintain.
Test: Problems found in implementations involving testing or monitoring subcomponents.
Defect: Identified defects in the system that should be addressed.
Design: Areas which violate good software design practices, causing poor flexibility to evolving business needs.
Documentation: Inadequate documentation that exists within the software system.

Choose and assign ONE label among: Implementation, Test, Defect, Design, or Documentation.

### Technical debt comment: """""" // TODO: Use default value of appropriate type here """"""",DESIGN,DESIGN
"Self-admitted technical debt (SATD) is technical debt admitted by the developer through source code comments.
There are five types of software technical debts:

Implementation: Bad coding practices leading to poor legibility of code, making it difficult to understand and maintain.
Test: Problems found in implementations involving testing or monitoring subcomponents.
Defect: Identified defects in the system that should be addressed.
Design: Areas which violate good software design practices, causing poor flexibility to evolving business needs.
Documentation: Inadequate documentation that exists within the software system.

Choose and assign ONE label among: Implementation, Test, Defect, Design, or Documentation.

### Technical debt comment: """""" // here we could probably be a little faster by searching for both // indices simultaneously, but I'll look at that later if it seems // like it matters... """"""",DESIGN,DESIGN
"Self-admitted technical debt (SATD) is technical debt admitted by the developer through source code comments.
There are five types of software technical debts:

Implementation: Bad coding practices leading to poor legibility of code, making it difficult to understand and maintain.
Test: Problems found in implementations involving testing or monitoring subcomponents.
Defect: Identified defects in the system that should be addressed.
Design: Areas which violate good software design practices, causing poor flexibility to evolving business needs.
Documentation: Inadequate documentation that exists within the software system.

Choose and assign ONE label among: Implementation, Test, Defect, Design, or Documentation.

### Technical debt comment: """""" //?? Future: may want to create TablePopupMenu to allow cut/copy/paste operations """"""",IMPLEMENTATION,DESIGN
"Self-admitted technical debt (SATD) is technical debt admitted by the developer through source code comments.
There are five types of software technical debts:

Implementation: Bad coding practices leading to poor legibility of code, making it difficult to understand and maintain.
Test: Problems found in implementations involving testing or monitoring subcomponents.
Defect: Identified defects in the system that should be addressed.
Design: Areas which violate good software design practices, causing poor flexibility to evolving business needs.
Documentation: Inadequate documentation that exists within the software system.

Choose and assign ONE label among: Implementation, Test, Defect, Design, or Documentation.

### Technical debt comment: """""" /*
		  * Algorithm
		  * Check for any level one nullability breaks
		  * Look at non null components to
		  *   recursively check next level of nullability breaks
		  * Look at Collections contraining component to
		  *   recursively check next level of nullability breaks
		  *
		  *
		  * In the previous implementation, not-null stuffs where checked
		  * filtering by level one only updateable
		  * or insertable columns. So setting a sub component as update=""false""
		  * has no effect on not-null check if the main component had good checkeability
		  * In this implementation, we keep this feature.
		  * However, I never see any documentation mentioning that, but it's for
		  * sure a limitation.
		  */ """"""",DEFECT,DEFECT
"Self-admitted technical debt (SATD) is technical debt admitted by the developer through source code comments.
There are five types of software technical debts:

Implementation: Bad coding practices leading to poor legibility of code, making it difficult to understand and maintain.
Test: Problems found in implementations involving testing or monitoring subcomponents.
Defect: Identified defects in the system that should be addressed.
Design: Areas which violate good software design practices, causing poor flexibility to evolving business needs.
Documentation: Inadequate documentation that exists within the software system.

Choose and assign ONE label among: Implementation, Test, Defect, Design, or Documentation.

### Technical debt comment: """""" // Does this dialect support FOR UPDATE OF, allowing particular rows to be locked? """"""",DESIGN,DESIGN
"Self-admitted technical debt (SATD) is technical debt admitted by the developer through source code comments.
There are five types of software technical debts:

Implementation: Bad coding practices leading to poor legibility of code, making it difficult to understand and maintain.
Test: Problems found in implementations involving testing or monitoring subcomponents.
Defect: Identified defects in the system that should be addressed.
Design: Areas which violate good software design practices, causing poor flexibility to evolving business needs.
Documentation: Inadequate documentation that exists within the software system.

Choose and assign ONE label among: Implementation, Test, Defect, Design, or Documentation.

### Technical debt comment: """""" //this is the temporary solution for issue 1011 """"""",DESIGN,DESIGN
"Self-admitted technical debt (SATD) is technical debt admitted by the developer through source code comments.
There are five types of software technical debts:

Implementation: Bad coding practices leading to poor legibility of code, making it difficult to understand and maintain.
Test: Problems found in implementations involving testing or monitoring subcomponents.
Defect: Identified defects in the system that should be addressed.
Design: Areas which violate good software design practices, causing poor flexibility to evolving business needs.
Documentation: Inadequate documentation that exists within the software system.

Choose and assign ONE label among: Implementation, Test, Defect, Design, or Documentation.

### Technical debt comment: """""" // TODO: There is a cyclic dependency between SelectionRerouteEdge // and FigEdgeModelElement """"""",DESIGN,DESIGN
"Self-admitted technical debt (SATD) is technical debt admitted by the developer through source code comments.
There are five types of software technical debts:

Implementation: Bad coding practices leading to poor legibility of code, making it difficult to understand and maintain.
Test: Problems found in implementations involving testing or monitoring subcomponents.
Defect: Identified defects in the system that should be addressed.
Design: Areas which violate good software design practices, causing poor flexibility to evolving business needs.
Documentation: Inadequate documentation that exists within the software system.

Choose and assign ONE label among: Implementation, Test, Defect, Design, or Documentation.

### Technical debt comment: """""" // TODO: is this the correct default? """"""",DESIGN,DESIGN
"Self-admitted technical debt (SATD) is technical debt admitted by the developer through source code comments.
There are five types of software technical debts:

Implementation: Bad coding practices leading to poor legibility of code, making it difficult to understand and maintain.
Test: Problems found in implementations involving testing or monitoring subcomponents.
Defect: Identified defects in the system that should be addressed.
Design: Areas which violate good software design practices, causing poor flexibility to evolving business needs.
Documentation: Inadequate documentation that exists within the software system.

Choose and assign ONE label among: Implementation, Test, Defect, Design, or Documentation.

### Technical debt comment: """""" // table=null -> an association // - fill it in later //TODO fill in the mappings for table == null """"""",IMPLEMENTATION,IMPLEMENTATION
"Self-admitted technical debt (SATD) is technical debt admitted by the developer through source code comments.
There are five types of software technical debts:

Implementation: Bad coding practices leading to poor legibility of code, making it difficult to understand and maintain.
Test: Problems found in implementations involving testing or monitoring subcomponents.
Defect: Identified defects in the system that should be addressed.
Design: Areas which violate good software design practices, causing poor flexibility to evolving business needs.
Documentation: Inadequate documentation that exists within the software system.

Choose and assign ONE label among: Implementation, Test, Defect, Design, or Documentation.

### Technical debt comment: """""" // defer argument checking """"""",DESIGN,DESIGN
"Self-admitted technical debt (SATD) is technical debt admitted by the developer through source code comments.
There are five types of software technical debts:

Implementation: Bad coding practices leading to poor legibility of code, making it difficult to understand and maintain.
Test: Problems found in implementations involving testing or monitoring subcomponents.
Defect: Identified defects in the system that should be addressed.
Design: Areas which violate good software design practices, causing poor flexibility to evolving business needs.
Documentation: Inadequate documentation that exists within the software system.

Choose and assign ONE label among: Implementation, Test, Defect, Design, or Documentation.

### Technical debt comment: """""" // TODO downcase UPPER case non-final variables """"""",DESIGN,DESIGN
"Self-admitted technical debt (SATD) is technical debt admitted by the developer through source code comments.
There are five types of software technical debts:

Implementation: Bad coding practices leading to poor legibility of code, making it difficult to understand and maintain.
Test: Problems found in implementations involving testing or monitoring subcomponents.
Defect: Identified defects in the system that should be addressed.
Design: Areas which violate good software design practices, causing poor flexibility to evolving business needs.
Documentation: Inadequate documentation that exists within the software system.

Choose and assign ONE label among: Implementation, Test, Defect, Design, or Documentation.

### Technical debt comment: """""" // should header be saved with the data? //$NON-NLS-1$ """"""",DESIGN,DESIGN
"Self-admitted technical debt (SATD) is technical debt admitted by the developer through source code comments.
There are five types of software technical debts:

Implementation: Bad coding practices leading to poor legibility of code, making it difficult to understand and maintain.
Test: Problems found in implementations involving testing or monitoring subcomponents.
Defect: Identified defects in the system that should be addressed.
Design: Areas which violate good software design practices, causing poor flexibility to evolving business needs.
Documentation: Inadequate documentation that exists within the software system.

Choose and assign ONE label among: Implementation, Test, Defect, Design, or Documentation.

### Technical debt comment: """""" // FIXME: I don't like this """"""",DESIGN,DESIGN
"Self-admitted technical debt (SATD) is technical debt admitted by the developer through source code comments.
There are five types of software technical debts:

Implementation: Bad coding practices leading to poor legibility of code, making it difficult to understand and maintain.
Test: Problems found in implementations involving testing or monitoring subcomponents.
Defect: Identified defects in the system that should be addressed.
Design: Areas which violate good software design practices, causing poor flexibility to evolving business needs.
Documentation: Inadequate documentation that exists within the software system.

Choose and assign ONE label among: Implementation, Test, Defect, Design, or Documentation.

### Technical debt comment: """""" /*
     * Perform re-routing if src/dest nodes have changed.
     *
     * <p>This method needs to be 'armed' by a previous mouseDragged()
     * to avoid the situation where the user just clicks on the node
     * then clicks on some unrelated Fig, without moving the edge...
     *
     * <p>TODO: improve the fig finding algorithm to find the top most fig
     * in the layer. will be useful for nested states in a statechart.
     *
     * @see java.awt.event.MouseListener#mouseReleased(java.awt.event.MouseEvent)
     */ """"""",IMPLEMENTATION,IMPLEMENTATION
"Self-admitted technical debt (SATD) is technical debt admitted by the developer through source code comments.
There are five types of software technical debts:

Implementation: Bad coding practices leading to poor legibility of code, making it difficult to understand and maintain.
Test: Problems found in implementations involving testing or monitoring subcomponents.
Defect: Identified defects in the system that should be addressed.
Design: Areas which violate good software design practices, causing poor flexibility to evolving business needs.
Documentation: Inadequate documentation that exists within the software system.

Choose and assign ONE label among: Implementation, Test, Defect, Design, or Documentation.

### Technical debt comment: """""" // TODO: We should really be passing the default settings to // the diagram factory so they get set at creation time """"""",DESIGN,DESIGN
"Self-admitted technical debt (SATD) is technical debt admitted by the developer through source code comments.
There are five types of software technical debts:

Implementation: Bad coding practices leading to poor legibility of code, making it difficult to understand and maintain.
Test: Problems found in implementations involving testing or monitoring subcomponents.
Defect: Identified defects in the system that should be addressed.
Design: Areas which violate good software design practices, causing poor flexibility to evolving business needs.
Documentation: Inadequate documentation that exists within the software system.

Choose and assign ONE label among: Implementation, Test, Defect, Design, or Documentation.

### Technical debt comment: """""" // Our superclass no longer has this method, so perhaps this whole // thing should be removed? - tfm  //        super.updateListeners(newOwner); """"""",DESIGN,DESIGN
"Self-admitted technical debt (SATD) is technical debt admitted by the developer through source code comments.
There are five types of software technical debts:

Implementation: Bad coding practices leading to poor legibility of code, making it difficult to understand and maintain.
Test: Problems found in implementations involving testing or monitoring subcomponents.
Defect: Identified defects in the system that should be addressed.
Design: Areas which violate good software design practices, causing poor flexibility to evolving business needs.
Documentation: Inadequate documentation that exists within the software system.

Choose and assign ONE label among: Implementation, Test, Defect, Design, or Documentation.

### Technical debt comment: """""" // TODO: should have an image of a wizard or some logo """"""",IMPLEMENTATION,DESIGN
"Self-admitted technical debt (SATD) is technical debt admitted by the developer through source code comments.
There are five types of software technical debts:

Implementation: Bad coding practices leading to poor legibility of code, making it difficult to understand and maintain.
Test: Problems found in implementations involving testing or monitoring subcomponents.
Defect: Identified defects in the system that should be addressed.
Design: Areas which violate good software design practices, causing poor flexibility to evolving business needs.
Documentation: Inadequate documentation that exists within the software system.

Choose and assign ONE label among: Implementation, Test, Defect, Design, or Documentation.

### Technical debt comment: """""" /* Workaround for JRUBY-2326 (MRI does not enter this production for some reason)*/ """"""",DESIGN,DESIGN
"Self-admitted technical debt (SATD) is technical debt admitted by the developer through source code comments.
There are five types of software technical debts:

Implementation: Bad coding practices leading to poor legibility of code, making it difficult to understand and maintain.
Test: Problems found in implementations involving testing or monitoring subcomponents.
Defect: Identified defects in the system that should be addressed.
Design: Areas which violate good software design practices, causing poor flexibility to evolving business needs.
Documentation: Inadequate documentation that exists within the software system.

Choose and assign ONE label among: Implementation, Test, Defect, Design, or Documentation.

### Technical debt comment: """""" //TODO: does this really need to be here? //      does the collection already have //      it's own up-to-date snapshot? """"""",DESIGN,DESIGN
"Self-admitted technical debt (SATD) is technical debt admitted by the developer through source code comments.
There are five types of software technical debts:

Implementation: Bad coding practices leading to poor legibility of code, making it difficult to understand and maintain.
Test: Problems found in implementations involving testing or monitoring subcomponents.
Defect: Identified defects in the system that should be addressed.
Design: Areas which violate good software design practices, causing poor flexibility to evolving business needs.
Documentation: Inadequate documentation that exists within the software system.

Choose and assign ONE label among: Implementation, Test, Defect, Design, or Documentation.

### Technical debt comment: """""" // TODO: Do we need this Generalization is not a named element """"""",DESIGN,DESIGN
"Self-admitted technical debt (SATD) is technical debt admitted by the developer through source code comments.
There are five types of software technical debts:

Implementation: Bad coding practices leading to poor legibility of code, making it difficult to understand and maintain.
Test: Problems found in implementations involving testing or monitoring subcomponents.
Defect: Identified defects in the system that should be addressed.
Design: Areas which violate good software design practices, causing poor flexibility to evolving business needs.
Documentation: Inadequate documentation that exists within the software system.

Choose and assign ONE label among: Implementation, Test, Defect, Design, or Documentation.

### Technical debt comment: """""" // TODO strings should be resources """"""",DESIGN,DESIGN
"Self-admitted technical debt (SATD) is technical debt admitted by the developer through source code comments.
There are five types of software technical debts:

Implementation: Bad coding practices leading to poor legibility of code, making it difficult to understand and maintain.
Test: Problems found in implementations involving testing or monitoring subcomponents.
Defect: Identified defects in the system that should be addressed.
Design: Areas which violate good software design practices, causing poor flexibility to evolving business needs.
Documentation: Inadequate documentation that exists within the software system.

Choose and assign ONE label among: Implementation, Test, Defect, Design, or Documentation.

### Technical debt comment: """""" // hack: if start and end time is at 00:00:00:000 it is // an all day event """"""",DESIGN,DESIGN
"Self-admitted technical debt (SATD) is technical debt admitted by the developer through source code comments.
There are five types of software technical debts:

Implementation: Bad coding practices leading to poor legibility of code, making it difficult to understand and maintain.
Test: Problems found in implementations involving testing or monitoring subcomponents.
Defect: Identified defects in the system that should be addressed.
Design: Areas which violate good software design practices, causing poor flexibility to evolving business needs.
Documentation: Inadequate documentation that exists within the software system.

Choose and assign ONE label among: Implementation, Test, Defect, Design, or Documentation.

### Technical debt comment: """""" /* work-around for bug which means we must use ""dbo"" for schema */ """"""",DESIGN,DESIGN
"Self-admitted technical debt (SATD) is technical debt admitted by the developer through source code comments.
There are five types of software technical debts:

Implementation: Bad coding practices leading to poor legibility of code, making it difficult to understand and maintain.
Test: Problems found in implementations involving testing or monitoring subcomponents.
Defect: Identified defects in the system that should be addressed.
Design: Areas which violate good software design practices, causing poor flexibility to evolving business needs.
Documentation: Inadequate documentation that exists within the software system.

Choose and assign ONE label among: Implementation, Test, Defect, Design, or Documentation.

### Technical debt comment: """""" // TODO: AddOnly has been removed in UML 2.x, so we should phase out // support of it - tfm - 20070529 """"""",DESIGN,DESIGN
"Self-admitted technical debt (SATD) is technical debt admitted by the developer through source code comments.
There are five types of software technical debts:

Implementation: Bad coding practices leading to poor legibility of code, making it difficult to understand and maintain.
Test: Problems found in implementations involving testing or monitoring subcomponents.
Defect: Identified defects in the system that should be addressed.
Design: Areas which violate good software design practices, causing poor flexibility to evolving business needs.
Documentation: Inadequate documentation that exists within the software system.

Choose and assign ONE label among: Implementation, Test, Defect, Design, or Documentation.

### Technical debt comment: """""" // TODO: Need UML 2.x equivalent """"""",IMPLEMENTATION,IMPLEMENTATION
"Self-admitted technical debt (SATD) is technical debt admitted by the developer through source code comments.
There are five types of software technical debts:

Implementation: Bad coding practices leading to poor legibility of code, making it difficult to understand and maintain.
Test: Problems found in implementations involving testing or monitoring subcomponents.
Defect: Identified defects in the system that should be addressed.
Design: Areas which violate good software design practices, causing poor flexibility to evolving business needs.
Documentation: Inadequate documentation that exists within the software system.

Choose and assign ONE label among: Implementation, Test, Defect, Design, or Documentation.

### Technical debt comment: """""" // TODO: Put throws clause back in // Empty method. """"""",IMPLEMENTATION,IMPLEMENTATION
"Self-admitted technical debt (SATD) is technical debt admitted by the developer through source code comments.
There are five types of software technical debts:

Implementation: Bad coding practices leading to poor legibility of code, making it difficult to understand and maintain.
Test: Problems found in implementations involving testing or monitoring subcomponents.
Defect: Identified defects in the system that should be addressed.
Design: Areas which violate good software design practices, causing poor flexibility to evolving business needs.
Documentation: Inadequate documentation that exists within the software system.

Choose and assign ONE label among: Implementation, Test, Defect, Design, or Documentation.

### Technical debt comment: """""" // Some tables have pseudo column primary keys and others // do not.  JDBC on some DBMSs does not handle pseudo // columns 'correctly'.  Also, getTables returns 'views' as // well as tables, so the thing we are looking at might not // be a table. (JDBC does not give a simple way to // determine what we are looking at since the type of // object is described in a DBMS-specific encoding.)  For // these reasons, rather than testing for all these // conditions, we just try using the pseudo column info to // get the table data, and if that fails, we try to get the // table data without using the pseudo column. // TODO: Should we change the mode from editable to // non-editable? """"""",DESIGN,DESIGN
"Self-admitted technical debt (SATD) is technical debt admitted by the developer through source code comments.
There are five types of software technical debts:

Implementation: Bad coding practices leading to poor legibility of code, making it difficult to understand and maintain.
Test: Problems found in implementations involving testing or monitoring subcomponents.
Defect: Identified defects in the system that should be addressed.
Design: Areas which violate good software design practices, causing poor flexibility to evolving business needs.
Documentation: Inadequate documentation that exists within the software system.

Choose and assign ONE label among: Implementation, Test, Defect, Design, or Documentation.

### Technical debt comment: """""" // How much control should critics have over when they are relavant? // Does doing that in code instead of declaratively limit reasoning? // How does using more semantically rich method calls impact // componentization? """"""",DESIGN,DESIGN
"Self-admitted technical debt (SATD) is technical debt admitted by the developer through source code comments.
There are five types of software technical debts:

Implementation: Bad coding practices leading to poor legibility of code, making it difficult to understand and maintain.
Test: Problems found in implementations involving testing or monitoring subcomponents.
Defect: Identified defects in the system that should be addressed.
Design: Areas which violate good software design practices, causing poor flexibility to evolving business needs.
Documentation: Inadequate documentation that exists within the software system.

Choose and assign ONE label among: Implementation, Test, Defect, Design, or Documentation.

### Technical debt comment: """""" /**
 * This class models the designer who is building a complex design in
 * some application domain and needs continuous feedback to aid in the
 * making of good design decisions.<p>
 *
 * <strong>This area needs work, especially as it is a
 * central idea of Argo.</strong><p>
 *
 * Currently (almost) everything is hardcoded. What can be configurable??<p>
 *
 * The ToDoList is dependent on this class,
 * i.e. each designer has its ToDoList.<p>
 *
 * Each designer has his own Agency,
 * which is the only class that knows all the critics.<p>
 *
 * This class listens to property changes from ...?<p>
 *
 * A designer can create ToDo Items, just like the critics. Hence the designer
 * implements the Poster interface.<p>
 *
 * TODO: There is a strong dependency cycle between Agency and Designer.  They
 * either need to be merged into a single class or partitioned differently,
 * perhaps using an interface to break the cycle.  The Designer singleton gets
 * passed to almost every single part of the Critic subsystem, creating strong
 * coupling throughout. - tfm 20070620
 *
 * @author Jason Robbins
 */ """"""",DESIGN,DESIGN
"Self-admitted technical debt (SATD) is technical debt admitted by the developer through source code comments.
There are five types of software technical debts:

Implementation: Bad coding practices leading to poor legibility of code, making it difficult to understand and maintain.
Test: Problems found in implementations involving testing or monitoring subcomponents.
Defect: Identified defects in the system that should be addressed.
Design: Areas which violate good software design practices, causing poor flexibility to evolving business needs.
Documentation: Inadequate documentation that exists within the software system.

Choose and assign ONE label among: Implementation, Test, Defect, Design, or Documentation.

### Technical debt comment: """""" // This could perhaps be a variable name """"""",DESIGN,DESIGN
"Self-admitted technical debt (SATD) is technical debt admitted by the developer through source code comments.
There are five types of software technical debts:

Implementation: Bad coding practices leading to poor legibility of code, making it difficult to understand and maintain.
Test: Problems found in implementations involving testing or monitoring subcomponents.
Defect: Identified defects in the system that should be addressed.
Design: Areas which violate good software design practices, causing poor flexibility to evolving business needs.
Documentation: Inadequate documentation that exists within the software system.

Choose and assign ONE label among: Implementation, Test, Defect, Design, or Documentation.

### Technical debt comment: """""" // TODO: this doesn't look right - review - tfm """"""",DESIGN,DEFECT
"Self-admitted technical debt (SATD) is technical debt admitted by the developer through source code comments.
There are five types of software technical debts:

Implementation: Bad coding practices leading to poor legibility of code, making it difficult to understand and maintain.
Test: Problems found in implementations involving testing or monitoring subcomponents.
Defect: Identified defects in the system that should be addressed.
Design: Areas which violate good software design practices, causing poor flexibility to evolving business needs.
Documentation: Inadequate documentation that exists within the software system.

Choose and assign ONE label among: Implementation, Test, Defect, Design, or Documentation.

### Technical debt comment: """""" //@GuardedBy(""sampleStore"") TODO perhaps use ConcurrentHashMap ? """"""",DESIGN,DESIGN
"Self-admitted technical debt (SATD) is technical debt admitted by the developer through source code comments.
There are five types of software technical debts:

Implementation: Bad coding practices leading to poor legibility of code, making it difficult to understand and maintain.
Test: Problems found in implementations involving testing or monitoring subcomponents.
Defect: Identified defects in the system that should be addressed.
Design: Areas which violate good software design practices, causing poor flexibility to evolving business needs.
Documentation: Inadequate documentation that exists within the software system.

Choose and assign ONE label among: Implementation, Test, Defect, Design, or Documentation.

### Technical debt comment: """""" // TODO: don't require pop """"""",DEFECT,DEFECT
"Self-admitted technical debt (SATD) is technical debt admitted by the developer through source code comments.
There are five types of software technical debts:

Implementation: Bad coding practices leading to poor legibility of code, making it difficult to understand and maintain.
Test: Problems found in implementations involving testing or monitoring subcomponents.
Defect: Identified defects in the system that should be addressed.
Design: Areas which violate good software design practices, causing poor flexibility to evolving business needs.
Documentation: Inadequate documentation that exists within the software system.

Choose and assign ONE label among: Implementation, Test, Defect, Design, or Documentation.

### Technical debt comment: """""" // Skip formatting for Stored Procedures - They can have // comments embedded in them, and I'm presently not sure // how the formatter handles this. """"""",DESIGN,DESIGN
"Self-admitted technical debt (SATD) is technical debt admitted by the developer through source code comments.
There are five types of software technical debts:

Implementation: Bad coding practices leading to poor legibility of code, making it difficult to understand and maintain.
Test: Problems found in implementations involving testing or monitoring subcomponents.
Defect: Identified defects in the system that should be addressed.
Design: Areas which violate good software design practices, causing poor flexibility to evolving business needs.
Documentation: Inadequate documentation that exists within the software system.

Choose and assign ONE label among: Implementation, Test, Defect, Design, or Documentation.

### Technical debt comment: """""" /* TODO: correctly implement next function
                 * in the model subsystem for
                 * issue 1942: */ """"""",IMPLEMENTATION,IMPLEMENTATION
"Self-admitted technical debt (SATD) is technical debt admitted by the developer through source code comments.
There are five types of software technical debts:

Implementation: Bad coding practices leading to poor legibility of code, making it difficult to understand and maintain.
Test: Problems found in implementations involving testing or monitoring subcomponents.
Defect: Identified defects in the system that should be addressed.
Design: Areas which violate good software design practices, causing poor flexibility to evolving business needs.
Documentation: Inadequate documentation that exists within the software system.

Choose and assign ONE label among: Implementation, Test, Defect, Design, or Documentation.

### Technical debt comment: """""" /**
     * Create an empty but initialized instance of a UML Interface.
     *
     * @return an initialized UML Interface instance.
     * TODO: This needs an extra parameter to specify the model/extent where
     * the new element should be created.
     */ """"""",DESIGN,DESIGN
"Self-admitted technical debt (SATD) is technical debt admitted by the developer through source code comments.
There are five types of software technical debts:

Implementation: Bad coding practices leading to poor legibility of code, making it difficult to understand and maintain.
Test: Problems found in implementations involving testing or monitoring subcomponents.
Defect: Identified defects in the system that should be addressed.
Design: Areas which violate good software design practices, causing poor flexibility to evolving business needs.
Documentation: Inadequate documentation that exists within the software system.

Choose and assign ONE label among: Implementation, Test, Defect, Design, or Documentation.

### Technical debt comment: """""" // TODO: implement this """"""",IMPLEMENTATION,IMPLEMENTATION
"Self-admitted technical debt (SATD) is technical debt admitted by the developer through source code comments.
There are five types of software technical debts:

Implementation: Bad coding practices leading to poor legibility of code, making it difficult to understand and maintain.
Test: Problems found in implementations involving testing or monitoring subcomponents.
Defect: Identified defects in the system that should be addressed.
Design: Areas which violate good software design practices, causing poor flexibility to evolving business needs.
Documentation: Inadequate documentation that exists within the software system.

Choose and assign ONE label among: Implementation, Test, Defect, Design, or Documentation.

### Technical debt comment: """""" // TODO: Send an event instead of calling Explorer directly """"""",DESIGN,DESIGN
"Self-admitted technical debt (SATD) is technical debt admitted by the developer through source code comments.
There are five types of software technical debts:

Implementation: Bad coding practices leading to poor legibility of code, making it difficult to understand and maintain.
Test: Problems found in implementations involving testing or monitoring subcomponents.
Defect: Identified defects in the system that should be addressed.
Design: Areas which violate good software design practices, causing poor flexibility to evolving business needs.
Documentation: Inadequate documentation that exists within the software system.

Choose and assign ONE label among: Implementation, Test, Defect, Design, or Documentation.

### Technical debt comment: """""" // TODO: check if it's OK to just get the first zip entry // since the zip file should contain only one xmi file - thn """"""",IMPLEMENTATION,IMPLEMENTATION
"Self-admitted technical debt (SATD) is technical debt admitted by the developer through source code comments.
There are five types of software technical debts:

Implementation: Bad coding practices leading to poor legibility of code, making it difficult to understand and maintain.
Test: Problems found in implementations involving testing or monitoring subcomponents.
Defect: Identified defects in the system that should be addressed.
Design: Areas which violate good software design practices, causing poor flexibility to evolving business needs.
Documentation: Inadequate documentation that exists within the software system.

Choose and assign ONE label among: Implementation, Test, Defect, Design, or Documentation.

### Technical debt comment: """""" // TODO: handle TypeDefs """"""",IMPLEMENTATION,IMPLEMENTATION
"Self-admitted technical debt (SATD) is technical debt admitted by the developer through source code comments.
There are five types of software technical debts:

Implementation: Bad coding practices leading to poor legibility of code, making it difficult to understand and maintain.
Test: Problems found in implementations involving testing or monitoring subcomponents.
Defect: Identified defects in the system that should be addressed.
Design: Areas which violate good software design practices, causing poor flexibility to evolving business needs.
Documentation: Inadequate documentation that exists within the software system.

Choose and assign ONE label among: Implementation, Test, Defect, Design, or Documentation.

### Technical debt comment: """""" // TODO: may not work on all OSes? """"""",DEFECT,DESIGN
"Self-admitted technical debt (SATD) is technical debt admitted by the developer through source code comments.
There are five types of software technical debts:

Implementation: Bad coding practices leading to poor legibility of code, making it difficult to understand and maintain.
Test: Problems found in implementations involving testing or monitoring subcomponents.
Defect: Identified defects in the system that should be addressed.
Design: Areas which violate good software design practices, causing poor flexibility to evolving business needs.
Documentation: Inadequate documentation that exists within the software system.

Choose and assign ONE label among: Implementation, Test, Defect, Design, or Documentation.

### Technical debt comment: """""" // TODO: for UML 2.x this is isStatic """"""",IMPLEMENTATION,IMPLEMENTATION
"Self-admitted technical debt (SATD) is technical debt admitted by the developer through source code comments.
There are five types of software technical debts:

Implementation: Bad coding practices leading to poor legibility of code, making it difficult to understand and maintain.
Test: Problems found in implementations involving testing or monitoring subcomponents.
Defect: Identified defects in the system that should be addressed.
Design: Areas which violate good software design practices, causing poor flexibility to evolving business needs.
Documentation: Inadequate documentation that exists within the software system.

Choose and assign ONE label among: Implementation, Test, Defect, Design, or Documentation.

### Technical debt comment: """""" // TODO deprecate (since no longer used by getEditPluginClass(), getEditorPluginClass(), getTestSuiteClass()) // """"""",DESIGN,DESIGN
"Self-admitted technical debt (SATD) is technical debt admitted by the developer through source code comments.
There are five types of software technical debts:

Implementation: Bad coding practices leading to poor legibility of code, making it difficult to understand and maintain.
Test: Problems found in implementations involving testing or monitoring subcomponents.
Defect: Identified defects in the system that should be addressed.
Design: Areas which violate good software design practices, causing poor flexibility to evolving business needs.
Documentation: Inadequate documentation that exists within the software system.

Choose and assign ONE label among: Implementation, Test, Defect, Design, or Documentation.

### Technical debt comment: """""" // TODO: Register listener for target ToDo item changes // and for new showStep() requests """"""",IMPLEMENTATION,DESIGN
"Self-admitted technical debt (SATD) is technical debt admitted by the developer through source code comments.
There are five types of software technical debts:

Implementation: Bad coding practices leading to poor legibility of code, making it difficult to understand and maintain.
Test: Problems found in implementations involving testing or monitoring subcomponents.
Defect: Identified defects in the system that should be addressed.
Design: Areas which violate good software design practices, causing poor flexibility to evolving business needs.
Documentation: Inadequate documentation that exists within the software system.

Choose and assign ONE label among: Implementation, Test, Defect, Design, or Documentation.

### Technical debt comment: """""" // TODO @author fdietz: no paging used currently // show only first 5 results """"""",DESIGN,DESIGN
"Self-admitted technical debt (SATD) is technical debt admitted by the developer through source code comments.
There are five types of software technical debts:

Implementation: Bad coding practices leading to poor legibility of code, making it difficult to understand and maintain.
Test: Problems found in implementations involving testing or monitoring subcomponents.
Defect: Identified defects in the system that should be addressed.
Design: Areas which violate good software design practices, causing poor flexibility to evolving business needs.
Documentation: Inadequate documentation that exists within the software system.

Choose and assign ONE label among: Implementation, Test, Defect, Design, or Documentation.

### Technical debt comment: """""" // wtf? """"""",DESIGN,DESIGN
"Self-admitted technical debt (SATD) is technical debt admitted by the developer through source code comments.
There are five types of software technical debts:

Implementation: Bad coding practices leading to poor legibility of code, making it difficult to understand and maintain.
Test: Problems found in implementations involving testing or monitoring subcomponents.
Defect: Identified defects in the system that should be addressed.
Design: Areas which violate good software design practices, causing poor flexibility to evolving business needs.
Documentation: Inadequate documentation that exists within the software system.

Choose and assign ONE label among: Implementation, Test, Defect, Design, or Documentation.

### Technical debt comment: """""" //TODO: is there a better way? """"""",DESIGN,DESIGN
"Self-admitted technical debt (SATD) is technical debt admitted by the developer through source code comments.
There are five types of software technical debts:

Implementation: Bad coding practices leading to poor legibility of code, making it difficult to understand and maintain.
Test: Problems found in implementations involving testing or monitoring subcomponents.
Defect: Identified defects in the system that should be addressed.
Design: Areas which violate good software design practices, causing poor flexibility to evolving business needs.
Documentation: Inadequate documentation that exists within the software system.

Choose and assign ONE label among: Implementation, Test, Defect, Design, or Documentation.

### Technical debt comment: """""" // TODO - is this used? (apart from test code) """"""",DESIGN,DESIGN
"Self-admitted technical debt (SATD) is technical debt admitted by the developer through source code comments.
There are five types of software technical debts:

Implementation: Bad coding practices leading to poor legibility of code, making it difficult to understand and maintain.
Test: Problems found in implementations involving testing or monitoring subcomponents.
Defect: Identified defects in the system that should be addressed.
Design: Areas which violate good software design practices, causing poor flexibility to evolving business needs.
Documentation: Inadequate documentation that exists within the software system.

Choose and assign ONE label among: Implementation, Test, Defect, Design, or Documentation.

### Technical debt comment: """""" // Do we need to add tests for the following? // // AggregationKind // ChangeableKind // MessageDirectionKind // OrderingKind // ParameterDirectionKind // PseudostateKind // ScopeKind // VisibilityKind // """"""",TEST,TEST
"Self-admitted technical debt (SATD) is technical debt admitted by the developer through source code comments.
There are five types of software technical debts:

Implementation: Bad coding practices leading to poor legibility of code, making it difficult to understand and maintain.
Test: Problems found in implementations involving testing or monitoring subcomponents.
Defect: Identified defects in the system that should be addressed.
Design: Areas which violate good software design practices, causing poor flexibility to evolving business needs.
Documentation: Inadequate documentation that exists within the software system.

Choose and assign ONE label among: Implementation, Test, Defect, Design, or Documentation.

### Technical debt comment: """""" /**
 * This panel contains radio buttons that represent the Changeability
 * of an asssociation-end.
 *
 * @author jaap.branderhorst@xs4all.nl
 * @since Jan 4, 2003
 * 
 * TODO: For UML 2.x this needs to be changed to be just ReadOnly (frozen)
 * or not (changeable).
 */ """"""",IMPLEMENTATION,DESIGN
"Self-admitted technical debt (SATD) is technical debt admitted by the developer through source code comments.
There are five types of software technical debts:

Implementation: Bad coding practices leading to poor legibility of code, making it difficult to understand and maintain.
Test: Problems found in implementations involving testing or monitoring subcomponents.
Defect: Identified defects in the system that should be addressed.
Design: Areas which violate good software design practices, causing poor flexibility to evolving business needs.
Documentation: Inadequate documentation that exists within the software system.

Choose and assign ONE label among: Implementation, Test, Defect, Design, or Documentation.

### Technical debt comment: """""" // very subtle... if we leave this for // ensurePhysicalLineIsVisible(), an // extra line will be added to the // scroll line count. """"""",DEFECT,DESIGN
"Self-admitted technical debt (SATD) is technical debt admitted by the developer through source code comments.
There are five types of software technical debts:

Implementation: Bad coding practices leading to poor legibility of code, making it difficult to understand and maintain.
Test: Problems found in implementations involving testing or monitoring subcomponents.
Defect: Identified defects in the system that should be addressed.
Design: Areas which violate good software design practices, causing poor flexibility to evolving business needs.
Documentation: Inadequate documentation that exists within the software system.

Choose and assign ONE label among: Implementation, Test, Defect, Design, or Documentation.

### Technical debt comment: """""" // In case this is called by the AWT thread, log a message - this is most likey a bug """"""",DEFECT,DEFECT
"Self-admitted technical debt (SATD) is technical debt admitted by the developer through source code comments.
There are five types of software technical debts:

Implementation: Bad coding practices leading to poor legibility of code, making it difficult to understand and maintain.
Test: Problems found in implementations involving testing or monitoring subcomponents.
Defect: Identified defects in the system that should be addressed.
Design: Areas which violate good software design practices, causing poor flexibility to evolving business needs.
Documentation: Inadequate documentation that exists within the software system.

Choose and assign ONE label among: Implementation, Test, Defect, Design, or Documentation.

### Technical debt comment: """""" // TODO (@author fdietz): i18n """"""",DESIGN,DESIGN
"Self-admitted technical debt (SATD) is technical debt admitted by the developer through source code comments.
There are five types of software technical debts:

Implementation: Bad coding practices leading to poor legibility of code, making it difficult to understand and maintain.
Test: Problems found in implementations involving testing or monitoring subcomponents.
Defect: Identified defects in the system that should be addressed.
Design: Areas which violate good software design practices, causing poor flexibility to evolving business needs.
Documentation: Inadequate documentation that exists within the software system.

Choose and assign ONE label among: Implementation, Test, Defect, Design, or Documentation.

### Technical debt comment: """""" // optional args, so we have IRubyObject[] // TODO: confirm """"""",DESIGN,DESIGN
"Self-admitted technical debt (SATD) is technical debt admitted by the developer through source code comments.
There are five types of software technical debts:

Implementation: Bad coding practices leading to poor legibility of code, making it difficult to understand and maintain.
Test: Problems found in implementations involving testing or monitoring subcomponents.
Defect: Identified defects in the system that should be addressed.
Design: Areas which violate good software design practices, causing poor flexibility to evolving business needs.
Documentation: Inadequate documentation that exists within the software system.

Choose and assign ONE label among: Implementation, Test, Defect, Design, or Documentation.

### Technical debt comment: """""" // Don't use ""real"" type. Axion sets the column size to 12 by default, // yet it can handle more precision. So data being copied from the real // column can potentially be larger than what the column claims to support. // This will be a problem for other databases that pay attention to the // column size. // TODO: Perhaps re-introduce the REAL type, but use the new // getPrecisionDigits to max out the precision. """"""",DESIGN,DESIGN
"Self-admitted technical debt (SATD) is technical debt admitted by the developer through source code comments.
There are five types of software technical debts:

Implementation: Bad coding practices leading to poor legibility of code, making it difficult to understand and maintain.
Test: Problems found in implementations involving testing or monitoring subcomponents.
Defect: Identified defects in the system that should be addressed.
Design: Areas which violate good software design practices, causing poor flexibility to evolving business needs.
Documentation: Inadequate documentation that exists within the software system.

Choose and assign ONE label among: Implementation, Test, Defect, Design, or Documentation.

### Technical debt comment: """""" // SSS FIXME: Receiver -- this is the class meta object basically? // Operand receiver = build(defsNode.getReceiverNode(), s); """"""",DESIGN,DESIGN
"Self-admitted technical debt (SATD) is technical debt admitted by the developer through source code comments.
There are five types of software technical debts:

Implementation: Bad coding practices leading to poor legibility of code, making it difficult to understand and maintain.
Test: Problems found in implementations involving testing or monitoring subcomponents.
Defect: Identified defects in the system that should be addressed.
Design: Areas which violate good software design practices, causing poor flexibility to evolving business needs.
Documentation: Inadequate documentation that exists within the software system.

Choose and assign ONE label among: Implementation, Test, Defect, Design, or Documentation.

### Technical debt comment: """""" //TODO - need a lot more tests """"""",TEST,DESIGN
"Self-admitted technical debt (SATD) is technical debt admitted by the developer through source code comments.
There are five types of software technical debts:

Implementation: Bad coding practices leading to poor legibility of code, making it difficult to understand and maintain.
Test: Problems found in implementations involving testing or monitoring subcomponents.
Defect: Identified defects in the system that should be addressed.
Design: Areas which violate good software design practices, causing poor flexibility to evolving business needs.
Documentation: Inadequate documentation that exists within the software system.

Choose and assign ONE label among: Implementation, Test, Defect, Design, or Documentation.

### Technical debt comment: """""" // TODO: Someday, enable. """"""",IMPLEMENTATION,IMPLEMENTATION
"Self-admitted technical debt (SATD) is technical debt admitted by the developer through source code comments.
There are five types of software technical debts:

Implementation: Bad coding practices leading to poor legibility of code, making it difficult to understand and maintain.
Test: Problems found in implementations involving testing or monitoring subcomponents.
Defect: Identified defects in the system that should be addressed.
Design: Areas which violate good software design practices, causing poor flexibility to evolving business needs.
Documentation: Inadequate documentation that exists within the software system.

Choose and assign ONE label among: Implementation, Test, Defect, Design, or Documentation.

### Technical debt comment: """""" // ?W  | boolean | True if file1 exists and is writable by the real uid/gid // FIXME: Need to implement an writable_real_p in FileTest """"""",TEST,DESIGN
"Self-admitted technical debt (SATD) is technical debt admitted by the developer through source code comments.
There are five types of software technical debts:

Implementation: Bad coding practices leading to poor legibility of code, making it difficult to understand and maintain.
Test: Problems found in implementations involving testing or monitoring subcomponents.
Defect: Identified defects in the system that should be addressed.
Design: Areas which violate good software design practices, causing poor flexibility to evolving business needs.
Documentation: Inadequate documentation that exists within the software system.

Choose and assign ONE label among: Implementation, Test, Defect, Design, or Documentation.

### Technical debt comment: """""" /**
     * Find all the Figs that visualise the given model element in
     * this layer, or null if there is none.
     * 
     * TODO: once GEF includes this same method in Diagram then this can go
     * 
     * @see org.tigris.gef.base.Diagram#presentationsFor(java.lang.Object)
     */ """"""",DESIGN,DESIGN
"Self-admitted technical debt (SATD) is technical debt admitted by the developer through source code comments.
There are five types of software technical debts:

Implementation: Bad coding practices leading to poor legibility of code, making it difficult to understand and maintain.
Test: Problems found in implementations involving testing or monitoring subcomponents.
Defect: Identified defects in the system that should be addressed.
Design: Areas which violate good software design practices, causing poor flexibility to evolving business needs.
Documentation: Inadequate documentation that exists within the software system.

Choose and assign ONE label among: Implementation, Test, Defect, Design, or Documentation.

### Technical debt comment: """""" // TODO: NOT_ALLOCATABLE_ALLOCATOR is probably ok here. Confirm. JRUBY-415 """"""",DESIGN,DESIGN
"Self-admitted technical debt (SATD) is technical debt admitted by the developer through source code comments.
There are five types of software technical debts:

Implementation: Bad coding practices leading to poor legibility of code, making it difficult to understand and maintain.
Test: Problems found in implementations involving testing or monitoring subcomponents.
Defect: Identified defects in the system that should be addressed.
Design: Areas which violate good software design practices, causing poor flexibility to evolving business needs.
Documentation: Inadequate documentation that exists within the software system.

Choose and assign ONE label among: Implementation, Test, Defect, Design, or Documentation.

### Technical debt comment: """""" //DMS Why not this? //new SubProgressMonitor(progressMonitor, 1)); """"""",DESIGN,DESIGN
"Self-admitted technical debt (SATD) is technical debt admitted by the developer through source code comments.
There are five types of software technical debts:

Implementation: Bad coding practices leading to poor legibility of code, making it difficult to understand and maintain.
Test: Problems found in implementations involving testing or monitoring subcomponents.
Defect: Identified defects in the system that should be addressed.
Design: Areas which violate good software design practices, causing poor flexibility to evolving business needs.
Documentation: Inadequate documentation that exists within the software system.

Choose and assign ONE label among: Implementation, Test, Defect, Design, or Documentation.

### Technical debt comment: """""" // unused but must return something, so while we are at it... """"""",DESIGN,DESIGN
"Self-admitted technical debt (SATD) is technical debt admitted by the developer through source code comments.
There are five types of software technical debts:

Implementation: Bad coding practices leading to poor legibility of code, making it difficult to understand and maintain.
Test: Problems found in implementations involving testing or monitoring subcomponents.
Defect: Identified defects in the system that should be addressed.
Design: Areas which violate good software design practices, causing poor flexibility to evolving business needs.
Documentation: Inadequate documentation that exists within the software system.

Choose and assign ONE label among: Implementation, Test, Defect, Design, or Documentation.

### Technical debt comment: """""" // FIXME: It may be possible to killpg on systems which support it.  POSIX library // needs to tell whether a particular method works or not """"""",DEFECT,IMPLEMENTATION
"Self-admitted technical debt (SATD) is technical debt admitted by the developer through source code comments.
There are five types of software technical debts:

Implementation: Bad coding practices leading to poor legibility of code, making it difficult to understand and maintain.
Test: Problems found in implementations involving testing or monitoring subcomponents.
Defect: Identified defects in the system that should be addressed.
Design: Areas which violate good software design practices, causing poor flexibility to evolving business needs.
Documentation: Inadequate documentation that exists within the software system.

Choose and assign ONE label among: Implementation, Test, Defect, Design, or Documentation.

### Technical debt comment: """""" // TODO: what if batchUpdate is a callablestatement ? // calls executeBatch() """"""",DEFECT,DESIGN
"Self-admitted technical debt (SATD) is technical debt admitted by the developer through source code comments.
There are five types of software technical debts:

Implementation: Bad coding practices leading to poor legibility of code, making it difficult to understand and maintain.
Test: Problems found in implementations involving testing or monitoring subcomponents.
Defect: Identified defects in the system that should be addressed.
Design: Areas which violate good software design practices, causing poor flexibility to evolving business needs.
Documentation: Inadequate documentation that exists within the software system.

Choose and assign ONE label among: Implementation, Test, Defect, Design, or Documentation.

### Technical debt comment: """""" // TODO: don't require pop """"""",DEFECT,DEFECT
"Self-admitted technical debt (SATD) is technical debt admitted by the developer through source code comments.
There are five types of software technical debts:

Implementation: Bad coding practices leading to poor legibility of code, making it difficult to understand and maintain.
Test: Problems found in implementations involving testing or monitoring subcomponents.
Defect: Identified defects in the system that should be addressed.
Design: Areas which violate good software design practices, causing poor flexibility to evolving business needs.
Documentation: Inadequate documentation that exists within the software system.

Choose and assign ONE label among: Implementation, Test, Defect, Design, or Documentation.

### Technical debt comment: """""" // Kludge required by GEF's use of HashMap in the API // TODO: This can be removed if they ever fix GEF to use // Maps """"""",DESIGN,DESIGN
"Self-admitted technical debt (SATD) is technical debt admitted by the developer through source code comments.
There are five types of software technical debts:

Implementation: Bad coding practices leading to poor legibility of code, making it difficult to understand and maintain.
Test: Problems found in implementations involving testing or monitoring subcomponents.
Defect: Identified defects in the system that should be addressed.
Design: Areas which violate good software design practices, causing poor flexibility to evolving business needs.
Documentation: Inadequate documentation that exists within the software system.

Choose and assign ONE label among: Implementation, Test, Defect, Design, or Documentation.

### Technical debt comment: """""" // todo : hack!!! // NOTE : here we cleanup the load context when we have no more local // LCE entries.  This ""works"" for the time being because really // only the collection load contexts are implemented.  Long term, // this cleanup should become part of the ""close result set"" // processing from the (sandbox/jdbc) jdbc-container code. """"""",DESIGN,DESIGN
"Self-admitted technical debt (SATD) is technical debt admitted by the developer through source code comments.
There are five types of software technical debts:

Implementation: Bad coding practices leading to poor legibility of code, making it difficult to understand and maintain.
Test: Problems found in implementations involving testing or monitoring subcomponents.
Defect: Identified defects in the system that should be addressed.
Design: Areas which violate good software design practices, causing poor flexibility to evolving business needs.
Documentation: Inadequate documentation that exists within the software system.

Choose and assign ONE label among: Implementation, Test, Defect, Design, or Documentation.

### Technical debt comment: """""" // JUnit 4 wraps solo tests this way. We can extract // the original test name with a little hack. """"""",DESIGN,DESIGN
"Self-admitted technical debt (SATD) is technical debt admitted by the developer through source code comments.
There are five types of software technical debts:

Implementation: Bad coding practices leading to poor legibility of code, making it difficult to understand and maintain.
Test: Problems found in implementations involving testing or monitoring subcomponents.
Defect: Identified defects in the system that should be addressed.
Design: Areas which violate good software design practices, causing poor flexibility to evolving business needs.
Documentation: Inadequate documentation that exists within the software system.

Choose and assign ONE label among: Implementation, Test, Defect, Design, or Documentation.

### Technical debt comment: """""" // defer argument checking... """"""",DESIGN,DESIGN
"Self-admitted technical debt (SATD) is technical debt admitted by the developer through source code comments.
There are five types of software technical debts:

Implementation: Bad coding practices leading to poor legibility of code, making it difficult to understand and maintain.
Test: Problems found in implementations involving testing or monitoring subcomponents.
Defect: Identified defects in the system that should be addressed.
Design: Areas which violate good software design practices, causing poor flexibility to evolving business needs.
Documentation: Inadequate documentation that exists within the software system.

Choose and assign ONE label among: Implementation, Test, Defect, Design, or Documentation.

### Technical debt comment: """""" // TODO we should generate this. """"""",IMPLEMENTATION,DESIGN
"Self-admitted technical debt (SATD) is technical debt admitted by the developer through source code comments.
There are five types of software technical debts:

Implementation: Bad coding practices leading to poor legibility of code, making it difficult to understand and maintain.
Test: Problems found in implementations involving testing or monitoring subcomponents.
Defect: Identified defects in the system that should be addressed.
Design: Areas which violate good software design practices, causing poor flexibility to evolving business needs.
Documentation: Inadequate documentation that exists within the software system.

Choose and assign ONE label among: Implementation, Test, Defect, Design, or Documentation.

### Technical debt comment: """""" //TODO (@author fdietz): i18n """"""",DESIGN,DESIGN
"Self-admitted technical debt (SATD) is technical debt admitted by the developer through source code comments.
There are five types of software technical debts:

Implementation: Bad coding practices leading to poor legibility of code, making it difficult to understand and maintain.
Test: Problems found in implementations involving testing or monitoring subcomponents.
Defect: Identified defects in the system that should be addressed.
Design: Areas which violate good software design practices, causing poor flexibility to evolving business needs.
Documentation: Inadequate documentation that exists within the software system.

Choose and assign ONE label among: Implementation, Test, Defect, Design, or Documentation.

### Technical debt comment: """""" /* TODO: What if used elsewhere? */ """"""",DESIGN,DESIGN
"Self-admitted technical debt (SATD) is technical debt admitted by the developer through source code comments.
There are five types of software technical debts:

Implementation: Bad coding practices leading to poor legibility of code, making it difficult to understand and maintain.
Test: Problems found in implementations involving testing or monitoring subcomponents.
Defect: Identified defects in the system that should be addressed.
Design: Areas which violate good software design practices, causing poor flexibility to evolving business needs.
Documentation: Inadequate documentation that exists within the software system.

Choose and assign ONE label among: Implementation, Test, Defect, Design, or Documentation.

### Technical debt comment: """""" /*
     * TODO: Prove that this works. 
     * The TestUMLAssociationRoleBaseComboBoxModel does not cut it. 
     * 
     * @see org.argouml.uml.ui.UMLComboBoxModel#addOtherModelEventListeners(java.lang.Object)
     */ """"""",TEST,TEST
"Self-admitted technical debt (SATD) is technical debt admitted by the developer through source code comments.
There are five types of software technical debts:

Implementation: Bad coding practices leading to poor legibility of code, making it difficult to understand and maintain.
Test: Problems found in implementations involving testing or monitoring subcomponents.
Defect: Identified defects in the system that should be addressed.
Design: Areas which violate good software design practices, causing poor flexibility to evolving business needs.
Documentation: Inadequate documentation that exists within the software system.

Choose and assign ONE label among: Implementation, Test, Defect, Design, or Documentation.

### Technical debt comment: """""" // TODO: to be implemented """"""",DESIGN,DESIGN
"Self-admitted technical debt (SATD) is technical debt admitted by the developer through source code comments.
There are five types of software technical debts:

Implementation: Bad coding practices leading to poor legibility of code, making it difficult to understand and maintain.
Test: Problems found in implementations involving testing or monitoring subcomponents.
Defect: Identified defects in the system that should be addressed.
Design: Areas which violate good software design practices, causing poor flexibility to evolving business needs.
Documentation: Inadequate documentation that exists within the software system.

Choose and assign ONE label among: Implementation, Test, Defect, Design, or Documentation.

### Technical debt comment: """""" // The line below is a hack: the system id must an URI, but it is not // cleat to get the URI of an resource, so just set the name of the // resource as a system id """"""",DESIGN,DESIGN
"Self-admitted technical debt (SATD) is technical debt admitted by the developer through source code comments.
There are five types of software technical debts:

Implementation: Bad coding practices leading to poor legibility of code, making it difficult to understand and maintain.
Test: Problems found in implementations involving testing or monitoring subcomponents.
Defect: Identified defects in the system that should be addressed.
Design: Areas which violate good software design practices, causing poor flexibility to evolving business needs.
Documentation: Inadequate documentation that exists within the software system.

Choose and assign ONE label among: Implementation, Test, Defect, Design, or Documentation.

### Technical debt comment: """""" /**
 * Brooms all the message which y coordinate is upper than the position
 * of the broom.
 * TODO: Provide a ModeFactory and then this class can become package scope.
 * @author penyaskito
 */ """"""",DESIGN,DESIGN
"Self-admitted technical debt (SATD) is technical debt admitted by the developer through source code comments.
There are five types of software technical debts:

Implementation: Bad coding practices leading to poor legibility of code, making it difficult to understand and maintain.
Test: Problems found in implementations involving testing or monitoring subcomponents.
Defect: Identified defects in the system that should be addressed.
Design: Areas which violate good software design practices, causing poor flexibility to evolving business needs.
Documentation: Inadequate documentation that exists within the software system.

Choose and assign ONE label among: Implementation, Test, Defect, Design, or Documentation.

### Technical debt comment: """""" //TODO: if lock.getTimestamp().equals(ts) """"""",IMPLEMENTATION,DEFECT
"Self-admitted technical debt (SATD) is technical debt admitted by the developer through source code comments.
There are five types of software technical debts:

Implementation: Bad coding practices leading to poor legibility of code, making it difficult to understand and maintain.
Test: Problems found in implementations involving testing or monitoring subcomponents.
Defect: Identified defects in the system that should be addressed.
Design: Areas which violate good software design practices, causing poor flexibility to evolving business needs.
Documentation: Inadequate documentation that exists within the software system.

Choose and assign ONE label among: Implementation, Test, Defect, Design, or Documentation.

### Technical debt comment: """""" // todo : remove """"""",DESIGN,DESIGN
"Self-admitted technical debt (SATD) is technical debt admitted by the developer through source code comments.
There are five types of software technical debts:

Implementation: Bad coding practices leading to poor legibility of code, making it difficult to understand and maintain.
Test: Problems found in implementations involving testing or monitoring subcomponents.
Defect: Identified defects in the system that should be addressed.
Design: Areas which violate good software design practices, causing poor flexibility to evolving business needs.
Documentation: Inadequate documentation that exists within the software system.

Choose and assign ONE label among: Implementation, Test, Defect, Design, or Documentation.

### Technical debt comment: """""" //TODO possibly relax that """"""",DESIGN,DESIGN
"Self-admitted technical debt (SATD) is technical debt admitted by the developer through source code comments.
There are five types of software technical debts:

Implementation: Bad coding practices leading to poor legibility of code, making it difficult to understand and maintain.
Test: Problems found in implementations involving testing or monitoring subcomponents.
Defect: Identified defects in the system that should be addressed.
Design: Areas which violate good software design practices, causing poor flexibility to evolving business needs.
Documentation: Inadequate documentation that exists within the software system.

Choose and assign ONE label among: Implementation, Test, Defect, Design, or Documentation.

### Technical debt comment: """""" // FIXME: the code below is a copy of RubyIO.puts, // and we should avoid copy-paste. """"""",DESIGN,DESIGN
"Self-admitted technical debt (SATD) is technical debt admitted by the developer through source code comments.
There are five types of software technical debts:

Implementation: Bad coding practices leading to poor legibility of code, making it difficult to understand and maintain.
Test: Problems found in implementations involving testing or monitoring subcomponents.
Defect: Identified defects in the system that should be addressed.
Design: Areas which violate good software design practices, causing poor flexibility to evolving business needs.
Documentation: Inadequate documentation that exists within the software system.

Choose and assign ONE label among: Implementation, Test, Defect, Design, or Documentation.

### Technical debt comment: """""" // not needed """"""",IMPLEMENTATION,IMPLEMENTATION
"Self-admitted technical debt (SATD) is technical debt admitted by the developer through source code comments.
There are five types of software technical debts:

Implementation: Bad coding practices leading to poor legibility of code, making it difficult to understand and maintain.
Test: Problems found in implementations involving testing or monitoring subcomponents.
Defect: Identified defects in the system that should be addressed.
Design: Areas which violate good software design practices, causing poor flexibility to evolving business needs.
Documentation: Inadequate documentation that exists within the software system.

Choose and assign ONE label among: Implementation, Test, Defect, Design, or Documentation.

### Technical debt comment: """""" // @author: tstich // Its better to call the Shutdownmanager // since the above is called automatically from it. // ShutdownManager is modified to allow one shutdown // call only, so we never should have multi-shutdown // problems again. """"""",DESIGN,DESIGN
"Self-admitted technical debt (SATD) is technical debt admitted by the developer through source code comments.
There are five types of software technical debts:

Implementation: Bad coding practices leading to poor legibility of code, making it difficult to understand and maintain.
Test: Problems found in implementations involving testing or monitoring subcomponents.
Defect: Identified defects in the system that should be addressed.
Design: Areas which violate good software design practices, causing poor flexibility to evolving business needs.
Documentation: Inadequate documentation that exists within the software system.

Choose and assign ONE label among: Implementation, Test, Defect, Design, or Documentation.

### Technical debt comment: """""" // TODO: do we want to fire targetRemoved here or is it enough to just // stop updating the targets? """"""",IMPLEMENTATION,DESIGN
"Self-admitted technical debt (SATD) is technical debt admitted by the developer through source code comments.
There are five types of software technical debts:

Implementation: Bad coding practices leading to poor legibility of code, making it difficult to understand and maintain.
Test: Problems found in implementations involving testing or monitoring subcomponents.
Defect: Identified defects in the system that should be addressed.
Design: Areas which violate good software design practices, causing poor flexibility to evolving business needs.
Documentation: Inadequate documentation that exists within the software system.

Choose and assign ONE label among: Implementation, Test, Defect, Design, or Documentation.

### Technical debt comment: """""" //TODO mappings.getLogicalTableName(ownerTable) """"""",IMPLEMENTATION,IMPLEMENTATION
"Self-admitted technical debt (SATD) is technical debt admitted by the developer through source code comments.
There are five types of software technical debts:

Implementation: Bad coding practices leading to poor legibility of code, making it difficult to understand and maintain.
Test: Problems found in implementations involving testing or monitoring subcomponents.
Defect: Identified defects in the system that should be addressed.
Design: Areas which violate good software design practices, causing poor flexibility to evolving business needs.
Documentation: Inadequate documentation that exists within the software system.

Choose and assign ONE label among: Implementation, Test, Defect, Design, or Documentation.

### Technical debt comment: """""" // // @author: fdietz // WORKAROUND: // we simply append URLs to the existing global class loader // and use the same as parent //  // Note, that we create a new URL classloader for every class // we instanciate. We might want to support hot-swapping // of changed classes later. """"""",DESIGN,DESIGN
"Self-admitted technical debt (SATD) is technical debt admitted by the developer through source code comments.
There are five types of software technical debts:

Implementation: Bad coding practices leading to poor legibility of code, making it difficult to understand and maintain.
Test: Problems found in implementations involving testing or monitoring subcomponents.
Defect: Identified defects in the system that should be addressed.
Design: Areas which violate good software design practices, causing poor flexibility to evolving business needs.
Documentation: Inadequate documentation that exists within the software system.

Choose and assign ONE label among: Implementation, Test, Defect, Design, or Documentation.

### Technical debt comment: """""" // TODO: Review all callers to make sure that they localize the title // In process by Harold Braun 20070912 """"""",IMPLEMENTATION,IMPLEMENTATION
"Self-admitted technical debt (SATD) is technical debt admitted by the developer through source code comments.
There are five types of software technical debts:

Implementation: Bad coding practices leading to poor legibility of code, making it difficult to understand and maintain.
Test: Problems found in implementations involving testing or monitoring subcomponents.
Defect: Identified defects in the system that should be addressed.
Design: Areas which violate good software design practices, causing poor flexibility to evolving business needs.
Documentation: Inadequate documentation that exists within the software system.

Choose and assign ONE label among: Implementation, Test, Defect, Design, or Documentation.

### Technical debt comment: """""" // TODO: This should listen for file save events - tfm """"""",DESIGN,DESIGN
"Self-admitted technical debt (SATD) is technical debt admitted by the developer through source code comments.
There are five types of software technical debts:

Implementation: Bad coding practices leading to poor legibility of code, making it difficult to understand and maintain.
Test: Problems found in implementations involving testing or monitoring subcomponents.
Defect: Identified defects in the system that should be addressed.
Design: Areas which violate good software design practices, causing poor flexibility to evolving business needs.
Documentation: Inadequate documentation that exists within the software system.

Choose and assign ONE label among: Implementation, Test, Defect, Design, or Documentation.

### Technical debt comment: """""" // defer argument checking... """"""",DESIGN,DESIGN
"Self-admitted technical debt (SATD) is technical debt admitted by the developer through source code comments.
There are five types of software technical debts:

Implementation: Bad coding practices leading to poor legibility of code, making it difficult to understand and maintain.
Test: Problems found in implementations involving testing or monitoring subcomponents.
Defect: Identified defects in the system that should be addressed.
Design: Areas which violate good software design practices, causing poor flexibility to evolving business needs.
Documentation: Inadequate documentation that exists within the software system.

Choose and assign ONE label among: Implementation, Test, Defect, Design, or Documentation.

### Technical debt comment: """""" // add an entry for this type of entity. // we can be assured that all referenced entities have already // been processed, // so specify that this entity is with the latest batch. // doing the batch number before adding the name to the list is // a faster way to get an accurate number. """"""",IMPLEMENTATION,DESIGN
"Self-admitted technical debt (SATD) is technical debt admitted by the developer through source code comments.
There are five types of software technical debts:

Implementation: Bad coding practices leading to poor legibility of code, making it difficult to understand and maintain.
Test: Problems found in implementations involving testing or monitoring subcomponents.
Defect: Identified defects in the system that should be addressed.
Design: Areas which violate good software design practices, causing poor flexibility to evolving business needs.
Documentation: Inadequate documentation that exists within the software system.

Choose and assign ONE label among: Implementation, Test, Defect, Design, or Documentation.

### Technical debt comment: """""" // hack so that 'select all' does not change current buffer """"""",DESIGN,DESIGN
"Self-admitted technical debt (SATD) is technical debt admitted by the developer through source code comments.
There are five types of software technical debts:

Implementation: Bad coding practices leading to poor legibility of code, making it difficult to understand and maintain.
Test: Problems found in implementations involving testing or monitoring subcomponents.
Defect: Identified defects in the system that should be addressed.
Design: Areas which violate good software design practices, causing poor flexibility to evolving business needs.
Documentation: Inadequate documentation that exists within the software system.

Choose and assign ONE label among: Implementation, Test, Defect, Design, or Documentation.

### Technical debt comment: """""" //TODO: make this a bit nicer """"""",DESIGN,DESIGN
"Self-admitted technical debt (SATD) is technical debt admitted by the developer through source code comments.
There are five types of software technical debts:

Implementation: Bad coding practices leading to poor legibility of code, making it difficult to understand and maintain.
Test: Problems found in implementations involving testing or monitoring subcomponents.
Defect: Identified defects in the system that should be addressed.
Design: Areas which violate good software design practices, causing poor flexibility to evolving business needs.
Documentation: Inadequate documentation that exists within the software system.

Choose and assign ONE label among: Implementation, Test, Defect, Design, or Documentation.

### Technical debt comment: """""" // hack to ensure the newly created awt fonts will be rendered with the // same height as the swt one """"""",DESIGN,DESIGN
"Self-admitted technical debt (SATD) is technical debt admitted by the developer through source code comments.
There are five types of software technical debts:

Implementation: Bad coding practices leading to poor legibility of code, making it difficult to understand and maintain.
Test: Problems found in implementations involving testing or monitoring subcomponents.
Defect: Identified defects in the system that should be addressed.
Design: Areas which violate good software design practices, causing poor flexibility to evolving business needs.
Documentation: Inadequate documentation that exists within the software system.

Choose and assign ONE label among: Implementation, Test, Defect, Design, or Documentation.

### Technical debt comment: """""" //TODO: implement this method properly """"""",DESIGN,DESIGN
"Self-admitted technical debt (SATD) is technical debt admitted by the developer through source code comments.
There are five types of software technical debts:

Implementation: Bad coding practices leading to poor legibility of code, making it difficult to understand and maintain.
Test: Problems found in implementations involving testing or monitoring subcomponents.
Defect: Identified defects in the system that should be addressed.
Design: Areas which violate good software design practices, causing poor flexibility to evolving business needs.
Documentation: Inadequate documentation that exists within the software system.

Choose and assign ONE label among: Implementation, Test, Defect, Design, or Documentation.

### Technical debt comment: """""" /* TODO: We may return something useful when the
         * relocate() has been implemented, like
         * all StateMachines that are not ActivityGraphs. */ """"""",IMPLEMENTATION,DESIGN
"Self-admitted technical debt (SATD) is technical debt admitted by the developer through source code comments.
There are five types of software technical debts:

Implementation: Bad coding practices leading to poor legibility of code, making it difficult to understand and maintain.
Test: Problems found in implementations involving testing or monitoring subcomponents.
Defect: Identified defects in the system that should be addressed.
Design: Areas which violate good software design practices, causing poor flexibility to evolving business needs.
Documentation: Inadequate documentation that exists within the software system.

Choose and assign ONE label among: Implementation, Test, Defect, Design, or Documentation.

### Technical debt comment: """""" // TODO: this should call the single namespace form // getStereotype(it2.next(); stereo); """"""",DESIGN,DESIGN
"Self-admitted technical debt (SATD) is technical debt admitted by the developer through source code comments.
There are five types of software technical debts:

Implementation: Bad coding practices leading to poor legibility of code, making it difficult to understand and maintain.
Test: Problems found in implementations involving testing or monitoring subcomponents.
Defect: Identified defects in the system that should be addressed.
Design: Areas which violate good software design practices, causing poor flexibility to evolving business needs.
Documentation: Inadequate documentation that exists within the software system.

Choose and assign ONE label among: Implementation, Test, Defect, Design, or Documentation.

### Technical debt comment: """""" /**
 * TODO: Document!
 * 
 * @author penyaskito
 */ """"""",DOCUMENTATION,DOCUMENTATION
"Self-admitted technical debt (SATD) is technical debt admitted by the developer through source code comments.
There are five types of software technical debts:

Implementation: Bad coding practices leading to poor legibility of code, making it difficult to understand and maintain.
Test: Problems found in implementations involving testing or monitoring subcomponents.
Defect: Identified defects in the system that should be addressed.
Design: Areas which violate good software design practices, causing poor flexibility to evolving business needs.
Documentation: Inadequate documentation that exists within the software system.

Choose and assign ONE label among: Implementation, Test, Defect, Design, or Documentation.

### Technical debt comment: """""" /* TODO: Here we should e.g. show the user a message that
         * the loaded project was using a Notation that is not
         * currently available and a fall back on the default Notation
         * was done. Maybe this can be implemented in the
         * PersistenceManager? */ """"""",DESIGN,IMPLEMENTATION
"Self-admitted technical debt (SATD) is technical debt admitted by the developer through source code comments.
There are five types of software technical debts:

Implementation: Bad coding practices leading to poor legibility of code, making it difficult to understand and maintain.
Test: Problems found in implementations involving testing or monitoring subcomponents.
Defect: Identified defects in the system that should be addressed.
Design: Areas which violate good software design practices, causing poor flexibility to evolving business needs.
Documentation: Inadequate documentation that exists within the software system.

Choose and assign ONE label among: Implementation, Test, Defect, Design, or Documentation.

### Technical debt comment: """""" // call workaround """"""",DESIGN,DESIGN
"Self-admitted technical debt (SATD) is technical debt admitted by the developer through source code comments.
There are five types of software technical debts:

Implementation: Bad coding practices leading to poor legibility of code, making it difficult to understand and maintain.
Test: Problems found in implementations involving testing or monitoring subcomponents.
Defect: Identified defects in the system that should be addressed.
Design: Areas which violate good software design practices, causing poor flexibility to evolving business needs.
Documentation: Inadequate documentation that exists within the software system.

Choose and assign ONE label among: Implementation, Test, Defect, Design, or Documentation.

### Technical debt comment: """""" /*
     * A near clone of this code works fine outside of ArgoUML, but throws a
     * null pointer exception during the transform when run within ArgoUML I
     * think it's something to do with the class libraries being used, but I
     * can't figure out what, so I've done a simpler, less efficient stepwise
     * translation below in serialTransform
     */ """"""",DESIGN,DESIGN
"Self-admitted technical debt (SATD) is technical debt admitted by the developer through source code comments.
There are five types of software technical debts:

Implementation: Bad coding practices leading to poor legibility of code, making it difficult to understand and maintain.
Test: Problems found in implementations involving testing or monitoring subcomponents.
Defect: Identified defects in the system that should be addressed.
Design: Areas which violate good software design practices, causing poor flexibility to evolving business needs.
Documentation: Inadequate documentation that exists within the software system.

Choose and assign ONE label among: Implementation, Test, Defect, Design, or Documentation.

### Technical debt comment: """""" // hack to skip processing """"""",DESIGN,DESIGN
"Self-admitted technical debt (SATD) is technical debt admitted by the developer through source code comments.
There are five types of software technical debts:

Implementation: Bad coding practices leading to poor legibility of code, making it difficult to understand and maintain.
Test: Problems found in implementations involving testing or monitoring subcomponents.
Defect: Identified defects in the system that should be addressed.
Design: Areas which violate good software design practices, causing poor flexibility to evolving business needs.
Documentation: Inadequate documentation that exists within the software system.

Choose and assign ONE label among: Implementation, Test, Defect, Design, or Documentation.

### Technical debt comment: """""" // Hack: don't show first column, where the model element object is // placed. """"""",DESIGN,DESIGN
"Self-admitted technical debt (SATD) is technical debt admitted by the developer through source code comments.
There are five types of software technical debts:

Implementation: Bad coding practices leading to poor legibility of code, making it difficult to understand and maintain.
Test: Problems found in implementations involving testing or monitoring subcomponents.
Defect: Identified defects in the system that should be addressed.
Design: Areas which violate good software design practices, causing poor flexibility to evolving business needs.
Documentation: Inadequate documentation that exists within the software system.

Choose and assign ONE label among: Implementation, Test, Defect, Design, or Documentation.

### Technical debt comment: """""" // TODO: This appears to expect that the UML 1.3 tag name // will appear as a property name in an event, but with the // UML 1.4 switch to TagDefinitions, this won't work """"""",DEFECT,DEFECT
"Self-admitted technical debt (SATD) is technical debt admitted by the developer through source code comments.
There are five types of software technical debts:

Implementation: Bad coding practices leading to poor legibility of code, making it difficult to understand and maintain.
Test: Problems found in implementations involving testing or monitoring subcomponents.
Defect: Identified defects in the system that should be addressed.
Design: Areas which violate good software design practices, causing poor flexibility to evolving business needs.
Documentation: Inadequate documentation that exists within the software system.

Choose and assign ONE label among: Implementation, Test, Defect, Design, or Documentation.

### Technical debt comment: """""" /*
		Note: this impor pattern is becoming common... could factor it out into
		an importedObject Vector class.
	*/ """"""",DESIGN,DESIGN
"Self-admitted technical debt (SATD) is technical debt admitted by the developer through source code comments.
There are five types of software technical debts:

Implementation: Bad coding practices leading to poor legibility of code, making it difficult to understand and maintain.
Test: Problems found in implementations involving testing or monitoring subcomponents.
Defect: Identified defects in the system that should be addressed.
Design: Areas which violate good software design practices, causing poor flexibility to evolving business needs.
Documentation: Inadequate documentation that exists within the software system.

Choose and assign ONE label among: Implementation, Test, Defect, Design, or Documentation.

### Technical debt comment: """""" // TODO - should this be done when the client is created? // If so, then the details need to be added as part of HttpClientKey """"""",DESIGN,DESIGN
"Self-admitted technical debt (SATD) is technical debt admitted by the developer through source code comments.
There are five types of software technical debts:

Implementation: Bad coding practices leading to poor legibility of code, making it difficult to understand and maintain.
Test: Problems found in implementations involving testing or monitoring subcomponents.
Defect: Identified defects in the system that should be addressed.
Design: Areas which violate good software design practices, causing poor flexibility to evolving business needs.
Documentation: Inadequate documentation that exists within the software system.

Choose and assign ONE label among: Implementation, Test, Defect, Design, or Documentation.

### Technical debt comment: """""" /**
     * Builds an interface with a given name.
     *
     * @param name is the given name.
     * @return Interface
     * TODO: This needs an extra parameter to specify the model/extent where
     * the new element should be created.
     */ """"""",DESIGN,DESIGN
"Self-admitted technical debt (SATD) is technical debt admitted by the developer through source code comments.
There are five types of software technical debts:

Implementation: Bad coding practices leading to poor legibility of code, making it difficult to understand and maintain.
Test: Problems found in implementations involving testing or monitoring subcomponents.
Defect: Identified defects in the system that should be addressed.
Design: Areas which violate good software design practices, causing poor flexibility to evolving business needs.
Documentation: Inadequate documentation that exists within the software system.

Choose and assign ONE label among: Implementation, Test, Defect, Design, or Documentation.

### Technical debt comment: """""" // RDMS does not directly support the trim() function, we use rtrim() and ltrim() """"""",DEFECT,DESIGN
"Self-admitted technical debt (SATD) is technical debt admitted by the developer through source code comments.
There are five types of software technical debts:

Implementation: Bad coding practices leading to poor legibility of code, making it difficult to understand and maintain.
Test: Problems found in implementations involving testing or monitoring subcomponents.
Defect: Identified defects in the system that should be addressed.
Design: Areas which violate good software design practices, causing poor flexibility to evolving business needs.
Documentation: Inadequate documentation that exists within the software system.

Choose and assign ONE label among: Implementation, Test, Defect, Design, or Documentation.

### Technical debt comment: """""" /*
             * two reasons are mentioned in the API docs for File.list
             * (1) dir is not a directory. This is impossible as
             *     we wouldn't get here in this case.
             * (2) an IO error occurred (why doesn't it throw an exception
             *     then???)
             */ """"""",DESIGN,DESIGN
"Self-admitted technical debt (SATD) is technical debt admitted by the developer through source code comments.
There are five types of software technical debts:

Implementation: Bad coding practices leading to poor legibility of code, making it difficult to understand and maintain.
Test: Problems found in implementations involving testing or monitoring subcomponents.
Defect: Identified defects in the system that should be addressed.
Design: Areas which violate good software design practices, causing poor flexibility to evolving business needs.
Documentation: Inadequate documentation that exists within the software system.

Choose and assign ONE label among: Implementation, Test, Defect, Design, or Documentation.

### Technical debt comment: """""" // here we tweak the notify flag on the plot so that only // one notification happens even though we update multiple // axes... """"""",DESIGN,DESIGN
"Self-admitted technical debt (SATD) is technical debt admitted by the developer through source code comments.
There are five types of software technical debts:

Implementation: Bad coding practices leading to poor legibility of code, making it difficult to understand and maintain.
Test: Problems found in implementations involving testing or monitoring subcomponents.
Defect: Identified defects in the system that should be addressed.
Design: Areas which violate good software design practices, causing poor flexibility to evolving business needs.
Documentation: Inadequate documentation that exists within the software system.

Choose and assign ONE label among: Implementation, Test, Defect, Design, or Documentation.

### Technical debt comment: """""" // TODO: Attempt to move the following code to GEF """"""",DESIGN,DESIGN
"Self-admitted technical debt (SATD) is technical debt admitted by the developer through source code comments.
There are five types of software technical debts:

Implementation: Bad coding practices leading to poor legibility of code, making it difficult to understand and maintain.
Test: Problems found in implementations involving testing or monitoring subcomponents.
Defect: Identified defects in the system that should be addressed.
Design: Areas which violate good software design practices, causing poor flexibility to evolving business needs.
Documentation: Inadequate documentation that exists within the software system.

Choose and assign ONE label among: Implementation, Test, Defect, Design, or Documentation.

### Technical debt comment: """""" // TODO: Only setAccessible to account for pattern found by // accessing constants included from a non-public interface. // (aka java.util.zip.ZipConstants being implemented by many // classes) """"""",DESIGN,DESIGN
"Self-admitted technical debt (SATD) is technical debt admitted by the developer through source code comments.
There are five types of software technical debts:

Implementation: Bad coding practices leading to poor legibility of code, making it difficult to understand and maintain.
Test: Problems found in implementations involving testing or monitoring subcomponents.
Defect: Identified defects in the system that should be addressed.
Design: Areas which violate good software design practices, causing poor flexibility to evolving business needs.
Documentation: Inadequate documentation that exists within the software system.

Choose and assign ONE label among: Implementation, Test, Defect, Design, or Documentation.

### Technical debt comment: """""" /**
 * TODO: Get rid of this class.
 * This combobox contains all the columns in an SQL table.
 *
 * @author <A HREF=""mailto:colbell@users.sourceforge.net"">Colin Bell</A>
 */ """"""",DESIGN,DESIGN
"Self-admitted technical debt (SATD) is technical debt admitted by the developer through source code comments.
There are five types of software technical debts:

Implementation: Bad coding practices leading to poor legibility of code, making it difficult to understand and maintain.
Test: Problems found in implementations involving testing or monitoring subcomponents.
Defect: Identified defects in the system that should be addressed.
Design: Areas which violate good software design practices, causing poor flexibility to evolving business needs.
Documentation: Inadequate documentation that exists within the software system.

Choose and assign ONE label among: Implementation, Test, Defect, Design, or Documentation.

### Technical debt comment: """""" // TODO: Issue 6144. It is proposed to allow any paclage to return as a potential // namespace. Commenting out until this is reviewed and clearly accepted by all. """"""",DEFECT,DEFECT
"Self-admitted technical debt (SATD) is technical debt admitted by the developer through source code comments.
There are five types of software technical debts:

Implementation: Bad coding practices leading to poor legibility of code, making it difficult to understand and maintain.
Test: Problems found in implementations involving testing or monitoring subcomponents.
Defect: Identified defects in the system that should be addressed.
Design: Areas which violate good software design practices, causing poor flexibility to evolving business needs.
Documentation: Inadequate documentation that exists within the software system.

Choose and assign ONE label among: Implementation, Test, Defect, Design, or Documentation.

### Technical debt comment: """""" // TODO: Because we get called on each and every change event, when // the model is in a state of flux, we'll often get an // InvalidElementException before we finish this collection. The // only saving grace is that we're called SO many times that on the // last time, things should be stable again and we'll get a good set // of elements for the final update.  We need a better mechanism. """"""",DESIGN,DESIGN
"Self-admitted technical debt (SATD) is technical debt admitted by the developer through source code comments.
There are five types of software technical debts:

Implementation: Bad coding practices leading to poor legibility of code, making it difficult to understand and maintain.
Test: Problems found in implementations involving testing or monitoring subcomponents.
Defect: Identified defects in the system that should be addressed.
Design: Areas which violate good software design practices, causing poor flexibility to evolving business needs.
Documentation: Inadequate documentation that exists within the software system.

Choose and assign ONE label among: Implementation, Test, Defect, Design, or Documentation.

### Technical debt comment: """""" // TODO support other name kinds """"""",IMPLEMENTATION,IMPLEMENTATION
"Self-admitted technical debt (SATD) is technical debt admitted by the developer through source code comments.
There are five types of software technical debts:

Implementation: Bad coding practices leading to poor legibility of code, making it difficult to understand and maintain.
Test: Problems found in implementations involving testing or monitoring subcomponents.
Defect: Identified defects in the system that should be addressed.
Design: Areas which violate good software design practices, causing poor flexibility to evolving business needs.
Documentation: Inadequate documentation that exists within the software system.

Choose and assign ONE label among: Implementation, Test, Defect, Design, or Documentation.

### Technical debt comment: """""" // Should we exit at end of the test? (only applies to server, because host is non-null) """"""",IMPLEMENTATION,TEST
"Self-admitted technical debt (SATD) is technical debt admitted by the developer through source code comments.
There are five types of software technical debts:

Implementation: Bad coding practices leading to poor legibility of code, making it difficult to understand and maintain.
Test: Problems found in implementations involving testing or monitoring subcomponents.
Defect: Identified defects in the system that should be addressed.
Design: Areas which violate good software design practices, causing poor flexibility to evolving business needs.
Documentation: Inadequate documentation that exists within the software system.

Choose and assign ONE label among: Implementation, Test, Defect, Design, or Documentation.

### Technical debt comment: """""" //TODO: for some dialects it would be appropriate to add the renderOrderByPropertiesSelect() to other select strings """"""",IMPLEMENTATION,DESIGN
"Self-admitted technical debt (SATD) is technical debt admitted by the developer through source code comments.
There are five types of software technical debts:

Implementation: Bad coding practices leading to poor legibility of code, making it difficult to understand and maintain.
Test: Problems found in implementations involving testing or monitoring subcomponents.
Defect: Identified defects in the system that should be addressed.
Design: Areas which violate good software design practices, causing poor flexibility to evolving business needs.
Documentation: Inadequate documentation that exists within the software system.

Choose and assign ONE label among: Implementation, Test, Defect, Design, or Documentation.

### Technical debt comment: """""" // TODO cpercent is the same as cmedian here - why? and why pass it to ""distributionLine""? """"""",DESIGN,DESIGN
"Self-admitted technical debt (SATD) is technical debt admitted by the developer through source code comments.
There are five types of software technical debts:

Implementation: Bad coding practices leading to poor legibility of code, making it difficult to understand and maintain.
Test: Problems found in implementations involving testing or monitoring subcomponents.
Defect: Identified defects in the system that should be addressed.
Design: Areas which violate good software design practices, causing poor flexibility to evolving business needs.
Documentation: Inadequate documentation that exists within the software system.

Choose and assign ONE label among: Implementation, Test, Defect, Design, or Documentation.

### Technical debt comment: """""" // FIXME: legal here? may want UnsupportedOperationException """"""",DESIGN,DESIGN
"Self-admitted technical debt (SATD) is technical debt admitted by the developer through source code comments.
There are five types of software technical debts:

Implementation: Bad coding practices leading to poor legibility of code, making it difficult to understand and maintain.
Test: Problems found in implementations involving testing or monitoring subcomponents.
Defect: Identified defects in the system that should be addressed.
Design: Areas which violate good software design practices, causing poor flexibility to evolving business needs.
Documentation: Inadequate documentation that exists within the software system.

Choose and assign ONE label among: Implementation, Test, Defect, Design, or Documentation.

### Technical debt comment: """""" //TODO: Should this be renamed to cLoc or something more appropriate than clock? """"""",DESIGN,DESIGN
"Self-admitted technical debt (SATD) is technical debt admitted by the developer through source code comments.
There are five types of software technical debts:

Implementation: Bad coding practices leading to poor legibility of code, making it difficult to understand and maintain.
Test: Problems found in implementations involving testing or monitoring subcomponents.
Defect: Identified defects in the system that should be addressed.
Design: Areas which violate good software design practices, causing poor flexibility to evolving business needs.
Documentation: Inadequate documentation that exists within the software system.

Choose and assign ONE label among: Implementation, Test, Defect, Design, or Documentation.

### Technical debt comment: """""" // TODO: Should have session listeners instead of these calls. """"""",DESIGN,DESIGN
"Self-admitted technical debt (SATD) is technical debt admitted by the developer through source code comments.
There are five types of software technical debts:

Implementation: Bad coding practices leading to poor legibility of code, making it difficult to understand and maintain.
Test: Problems found in implementations involving testing or monitoring subcomponents.
Defect: Identified defects in the system that should be addressed.
Design: Areas which violate good software design practices, causing poor flexibility to evolving business needs.
Documentation: Inadequate documentation that exists within the software system.

Choose and assign ONE label among: Implementation, Test, Defect, Design, or Documentation.

### Technical debt comment: """""" // TODO: Can we get this info from UML2 plugin? // Perhaps collect all References in the metamodel, filter for those // which represent containments and find the types on either end - tfm """"""",DESIGN,DESIGN
"Self-admitted technical debt (SATD) is technical debt admitted by the developer through source code comments.
There are five types of software technical debts:

Implementation: Bad coding practices leading to poor legibility of code, making it difficult to understand and maintain.
Test: Problems found in implementations involving testing or monitoring subcomponents.
Defect: Identified defects in the system that should be addressed.
Design: Areas which violate good software design practices, causing poor flexibility to evolving business needs.
Documentation: Inadequate documentation that exists within the software system.

Choose and assign ONE label among: Implementation, Test, Defect, Design, or Documentation.

### Technical debt comment: """""" /* Dirty fix for issue 1758 (Needs to be amended
             * when we start supporting parameters):
             */ """"""",DEFECT,DESIGN
"Self-admitted technical debt (SATD) is technical debt admitted by the developer through source code comments.
There are five types of software technical debts:

Implementation: Bad coding practices leading to poor legibility of code, making it difficult to understand and maintain.
Test: Problems found in implementations involving testing or monitoring subcomponents.
Defect: Identified defects in the system that should be addressed.
Design: Areas which violate good software design practices, causing poor flexibility to evolving business needs.
Documentation: Inadequate documentation that exists within the software system.

Choose and assign ONE label among: Implementation, Test, Defect, Design, or Documentation.

### Technical debt comment: """""" /**
     * Get value from current scope or one of its captured scopes.
     * 
     * FIXME: block variables are not getting primed to nil so we need to null check those
     *  until we prime them properly.  Also add assert back in.
     * 
     * @param offset zero-indexed value that represents where variable lives
     * @param depth how many captured scopes down this variable should be set
     * @return the value here
     */ """"""",DEFECT,DEFECT
"Self-admitted technical debt (SATD) is technical debt admitted by the developer through source code comments.
There are five types of software technical debts:

Implementation: Bad coding practices leading to poor legibility of code, making it difficult to understand and maintain.
Test: Problems found in implementations involving testing or monitoring subcomponents.
Defect: Identified defects in the system that should be addressed.
Design: Areas which violate good software design practices, causing poor flexibility to evolving business needs.
Documentation: Inadequate documentation that exists within the software system.

Choose and assign ONE label among: Implementation, Test, Defect, Design, or Documentation.

### Technical debt comment: """""" // TODO: build a return parameter """"""",DESIGN,IMPLEMENTATION
"Self-admitted technical debt (SATD) is technical debt admitted by the developer through source code comments.
There are five types of software technical debts:

Implementation: Bad coding practices leading to poor legibility of code, making it difficult to understand and maintain.
Test: Problems found in implementations involving testing or monitoring subcomponents.
Defect: Identified defects in the system that should be addressed.
Design: Areas which violate good software design practices, causing poor flexibility to evolving business needs.
Documentation: Inadequate documentation that exists within the software system.

Choose and assign ONE label among: Implementation, Test, Defect, Design, or Documentation.

### Technical debt comment: """""" /**
     * Handle firing a notation event.
     * <p>
     * TODO: This needs to be managed on a per-diagram or per-project basis.
     *
     * @param event The event to be fired.
     * @param listener The listener.
     */ """"""",DESIGN,DESIGN
"Self-admitted technical debt (SATD) is technical debt admitted by the developer through source code comments.
There are five types of software technical debts:

Implementation: Bad coding practices leading to poor legibility of code, making it difficult to understand and maintain.
Test: Problems found in implementations involving testing or monitoring subcomponents.
Defect: Identified defects in the system that should be addressed.
Design: Areas which violate good software design practices, causing poor flexibility to evolving business needs.
Documentation: Inadequate documentation that exists within the software system.

Choose and assign ONE label among: Implementation, Test, Defect, Design, or Documentation.

### Technical debt comment: """""" // FIXME: I don't like the null checks here """"""",DESIGN,DEFECT
"Self-admitted technical debt (SATD) is technical debt admitted by the developer through source code comments.
There are five types of software technical debts:

Implementation: Bad coding practices leading to poor legibility of code, making it difficult to understand and maintain.
Test: Problems found in implementations involving testing or monitoring subcomponents.
Defect: Identified defects in the system that should be addressed.
Design: Areas which violate good software design practices, causing poor flexibility to evolving business needs.
Documentation: Inadequate documentation that exists within the software system.

Choose and assign ONE label among: Implementation, Test, Defect, Design, or Documentation.

### Technical debt comment: """""" // TODO: calcBounds is called by SelectionManager when the Fig is // dragged. This code is needed to reposition any self message // as they are become detached from their classifier role // (see issue 5562). The cause of the detachment is not yet // understood. // Unfortunately calcBounds is called from several other places // so the code here is not optimal but is the best workaround until // ArgoUML can provide its own replacement SelectionManager for // sequence diagram requirements // See - http://gef.tigris.org/issues/show_bug.cgi?id=344 """"""",DESIGN,DESIGN
"Self-admitted technical debt (SATD) is technical debt admitted by the developer through source code comments.
There are five types of software technical debts:

Implementation: Bad coding practices leading to poor legibility of code, making it difficult to understand and maintain.
Test: Problems found in implementations involving testing or monitoring subcomponents.
Defect: Identified defects in the system that should be addressed.
Design: Areas which violate good software design practices, causing poor flexibility to evolving business needs.
Documentation: Inadequate documentation that exists within the software system.

Choose and assign ONE label among: Implementation, Test, Defect, Design, or Documentation.

### Technical debt comment: """""" // Should the TestBean be hidden? """"""",DESIGN,TEST
"Self-admitted technical debt (SATD) is technical debt admitted by the developer through source code comments.
There are five types of software technical debts:

Implementation: Bad coding practices leading to poor legibility of code, making it difficult to understand and maintain.
Test: Problems found in implementations involving testing or monitoring subcomponents.
Defect: Identified defects in the system that should be addressed.
Design: Areas which violate good software design practices, causing poor flexibility to evolving business needs.
Documentation: Inadequate documentation that exists within the software system.

Choose and assign ONE label among: Implementation, Test, Defect, Design, or Documentation.

### Technical debt comment: """""" // TODO: We need a factory pattern for GoXXX classes that can determine if they are required """"""",DESIGN,DESIGN
"Self-admitted technical debt (SATD) is technical debt admitted by the developer through source code comments.
There are five types of software technical debts:

Implementation: Bad coding practices leading to poor legibility of code, making it difficult to understand and maintain.
Test: Problems found in implementations involving testing or monitoring subcomponents.
Defect: Identified defects in the system that should be addressed.
Design: Areas which violate good software design practices, causing poor flexibility to evolving business needs.
Documentation: Inadequate documentation that exists within the software system.

Choose and assign ONE label among: Implementation, Test, Defect, Design, or Documentation.

### Technical debt comment: """""" /**
     * The constructor.
     *
     * @param expressionModel
     *            Expression model, should be shared between Language and Body
     *            fields
     * @param notify
     *            Set to true to forward events to model. Only one of Language
     *            and Body fields should have this set to true.
     *            TODO: MVW: I do not understand that.
     */ """"""",DESIGN,DESIGN
"Self-admitted technical debt (SATD) is technical debt admitted by the developer through source code comments.
There are five types of software technical debts:

Implementation: Bad coding practices leading to poor legibility of code, making it difficult to understand and maintain.
Test: Problems found in implementations involving testing or monitoring subcomponents.
Defect: Identified defects in the system that should be addressed.
Design: Areas which violate good software design practices, causing poor flexibility to evolving business needs.
Documentation: Inadequate documentation that exists within the software system.

Choose and assign ONE label among: Implementation, Test, Defect, Design, or Documentation.

### Technical debt comment: """""" /**
     * TODO: This name of the expression language should be
     * configurable by the user. <p>
     *
     * According to the UML standard,
     * the expression language should be the same
     * for all elements in one diagram. <p>
     *
     * UML is not a sensible default - usually this is some pseudo-language.
     *
     * @return the name of the expression language
     */ """"""",IMPLEMENTATION,DESIGN
"Self-admitted technical debt (SATD) is technical debt admitted by the developer through source code comments.
There are five types of software technical debts:

Implementation: Bad coding practices leading to poor legibility of code, making it difficult to understand and maintain.
Test: Problems found in implementations involving testing or monitoring subcomponents.
Defect: Identified defects in the system that should be addressed.
Design: Areas which violate good software design practices, causing poor flexibility to evolving business needs.
Documentation: Inadequate documentation that exists within the software system.

Choose and assign ONE label among: Implementation, Test, Defect, Design, or Documentation.

### Technical debt comment: """""" // todo : should we check the current isolation mode explicitly? """"""",DESIGN,DESIGN
"Self-admitted technical debt (SATD) is technical debt admitted by the developer through source code comments.
There are five types of software technical debts:

Implementation: Bad coding practices leading to poor legibility of code, making it difficult to understand and maintain.
Test: Problems found in implementations involving testing or monitoring subcomponents.
Defect: Identified defects in the system that should be addressed.
Design: Areas which violate good software design practices, causing poor flexibility to evolving business needs.
Documentation: Inadequate documentation that exists within the software system.

Choose and assign ONE label among: Implementation, Test, Defect, Design, or Documentation.

### Technical debt comment: """""" // TODO (@author waffel): encrypt AND sign dosN#t work. The message is // always only // encrypted. We need a function that knows, here // is an encrypted AND signed Message. Thus first encyrpt and then // verifySign the message // if this message is signed/encrypted we have to use // GnuPG to extract the decrypted bodypart // - multipart/encrypted // - multipart/signed """"""",DESIGN,DESIGN
"Self-admitted technical debt (SATD) is technical debt admitted by the developer through source code comments.
There are five types of software technical debts:

Implementation: Bad coding practices leading to poor legibility of code, making it difficult to understand and maintain.
Test: Problems found in implementations involving testing or monitoring subcomponents.
Defect: Identified defects in the system that should be addressed.
Design: Areas which violate good software design practices, causing poor flexibility to evolving business needs.
Documentation: Inadequate documentation that exists within the software system.

Choose and assign ONE label among: Implementation, Test, Defect, Design, or Documentation.

### Technical debt comment: """""" // this is such a bad way of doing it, but oh well... """"""",DESIGN,DESIGN
"Self-admitted technical debt (SATD) is technical debt admitted by the developer through source code comments.
There are five types of software technical debts:

Implementation: Bad coding practices leading to poor legibility of code, making it difficult to understand and maintain.
Test: Problems found in implementations involving testing or monitoring subcomponents.
Defect: Identified defects in the system that should be addressed.
Design: Areas which violate good software design practices, causing poor flexibility to evolving business needs.
Documentation: Inadequate documentation that exists within the software system.

Choose and assign ONE label among: Implementation, Test, Defect, Design, or Documentation.

### Technical debt comment: """""" //stolen from writeManifest """"""",DESIGN,DESIGN
"Self-admitted technical debt (SATD) is technical debt admitted by the developer through source code comments.
There are five types of software technical debts:

Implementation: Bad coding practices leading to poor legibility of code, making it difficult to understand and maintain.
Test: Problems found in implementations involving testing or monitoring subcomponents.
Defect: Identified defects in the system that should be addressed.
Design: Areas which violate good software design practices, causing poor flexibility to evolving business needs.
Documentation: Inadequate documentation that exists within the software system.

Choose and assign ONE label among: Implementation, Test, Defect, Design, or Documentation.

### Technical debt comment: """""" // TODO: ActionState, CallState, and SubactivityState have been replaced // in UML 2.0 by explicitly modeled Actions """"""",DESIGN,DESIGN
"Self-admitted technical debt (SATD) is technical debt admitted by the developer through source code comments.
There are five types of software technical debts:

Implementation: Bad coding practices leading to poor legibility of code, making it difficult to understand and maintain.
Test: Problems found in implementations involving testing or monitoring subcomponents.
Defect: Identified defects in the system that should be addressed.
Design: Areas which violate good software design practices, causing poor flexibility to evolving business needs.
Documentation: Inadequate documentation that exists within the software system.

Choose and assign ONE label among: Implementation, Test, Defect, Design, or Documentation.

### Technical debt comment: """""" //??? For now, use the same renderer as everyone else. //?? //?? IN FUTURE: change this to use a new instance of renederer //?? for this data type. """"""",DESIGN,DESIGN
"Self-admitted technical debt (SATD) is technical debt admitted by the developer through source code comments.
There are five types of software technical debts:

Implementation: Bad coding practices leading to poor legibility of code, making it difficult to understand and maintain.
Test: Problems found in implementations involving testing or monitoring subcomponents.
Defect: Identified defects in the system that should be addressed.
Design: Areas which violate good software design practices, causing poor flexibility to evolving business needs.
Documentation: Inadequate documentation that exists within the software system.

Choose and assign ONE label among: Implementation, Test, Defect, Design, or Documentation.

### Technical debt comment: """""" // TODO: Why aren't we throwing an exception here? // Returning null results in NPE and no explanation why. """"""",IMPLEMENTATION,IMPLEMENTATION
"Self-admitted technical debt (SATD) is technical debt admitted by the developer through source code comments.
There are five types of software technical debts:

Implementation: Bad coding practices leading to poor legibility of code, making it difficult to understand and maintain.
Test: Problems found in implementations involving testing or monitoring subcomponents.
Defect: Identified defects in the system that should be addressed.
Design: Areas which violate good software design practices, causing poor flexibility to evolving business needs.
Documentation: Inadequate documentation that exists within the software system.

Choose and assign ONE label among: Implementation, Test, Defect, Design, or Documentation.

### Technical debt comment: """""" /**
     * TODO: This function attempts to optimize the more generic
     * code in the parent, which also works correctly in this case.
     * Is this a good idea?
     */ """"""",DESIGN,DESIGN
"Self-admitted technical debt (SATD) is technical debt admitted by the developer through source code comments.
There are five types of software technical debts:

Implementation: Bad coding practices leading to poor legibility of code, making it difficult to understand and maintain.
Test: Problems found in implementations involving testing or monitoring subcomponents.
Defect: Identified defects in the system that should be addressed.
Design: Areas which violate good software design practices, causing poor flexibility to evolving business needs.
Documentation: Inadequate documentation that exists within the software system.

Choose and assign ONE label among: Implementation, Test, Defect, Design, or Documentation.

### Technical debt comment: """""" /*
         * The UML 2.x package structure is *entirely* different, so we have to
         * remap a bunch of stuff. Names without embedded colons (:) indicate
         * that the entire package is remapped. e.g. Kernel->Core As a matter of
         * fact the only package which did NOT get renamed or moved is UseCases.
         * 
         * TODO: This section is very incomplete. - tfm
         */ """"""",DESIGN,DESIGN
"Self-admitted technical debt (SATD) is technical debt admitted by the developer through source code comments.
There are five types of software technical debts:

Implementation: Bad coding practices leading to poor legibility of code, making it difficult to understand and maintain.
Test: Problems found in implementations involving testing or monitoring subcomponents.
Defect: Identified defects in the system that should be addressed.
Design: Areas which violate good software design practices, causing poor flexibility to evolving business needs.
Documentation: Inadequate documentation that exists within the software system.

Choose and assign ONE label among: Implementation, Test, Defect, Design, or Documentation.

### Technical debt comment: """""" /**
     * Builds a compositestate as top for some statemachine.<p>
     * TODO: Confusing name: this method should better
     * be named buildTopStateOnStateMachine.
     *
     * @param statemachine The given statemachine
     * @return MCompositeState The newly build top state
     * @see #buildCompositeState(Object)
     */ """"""",DESIGN,DESIGN
"Self-admitted technical debt (SATD) is technical debt admitted by the developer through source code comments.
There are five types of software technical debts:

Implementation: Bad coding practices leading to poor legibility of code, making it difficult to understand and maintain.
Test: Problems found in implementations involving testing or monitoring subcomponents.
Defect: Identified defects in the system that should be addressed.
Design: Areas which violate good software design practices, causing poor flexibility to evolving business needs.
Documentation: Inadequate documentation that exists within the software system.

Choose and assign ONE label among: Implementation, Test, Defect, Design, or Documentation.

### Technical debt comment: """""" // TODO: don't require pop """"""",DEFECT,DEFECT
"Self-admitted technical debt (SATD) is technical debt admitted by the developer through source code comments.
There are five types of software technical debts:

Implementation: Bad coding practices leading to poor legibility of code, making it difficult to understand and maintain.
Test: Problems found in implementations involving testing or monitoring subcomponents.
Defect: Identified defects in the system that should be addressed.
Design: Areas which violate good software design practices, causing poor flexibility to evolving business needs.
Documentation: Inadequate documentation that exists within the software system.

Choose and assign ONE label among: Implementation, Test, Defect, Design, or Documentation.

### Technical debt comment: """""" // TODO:  move the above to the plot state """"""",DESIGN,DESIGN
"Self-admitted technical debt (SATD) is technical debt admitted by the developer through source code comments.
There are five types of software technical debts:

Implementation: Bad coding practices leading to poor legibility of code, making it difficult to understand and maintain.
Test: Problems found in implementations involving testing or monitoring subcomponents.
Defect: Identified defects in the system that should be addressed.
Design: Areas which violate good software design practices, causing poor flexibility to evolving business needs.
Documentation: Inadequate documentation that exists within the software system.

Choose and assign ONE label among: Implementation, Test, Defect, Design, or Documentation.

### Technical debt comment: """""" // SSS FIXME: Should I be returning the operand constructed here? """"""",IMPLEMENTATION,DESIGN
"Self-admitted technical debt (SATD) is technical debt admitted by the developer through source code comments.
There are five types of software technical debts:

Implementation: Bad coding practices leading to poor legibility of code, making it difficult to understand and maintain.
Test: Problems found in implementations involving testing or monitoring subcomponents.
Defect: Identified defects in the system that should be addressed.
Design: Areas which violate good software design practices, causing poor flexibility to evolving business needs.
Documentation: Inadequate documentation that exists within the software system.

Choose and assign ONE label among: Implementation, Test, Defect, Design, or Documentation.

### Technical debt comment: """""" // TODO: it might be a good idea to keep a reference to the color // specified in setPaint() or setColor(), rather than creating a // new object every time getPaint() is called. """"""",DESIGN,DESIGN
"Self-admitted technical debt (SATD) is technical debt admitted by the developer through source code comments.
There are five types of software technical debts:

Implementation: Bad coding practices leading to poor legibility of code, making it difficult to understand and maintain.
Test: Problems found in implementations involving testing or monitoring subcomponents.
Defect: Identified defects in the system that should be addressed.
Design: Areas which violate good software design practices, causing poor flexibility to evolving business needs.
Documentation: Inadequate documentation that exists within the software system.

Choose and assign ONE label among: Implementation, Test, Defect, Design, or Documentation.

### Technical debt comment: """""" // This functionality should eventually go away, as it is replaced by model exporters. // We'll just delegate to the deprecated GenPackage method. The monitor isn't used, so we won't pass it. // """"""",DESIGN,DESIGN
"Self-admitted technical debt (SATD) is technical debt admitted by the developer through source code comments.
There are five types of software technical debts:

Implementation: Bad coding practices leading to poor legibility of code, making it difficult to understand and maintain.
Test: Problems found in implementations involving testing or monitoring subcomponents.
Defect: Identified defects in the system that should be addressed.
Design: Areas which violate good software design practices, causing poor flexibility to evolving business needs.
Documentation: Inadequate documentation that exists within the software system.

Choose and assign ONE label among: Implementation, Test, Defect, Design, or Documentation.

### Technical debt comment: """""" // TODO: Move to GEF """"""",DESIGN,DESIGN
"Self-admitted technical debt (SATD) is technical debt admitted by the developer through source code comments.
There are five types of software technical debts:

Implementation: Bad coding practices leading to poor legibility of code, making it difficult to understand and maintain.
Test: Problems found in implementations involving testing or monitoring subcomponents.
Defect: Identified defects in the system that should be addressed.
Design: Areas which violate good software design practices, causing poor flexibility to evolving business needs.
Documentation: Inadequate documentation that exists within the software system.

Choose and assign ONE label among: Implementation, Test, Defect, Design, or Documentation.

### Technical debt comment: """""" // XXX: hypotheses no qualifiers (I don't know) """"""",IMPLEMENTATION,DESIGN
"Self-admitted technical debt (SATD) is technical debt admitted by the developer through source code comments.
There are five types of software technical debts:

Implementation: Bad coding practices leading to poor legibility of code, making it difficult to understand and maintain.
Test: Problems found in implementations involving testing or monitoring subcomponents.
Defect: Identified defects in the system that should be addressed.
Design: Areas which violate good software design practices, causing poor flexibility to evolving business needs.
Documentation: Inadequate documentation that exists within the software system.

Choose and assign ONE label among: Implementation, Test, Defect, Design, or Documentation.

### Technical debt comment: """""" //TODO: need to make the majority of this functionality into a top-level support class for custom impl support """"""",DESIGN,DESIGN
"Self-admitted technical debt (SATD) is technical debt admitted by the developer through source code comments.
There are five types of software technical debts:

Implementation: Bad coding practices leading to poor legibility of code, making it difficult to understand and maintain.
Test: Problems found in implementations involving testing or monitoring subcomponents.
Defect: Identified defects in the system that should be addressed.
Design: Areas which violate good software design practices, causing poor flexibility to evolving business needs.
Documentation: Inadequate documentation that exists within the software system.

Choose and assign ONE label among: Implementation, Test, Defect, Design, or Documentation.

### Technical debt comment: """""" // TODO (@author fdietz): All this code for creating a new // IMAPRootFolder should // be moved to a FolderFactory // -> this way ""path"" would be handled in the factory, too // parent directory for mail folders // for example: "".columba/mail/"" // String path = // MailConfig.getInstance().getConfigDirectory().getPath(); """"""",DESIGN,DESIGN
"Self-admitted technical debt (SATD) is technical debt admitted by the developer through source code comments.
There are five types of software technical debts:

Implementation: Bad coding practices leading to poor legibility of code, making it difficult to understand and maintain.
Test: Problems found in implementations involving testing or monitoring subcomponents.
Defect: Identified defects in the system that should be addressed.
Design: Areas which violate good software design practices, causing poor flexibility to evolving business needs.
Documentation: Inadequate documentation that exists within the software system.

Choose and assign ONE label among: Implementation, Test, Defect, Design, or Documentation.

### Technical debt comment: """""" //TODO: validate existing of property with the chosen name. (secondpass ) """"""",IMPLEMENTATION,IMPLEMENTATION
"Self-admitted technical debt (SATD) is technical debt admitted by the developer through source code comments.
There are five types of software technical debts:

Implementation: Bad coding practices leading to poor legibility of code, making it difficult to understand and maintain.
Test: Problems found in implementations involving testing or monitoring subcomponents.
Defect: Identified defects in the system that should be addressed.
Design: Areas which violate good software design practices, causing poor flexibility to evolving business needs.
Documentation: Inadequate documentation that exists within the software system.

Choose and assign ONE label among: Implementation, Test, Defect, Design, or Documentation.

### Technical debt comment: """""" // TODO: figure out a more reliable way to handle OTHER type // which indicates a database-specific type. """"""",DESIGN,DESIGN
"Self-admitted technical debt (SATD) is technical debt admitted by the developer through source code comments.
There are five types of software technical debts:

Implementation: Bad coding practices leading to poor legibility of code, making it difficult to understand and maintain.
Test: Problems found in implementations involving testing or monitoring subcomponents.
Defect: Identified defects in the system that should be addressed.
Design: Areas which violate good software design practices, causing poor flexibility to evolving business needs.
Documentation: Inadequate documentation that exists within the software system.

Choose and assign ONE label among: Implementation, Test, Defect, Design, or Documentation.

### Technical debt comment: """""" // TODO: make sure it's really safe to not to copy it """"""",DEFECT,IMPLEMENTATION
"Self-admitted technical debt (SATD) is technical debt admitted by the developer through source code comments.
There are five types of software technical debts:

Implementation: Bad coding practices leading to poor legibility of code, making it difficult to understand and maintain.
Test: Problems found in implementations involving testing or monitoring subcomponents.
Defect: Identified defects in the system that should be addressed.
Design: Areas which violate good software design practices, causing poor flexibility to evolving business needs.
Documentation: Inadequate documentation that exists within the software system.

Choose and assign ONE label among: Implementation, Test, Defect, Design, or Documentation.

### Technical debt comment: """""" // defer argument checking """"""",DESIGN,DESIGN
"Self-admitted technical debt (SATD) is technical debt admitted by the developer through source code comments.
There are five types of software technical debts:

Implementation: Bad coding practices leading to poor legibility of code, making it difficult to understand and maintain.
Test: Problems found in implementations involving testing or monitoring subcomponents.
Defect: Identified defects in the system that should be addressed.
Design: Areas which violate good software design practices, causing poor flexibility to evolving business needs.
Documentation: Inadequate documentation that exists within the software system.

Choose and assign ONE label among: Implementation, Test, Defect, Design, or Documentation.

### Technical debt comment: """""" // TODO: Make the running indicator its own class instead of a JButton """"""",DESIGN,DESIGN
"Self-admitted technical debt (SATD) is technical debt admitted by the developer through source code comments.
There are five types of software technical debts:

Implementation: Bad coding practices leading to poor legibility of code, making it difficult to understand and maintain.
Test: Problems found in implementations involving testing or monitoring subcomponents.
Defect: Identified defects in the system that should be addressed.
Design: Areas which violate good software design practices, causing poor flexibility to evolving business needs.
Documentation: Inadequate documentation that exists within the software system.

Choose and assign ONE label among: Implementation, Test, Defect, Design, or Documentation.

### Technical debt comment: """""" // hack to reduce the need to load every class in non-GUI mode, which only needs functions // TODO perhaps use BCEL to scan class files instead? // class name should contain this string // class name should not contain this string """"""",DESIGN,DESIGN
"Self-admitted technical debt (SATD) is technical debt admitted by the developer through source code comments.
There are five types of software technical debts:

Implementation: Bad coding practices leading to poor legibility of code, making it difficult to understand and maintain.
Test: Problems found in implementations involving testing or monitoring subcomponents.
Defect: Identified defects in the system that should be addressed.
Design: Areas which violate good software design practices, causing poor flexibility to evolving business needs.
Documentation: Inadequate documentation that exists within the software system.

Choose and assign ONE label among: Implementation, Test, Defect, Design, or Documentation.

### Technical debt comment: """""" /*
			Original note: Jdk under Win is throwing these to
			warn about lower case / upper case possible mismatch.
			e.g. bsh.console bsh.Console
	
			Update: Prior to 1.3 we were squeltching NoClassDefFoundErrors 
			which was very annoying.  I cannot reproduce the original problem 
			and this was never a valid solution.  If there are legacy VMs that
			have problems we can include a more specific test for them here.
		*/ """"""",DEFECT,DESIGN
"Self-admitted technical debt (SATD) is technical debt admitted by the developer through source code comments.
There are five types of software technical debts:

Implementation: Bad coding practices leading to poor legibility of code, making it difficult to understand and maintain.
Test: Problems found in implementations involving testing or monitoring subcomponents.
Defect: Identified defects in the system that should be addressed.
Design: Areas which violate good software design practices, causing poor flexibility to evolving business needs.
Documentation: Inadequate documentation that exists within the software system.

Choose and assign ONE label among: Implementation, Test, Defect, Design, or Documentation.

### Technical debt comment: """""" //TODO: design new lifecycle for ProxyFactory """"""",DESIGN,DESIGN
